,sample_id,donor,layer,array_row,array_col,pxl_row,pxl_col
151507_AAACAAGTATCTCCCA-1,151507,Br5292,L3,50,102,8520,9178
151507_AAACAATCTACTAGCA-1,151507,Br5292,L1,3,43,2878,5133
151507_AAACACCAATAACTGC-1,151507,Br5292,WM,59,19,9581,3462
151507_AAACAGCTTTCAGAAG-1,151507,Br5292,L6,43,9,7663,2779
151507_AAACAGGGTCTATATT-1,151507,Br5292,L6,47,13,8143,3053
151507_AAACAGTGTTCCTGGG-1,151507,Br5292,WM,73,43,11263,5109
151507_AAACCGGGTAGGTACC-1,151507,Br5292,L5,42,28,7547,4087
151507_AAACGACAGTCTTGCC-1,151507,Br5292,L3,2,118,2774,10297
151507_AAACGGGCGTACGGGT-1,151507,Br5292,L5,65,91,10315,8416
151507_AAACGGGTTGGTATCC-1,151507,Br5292,L1,1,23,2635,3757
151507_AAACTAACGTGGCGAC-1,151507,Br5292,L1,8,110,3491,9744
151507_AAACTTGCAAACGTAT-1,151507,Br5292,L6,45,19,7904,3466
151507_AAAGAATGTGGACTAA-1,151507,Br5292,L6,71,105,11036,9377
151507_AAAGACATGAAGTTTA-1,151507,Br5292,L2,0,92,2529,8508
151507_AAAGGCTCTCGCGCCG-1,151507,Br5292,L6,55,55,9109,5941
151507_AAAGGGATGTAGCAAG-1,151507,Br5292,L3,24,62,5398,6434
151507_AAAGTCGACCCTCAGT-1,151507,Br5292,L5,37,15,6945,3194
151507_AAAGTTGACTCCCGTA-1,151507,Br5292,L3,42,96,7561,8768
151507_AAATGATTCGATCAGC-1,151507,Br5292,L1,21,111,5048,9808
151507_AAATGGCATGTCTTGT-1,151507,Br5292,L1,13,69,4082,6920
151507_AAATGGTCAATGTGCC-1,151507,Br5292,L3,33,51,6474,5674
151507_AAATGTGGGTGCTCCT-1,151507,Br5292,L1,2,54,2761,5891
151507_AAATTAACGGGTAGCT-1,151507,Br5292,L3,34,58,6595,6155
151507_AAATTAATAAGCGCGA-1,151507,Br5292,L5,32,4,6344,2438
151507_AAATTGGTGAGAAGCA-1,151507,Br5292,L1,15,119,4331,10361
151507_AACAATACATTGTCGA-1,151507,Br5292,WM,61,37,9825,4700
151507_AACATATCAACTGGTG-1,151507,Br5292,L1,27,99,5765,8980
151507_AACATTGGTCAGCCGT-1,151507,Br5292,L2,3,17,2873,3344
151507_AACCCGATAGGGCTTC-1,151507,Br5292,L3,5,125,3135,10778
151507_AACCCTACTGTCAATA-1,151507,Br5292,L3,40,96,7321,8769
151507_AACCCTGGTGGAACCA-1,151507,Br5292,L1,8,70,3483,6990
151507_AACGCATGATCTGGGT-1,151507,Br5292,L1,20,104,4927,9327
151507_AACGCGAACGGCAACA-1,151507,Br5292,L3,8,22,3473,3686
151507_AACGCGACCTTGGGCG-1,151507,Br5292,WM,67,53,10546,5799
151507_AACGCTGTTGCTGAAA-1,151507,Br5292,L4,54,94,8998,8626
151507_AACGTACTGTGGGTAC-1,151507,Br5292,L5,48,42,8268,5049
151507_AACTAGGCTTGGGTGT-1,151507,Br5292,L5,55,61,9111,6354
151507_AACTCTCAGTGTGCTC-1,151507,Br5292,L6,53,41,8867,4978
151507_AACTTGCCCGTATGCA-1,151507,Br5292,L4,29,27,5990,4023
151507_AACTTTCTCGATCATG-1,151507,Br5292,L1,22,124,5171,10703
151507_AAGAAGGATCAGTTAG-1,151507,Br5292,L3,13,25,4073,3891
151507_AAGACTCACGCCCACT-1,151507,Br5292,L2,1,95,2649,8714
151507_AAGAGGCATGGATCGC-1,151507,Br5292,L3,36,80,6839,7669
151507_AAGCCGCTTTACCTTG-1,151507,Br5292,L1,19,125,4812,10773
151507_AAGGAGAACTTATAAG-1,151507,Br5292,L1,3,57,2881,6097
151507_AAGGATCGATCGCTTG-1,151507,Br5292,L3,39,109,7204,9664
151507_AAGGCTGTGCTCATCG-1,151507,Br5292,L3,30,46,6113,5330
151507_AAGGTATCCTAATATA-1,151507,Br5292,L2,25,81,5521,7742
151507_AAGTCAATTGTCGTCA-1,151507,Br5292,L3,45,101,7921,9111
151507_AAGTTTACTAATGGCA-1,151507,Br5292,L1,5,61,3122,6372
151507_AAGTTTATGGGCCCAA-1,151507,Br5292,L6,68,70,10670,6969
151507_AATACCTGATGTGAAC-1,151507,Br5292,L6,74,100,11394,9032
151507_AATAGCAAGCCTCCTG-1,151507,Br5292,L2,7,111,3371,9813
151507_AATCAGACTGCAGGAC-1,151507,Br5292,L2,5,23,3114,3756
151507_AATCTATGCCGGAGCC-1,151507,Br5292,L1,26,110,5647,9738
151507_AATGACAGCAATGTCT-1,151507,Br5292,L6,48,30,8266,4223
151507_AATGCACCAAGCAATG-1,151507,Br5292,L1,19,97,4806,8845
151507_AATGGTCCACCGTTCA-1,151507,Br5292,L5,30,16,6107,3265
151507_AATGTTAAGACCCTGA-1,151507,Br5292,L6,75,81,11510,7724
151507_AATTAACGGATTTCCA-1,151507,Br5292,L5,58,66,9471,6697
151507_AATTCCAACTTGGTGA-1,151507,Br5292,L2,3,13,2872,3068
151507_AATTCGATTCGAGGAT-1,151507,Br5292,L6,66,76,10431,7383
151507_AATTCTAGAGTTAGGC-1,151507,Br5292,L5,49,63,8392,6494
151507_AATTGCAGCAATCGAC-1,151507,Br5292,L5,64,102,10197,9173
151507_AATTTGGGACATAGTA-1,151507,Br5292,L1,13,91,4086,8434
151507_ACAAGGCCTACCAGCC-1,151507,Br5292,L2,4,106,3011,9470
151507_ACAATCGATCTTTATA-1,151507,Br5292,L1,2,62,2763,6442
151507_ACAATTGTGTCTCTTT-1,151507,Br5292,L4,51,97,8639,8834
151507_ACACAAAGACGGGTGG-1,151507,Br5292,L3,24,56,5397,6021
151507_ACACAAATATTCCTAG-1,151507,Br5292,L1,14,124,4213,10706
151507_ACACATTGACGCAACA-1,151507,Br5292,L3,8,8,3470,2722
151507_ACACATTTCCGTAGAC-1,151507,Br5292,WM,73,67,11268,6761
151507_ACACCACATAATTAGC-1,151507,Br5292,L1,31,117,6247,10218
151507_ACACCTTACTACTTGC-1,151507,Br5292,L3,41,111,7444,9801
151507_ACACGAGACTCCTTCT-1,151507,Br5292,L3,31,71,6238,7051
151507_ACACGGCACTATGCAT-1,151507,Br5292,L1,7,71,3363,7060
151507_ACACTGGGACAGTCGT-1,151507,Br5292,L4,59,115,9601,10070
151507_ACATCGTTAACCTAGT-1,151507,Br5292,L1,9,75,3604,7334
151507_ACATCTCAACGCGTAA-1,151507,Br5292,L1,4,74,3005,7267
151507_ACATGGCTCAATTTAG-1,151507,Br5292,L3,8,14,3472,3135
151507_ACATTAGTTTATATCC-1,151507,Br5292,L5,51,61,8632,6356
151507_ACCACAAGTTTCTATC-1,151507,Br5292,L3,30,54,6115,5881
151507_ACCATTAAGGGTGTCA-1,151507,Br5292,L3,13,5,4069,2514
151507_ACCCATTTGTCCCTCT-1,151507,Br5292,L5,60,100,9718,9037
151507_ACCCGAGCGAAATTAC-1,151507,Br5292,WM,61,29,9823,4149
151507_ACCCGATTGGTTCCGA-1,151507,Br5292,WM,69,35,10782,4559
151507_ACCCGTAGTCTAGTTG-1,151507,Br5292,L5,68,118,10679,10273
151507_ACCCTCCCTTGCTATT-1,151507,Br5292,L4,48,84,8277,7940
151507_ACCGAAAGGGCCCTGC-1,151507,Br5292,L1,9,53,3599,5820
151507_ACCGGGCCTTTGTTGA-1,151507,Br5292,L3,46,98,8040,8904
151507_ACCGGTCTGAGTACGG-1,151507,Br5292,L2,4,100,3010,9057
151507_ACCGTGACCACGTGGG-1,151507,Br5292,WM,61,39,9825,4838
151507_ACCTTTCCTTTAGAAG-1,151507,Br5292,L1,0,66,2524,6718
151507_ACGATCATACATAGAG-1,151507,Br5292,L3,25,63,5518,6502
151507_ACGGCGACGATGGGAA-1,151507,Br5292,L4,49,77,8395,7458
151507_ACGGTACAGTTCAATG-1,151507,Br5292,L6,71,97,11034,8827
151507_ACGTACAGATTTCTCT-1,151507,Br5292,L1,10,66,3722,6714
151507_ACGTCCTAAACGAGAT-1,151507,Br5292,L1,0,62,2523,6442
151507_ACGTCTCGTTCCGGGA-1,151507,Br5292,L6,44,6,7782,2572
151507_ACGTTAATGTCGAAGA-1,151507,Br5292,L3,41,69,7435,6910
151507_ACGTTCGTTCAGGAAA-1,151507,Br5292,WM,60,44,9706,5182
151507_ACGTTTAGTTGTGATC-1,151507,Br5292,L1,14,68,4201,6851
151507_ACTAGTTGCGATCGTC-1,151507,Br5292,L3,50,104,8521,9316
151507_ACTCAATAAAGGCACG-1,151507,Br5292,L3,25,69,5519,6915
151507_ACTCCCGAATTCGTTT-1,151507,Br5292,L2,32,104,6364,9322
151507_ACTCCCTAATGCTAAA-1,151507,Br5292,L5,57,69,9352,6904
151507_ACTCCGGCCGACCACT-1,151507,Br5292,L6,70,90,10913,8345
151507_ACTCGATGTATTTCAT-1,151507,Br5292,L3,18,10,4669,2856
151507_ACTGGCGAACCTGCGT-1,151507,Br5292,L2,10,126,3734,10845
151507_ACTGTGCTAGTAGATC-1,151507,Br5292,L3,13,31,4074,4304
151507_ACTTAGTACGACAAGA-1,151507,Br5292,L3,14,32,4194,4372
151507_ACTTATCTGATCTATA-1,151507,Br5292,L1,0,32,2517,4377
151507_ACTTCAGGCTGATCCC-1,151507,Br5292,L4,51,81,8636,7732
151507_ACTTCCTGTCGTGCGA-1,151507,Br5292,L3,0,120,2535,10435
151507_AGAAGGTTGCCGAATT-1,151507,Br5292,L5,42,44,7550,5189
151507_AGAAGGTTGTAGGTCG-1,151507,Br5292,L6,64,78,10192,7521
151507_AGAATTGTTTGACATA-1,151507,Br5292,L3,17,23,4551,3752
151507_AGACGGGATTGGTATA-1,151507,Br5292,L1,1,79,2646,7612
151507_AGAGAAACACCAGAAA-1,151507,Br5292,WM,68,34,10662,4491
151507_AGAGCGTACAAGCTCG-1,151507,Br5292,L3,24,28,5391,4093
151507_AGATACCAGCACTTCA-1,151507,Br5292,L1,16,118,4451,10292
151507_AGATACGACTTCATAT-1,151507,Br5292,L3,15,35,4314,4578
151507_AGATACTCAAGATCGA-1,151507,Br5292,L4,46,82,8037,7803
151507_AGATTATAGGACGTTT-1,151507,Br5292,L3,36,54,6833,5879
151507_AGCAAAGGCCGCTAGT-1,151507,Br5292,L6,60,72,9712,7110
151507_AGCACCAGTACTCACG-1,151507,Br5292,L3,27,65,5758,6639
151507_AGCACTTAAGGACGCC-1,151507,Br5292,L4,31,35,6231,4573
151507_AGCAGAAGGAGAAAGA-1,151507,Br5292,L6,64,68,10190,6833
151507_AGCAGTCGAAGCATGC-1,151507,Br5292,L6,74,84,11391,7931
151507_AGCCACAGGTTACCCG-1,151507,Br5292,L5,63,89,10075,8279
151507_AGCCCGGTAGCCTGTA-1,151507,Br5292,WM,61,49,9827,5526
151507_AGCCCTAAGCGAAGTT-1,151507,Br5292,L2,15,65,4320,6644
151507_AGCCGCAAATTCAAAT-1,151507,Br5292,L6,37,3,6943,2368
151507_AGCCTTAAAGCGGAAG-1,151507,Br5292,L3,21,15,5029,3200
151507_AGCGACATCCCATTCA-1,151507,Br5292,L2,17,59,4559,6230
151507_AGCGCATAATGAATCG-1,151507,Br5292,L6,57,55,9349,5940
151507_AGCGGTTGCCGCTCTG-1,151507,Br5292,L1,18,116,4690,10153
151507_AGCGTCTGAACCCGCA-1,151507,Br5292,L2,6,36,3236,4651
151507_AGCTAACAAGCAATGT-1,151507,Br5292,WM,61,33,9824,4425
151507_AGCTCCTTCGCACATC-1,151507,Br5292,L4,52,86,8756,8076
151507_AGCTCTTTACTCAGTT-1,151507,Br5292,L5,41,45,7431,5258
151507_AGCTGCTGTGCCGAAT-1,151507,Br5292,L3,1,113,2653,9953
151507_AGGAAAGCCTCTGATG-1,151507,Br5292,L3,5,13,3112,3068
151507_AGGAAGCTGTCCGCCG-1,151507,Br5292,L6,61,65,9830,6627
151507_AGGCTTCCCGAAGAAG-1,151507,Br5292,L5,50,42,8508,5048
151507_AGGGACCGGCTGCGTT-1,151507,Br5292,L3,36,110,6845,9734
151507_AGGGCGAGCAGCTGAT-1,151507,Br5292,L6,44,20,7785,3536
151507_AGGGCGTGATCGGCTA-1,151507,Br5292,L3,17,45,4556,5266
151507_AGGGCTGCAGTTACAG-1,151507,Br5292,L3,35,65,6716,6637
151507_AGGGTCGATGCGAACT-1,151507,Br5292,L3,37,97,6962,8839
151507_AGGGTGCTCTCGAGGG-1,151507,Br5292,L3,34,92,6602,8496
151507_AGGGTGTGCTACACGC-1,151507,Br5292,L3,3,121,2894,10503
151507_AGGGTTCCCTTTGGTT-1,151507,Br5292,L3,30,88,6122,8222
151507_AGTAACTATAGCAGCC-1,151507,Br5292,L6,71,107,11037,9515
151507_AGTAATCTAAGGGTGG-1,151507,Br5292,L6,74,88,11392,8206
151507_AGTACAGAAGCTTATA-1,151507,Br5292,L6,71,77,11030,7450
151507_AGTCAAGATGACACTT-1,151507,Br5292,L3,48,90,8278,8353
151507_AGTCCCGCCTTTAATT-1,151507,Br5292,L1,17,93,4566,8570
151507_AGTCGGCCCAAACGAC-1,151507,Br5292,L3,25,39,5513,4850
151507_AGTCTAAAGTATACTC-1,151507,Br5292,L1,29,111,6007,9805
151507_AGTGAGACTTCCAGTA-1,151507,Br5292,L3,35,87,6720,8151
151507_AGTGCGTAGCTCGTAA-1,151507,Br5292,L5,46,42,8029,5049
151507_AGTGCTTGCACGAATA-1,151507,Br5292,L3,41,89,7439,8287
151507_AGTGGCGGCAATTTGA-1,151507,Br5292,L1,24,94,5404,8637
151507_AGTGGTGTTACCCGTG-1,151507,Br5292,L6,47,9,8142,2777
151507_AGTGTGGTCTATTGTG-1,151507,Br5292,L3,21,23,5030,3750
151507_AGTTAAACACTTGCGA-1,151507,Br5292,L5,40,44,7311,5189
151507_AGTTAAGTCAACCGCT-1,151507,Br5292,L6,51,25,8624,3877
151507_AGTTCACCGGTTGGAC-1,151507,Br5292,L3,20,8,4908,2718
151507_AGTTCCTACAGAATTA-1,151507,Br5292,L3,30,50,6114,5606
151507_AGTTTGGCACGGGTTG-1,151507,Br5292,L3,48,102,8281,9179
151507_AGTTTGGCCAGACCTA-1,151507,Br5292,L6,47,31,8146,4292
151507_ATAAGCAAACACCGAG-1,151507,Br5292,L2,9,125,3614,10776
151507_ATAAGGTGGAGAACAT-1,151507,Br5292,L5,50,72,8514,7113
151507_ATACCAGGTGAGCGAT-1,151507,Br5292,L1,1,55,2641,5960
151507_ATACGGGTTTCGATTG-1,151507,Br5292,L2,22,82,5162,7811
151507_ATACGTCCACTCCTGT-1,151507,Br5292,L3,47,93,8159,8560
151507_ATACGTTATGCACGGA-1,151507,Br5292,L6,63,63,10069,6489
151507_ATACTACCCGTACCAC-1,151507,Br5292,L5,59,105,9599,9382
151507_ATACTGCCTTACACCG-1,151507,Br5292,L5,58,84,9475,7936
151507_ATACTTGTTCTCGAGC-1,151507,Br5292,L5,30,10,6106,2852
151507_ATATCTCCCTCGTTAA-1,151507,Br5292,L1,19,87,4804,8157
151507_ATATGGGATAGCAACT-1,151507,Br5292,WM,71,55,11026,5936
151507_ATATGTCTCCCTAGCC-1,151507,Br5292,L3,35,97,6722,8839
151507_ATATTCCACATAGTGA-1,151507,Br5292,L5,51,77,8635,7457
151507_ATATTCCCACAGGTCA-1,151507,Br5292,L1,11,59,3840,6232
151507_ATATTGCTGTCAAAGT-1,151507,Br5292,L3,18,32,4673,4371
151507_ATCAAGATCCCAGGAC-1,151507,Br5292,WM,72,58,11146,6142
151507_ATCAATCTGGGCTGCA-1,151507,Br5292,L3,33,65,6476,6637
151507_ATCACGTGCTAATTAA-1,151507,Br5292,L5,46,36,8028,4636
151507_ATCAGGTCGCCATTGC-1,151507,Br5292,L1,8,94,3488,8642
151507_ATCCACGCTAAATGTT-1,151507,Br5292,L1,5,83,3126,7886
151507_ATCCAGGATTCGTGAA-1,151507,Br5292,L5,40,46,7311,5327
151507_ATCCCATTTCCGTGGG-1,151507,Br5292,WM,71,57,11026,6073
151507_ATCGACCCAATACAGA-1,151507,Br5292,L4,43,63,7674,6496
151507_ATCGTTCACTTTCGCC-1,151507,Br5292,L1,10,94,3727,8642
151507_ATCTCCCTGCAATCTA-1,151507,Br5292,L1,16,72,4442,7125
151507_ATCTGGTTAAGACTGT-1,151507,Br5292,L3,26,76,5640,7397
151507_ATCTTTCGTATAACCA-1,151507,Br5292,L1,26,120,5649,10426
151507_ATGAGGAGTGTTAATC-1,151507,Br5292,L3,25,35,5512,4575
151507_ATGCGAGTCCCACCAC-1,151507,Br5292,L3,48,104,8281,9317
151507_ATGCTCAGTGTTGCAT-1,151507,Br5292,L3,21,29,5032,4163
151507_ATGGAACAGAATAAAC-1,151507,Br5292,L3,2,114,2773,10021
151507_ATGGAGCAGGCCGTGA-1,151507,Br5292,L3,36,66,6836,6705
151507_ATGGGAACGGAAGCGG-1,151507,Br5292,L1,4,88,3007,8231
151507_ATGGTCGCGTGGTTTC-1,151507,Br5292,L3,45,85,7918,8010
151507_ATGGTTACGAAACATG-1,151507,Br5292,L2,6,116,3253,10158
151507_ATGTACATGCGGTGAG-1,151507,Br5292,L5,64,112,10199,9862
151507_ATGTGGACATCTTGAT-1,151507,Br5292,L4,47,71,8154,7045
151507_ATTACCACACTGCCTG-1,151507,Br5292,L3,48,118,8284,10280
151507_ATTACGACTCCACAGT-1,151507,Br5292,L1,19,121,4811,10497
151507_ATTATAGCTACTTTAC-1,151507,Br5292,L2,33,115,6487,10079
151507_ATTATCGGAATGTACG-1,151507,Br5292,WM,69,57,10787,6074
151507_ATTATGCTCAGTATTG-1,151507,Br5292,L3,4,122,3014,10571
151507_ATTCAGGACCTATTTC-1,151507,Br5292,L1,20,98,4926,8914
151507_ATTCAGTAGCAGGGTC-1,151507,Br5292,L4,27,25,5750,3886
151507_ATTCATATACTGTCCA-1,151507,Br5292,L5,46,60,8032,6289
151507_ATTCCCACATAAACAA-1,151507,Br5292,L3,26,24,5630,3817
151507_ATTCGACGCCGGGCCT-1,151507,Br5292,L5,36,26,6828,3952
151507_ATTCGCGCCTTGAGAG-1,151507,Br5292,L5,65,107,10318,9517
151507_ATTCGTGCTATCTCTT-1,151507,Br5292,L3,42,110,7564,9732
151507_ATTCTCGTCTCTTTAG-1,151507,Br5292,L2,11,51,3838,5681
151507_ATTGAAGATCTTAGTG-1,151507,Br5292,L3,31,49,6234,5537
151507_ATTGGGAATATCTTGG-1,151507,Br5292,L2,12,52,3958,5750
151507_ATTTATACTGGTAAAG-1,151507,Br5292,WM,75,75,11509,7311
151507_ATTTGTCTTGGGAGCT-1,151507,Br5292,L3,40,84,7319,7943
151507_CAAACCCTCCGGCGGG-1,151507,Br5292,WM,70,70,10909,6968
151507_CAAACGAGTATCGCAG-1,151507,Br5292,L5,47,47,8150,5393
151507_CAAACGGTCGCACTTT-1,151507,Br5292,L3,30,40,6112,4917
151507_CAAATTGGATTATGCC-1,151507,Br5292,L1,22,116,5169,10152
151507_CAACAGAATAACGCTA-1,151507,Br5292,L2,1,93,2649,8576
151507_CAACGACCCGTTTACA-1,151507,Br5292,L3,20,50,4916,5609
151507_CAACGTGGTGGAGTCT-1,151507,Br5292,L4,55,113,9121,9934
151507_CAACTCCTTGATCCCG-1,151507,Br5292,L3,18,46,4676,5335
151507_CAACTGCTCATCCGAT-1,151507,Br5292,L6,59,55,9589,5940
151507_CAAGAGGGCGGAGTAC-1,151507,Br5292,L4,46,74,8035,7252
151507_CAAGGTCCTATAGGCT-1,151507,Br5292,L2,34,110,6605,9735
151507_CAAGTGAACTTTGGTT-1,151507,Br5292,L1,6,54,3240,5890
151507_CAATCCATTATCCGTT-1,151507,Br5292,L2,0,100,2531,9058
151507_CAATCCCTATACCAGC-1,151507,Br5292,L1,12,88,3966,8228
151507_CAATGGTCGGCCTGGG-1,151507,Br5292,L1,6,56,3240,6027
151507_CACACACGCTAACGAG-1,151507,Br5292,L4,55,103,9119,9245
151507_CACACAGCTTGCGCTC-1,151507,Br5292,L3,47,115,8163,10074
151507_CACACGTTTCAATGGG-1,151507,Br5292,L1,5,89,3127,8299
151507_CACAGCTAGGGAGTGA-1,151507,Br5292,L3,20,60,4918,6298
151507_CACATCGTGCACGCGC-1,151507,Br5292,WM,60,38,9705,4769
151507_CACATCTCACCGACGA-1,151507,Br5292,L5,57,75,9353,7317
151507_CACCCACACGTCACCC-1,151507,Br5292,L3,17,43,4555,5128
151507_CACCCACGAGGCAATT-1,151507,Br5292,L1,20,86,4923,8088
151507_CACCCGGTTTGTGACT-1,151507,Br5292,L6,53,39,8867,4840
151507_CACCCTTGGTGAGACC-1,151507,Br5292,WM,50,16,8503,3258
151507_CACCGCCAGAAGGTTT-1,151507,Br5292,L3,27,59,5756,6226
151507_CACCGTATCCCATCCG-1,151507,Br5292,L3,52,104,8760,9315
151507_CACCTTGGCGCCTTTG-1,151507,Br5292,L3,43,103,7682,9250
151507_CACGATTGGTCGTTAA-1,151507,Br5292,L1,0,50,2521,5616
151507_CACGCAGCGAGGCTTT-1,151507,Br5292,L3,31,43,6232,5124
151507_CACGGGATTGAGGGTT-1,151507,Br5292,L5,31,11,6226,2921
151507_CACGTCAATCAATGGA-1,151507,Br5292,L5,62,116,9960,10138
151507_CACGTTCGTGCTCTAG-1,151507,Br5292,L3,37,81,6959,7737
151507_CACTACGGGAGCTGCC-1,151507,Br5292,L5,59,107,9599,9519
151507_CACTCTCAAGCATCGA-1,151507,Br5292,WM,69,47,10785,5385
151507_CACTTCGCCACAGGCT-1,151507,Br5292,L3,21,31,5032,4301
151507_CAGACACCGATCGCTG-1,151507,Br5292,L5,53,51,8869,5667
151507_CAGAGTGATTTAACGT-1,151507,Br5292,L1,9,69,3602,6921
151507_CAGCAGCCCGTTCCTT-1,151507,Br5292,L3,28,78,5880,7534
151507_CAGCAGTCTGTGCTGC-1,151507,Br5292,L6,62,74,9952,7247
151507_CAGCGATTCCCTTCAA-1,151507,Br5292,L6,53,43,8867,5116
151507_CAGCGCCAACACGATA-1,151507,Br5292,L5,37,5,6943,2506
151507_CAGCTCACTGAGACAT-1,151507,Br5292,L3,33,59,6475,6224
151507_CAGCTTAGTAGGTAGC-1,151507,Br5292,L4,32,28,6349,4091
151507_CAGGAAGACTTTATAT-1,151507,Br5292,L1,13,85,4085,8021
151507_CAGGATATATCGTTGT-1,151507,Br5292,L4,44,60,7793,6289
151507_CAGGCAGTCTTACCAG-1,151507,Br5292,L6,65,85,10313,8003
151507_CAGGCGCACGGTGGTC-1,151507,Br5292,WM,56,28,9224,4082
151507_CAGTAATCCCTCCCAG-1,151507,Br5292,L3,21,25,5031,3888
151507_CAGTACATTCTCTAAA-1,151507,Br5292,L1,20,102,4927,9189
151507_CAGTAGATGATGTCCG-1,151507,Br5292,L3,17,1,4547,2237
151507_CAGTCCAACGCCTTCT-1,151507,Br5292,L2,8,120,3493,10432
151507_CAGTGAATAAATGACT-1,151507,Br5292,L2,25,83,5522,7879
151507_CAGTGGTTGCACATGA-1,151507,Br5292,L3,16,22,4431,3683
151507_CATACACGGTTCCCAC-1,151507,Br5292,L6,61,55,9828,5939
151507_CATACGGCGTCTGGGC-1,151507,Br5292,L3,39,63,7195,6498
151507_CATACTATGTAATTGT-1,151507,Br5292,L4,36,48,6832,5466
151507_CATACTTCTTTCTCCG-1,151507,Br5292,WM,68,52,10666,5730
151507_CATAGTACATTGAGAG-1,151507,Br5292,L1,15,77,4323,7470
151507_CATAGTCAAATACATA-1,151507,Br5292,L5,65,93,10315,8554
151507_CATATTATTTGCCCTA-1,151507,Br5292,L1,9,79,3604,7610
151507_CATCTACCCGAGAACG-1,151507,Br5292,L2,6,112,3252,9882
151507_CATCTGCAGGATCATT-1,151507,Br5292,L5,28,8,5866,2715
151507_CATGAGATGCACTCTC-1,151507,Br5292,L5,59,79,9593,7592
151507_CATGATACGGTGAAAC-1,151507,Br5292,WM,76,76,11629,7379
151507_CATGCCAACTCGCAAA-1,151507,Br5292,L6,43,21,7665,3605
151507_CATGCGACCAGTTTAA-1,151507,Br5292,L1,26,98,5645,8911
151507_CATGCGTTAGACAGAA-1,151507,Br5292,L2,15,63,4320,6506
151507_CATGGGTATGCCTTAT-1,151507,Br5292,L5,56,82,9235,7799
151507_CATGGTCTAGATACCG-1,151507,Br5292,L3,26,66,5638,6709
151507_CATGTAGGAGCGCCAA-1,151507,Br5292,L1,15,111,4330,9810
151507_CATGTGGGCTCATCAC-1,151507,Br5292,L6,76,90,11632,8343
151507_CATTACATAGATTGTG-1,151507,Br5292,L1,27,117,5768,10219
151507_CATTGCAAAGCATAAT-1,151507,Br5292,L1,1,83,2647,7888
151507_CATTTATCGTTCAAGA-1,151507,Br5292,L1,5,77,3125,7473
151507_CATTTGAGTGGTACGT-1,151507,Br5292,L5,50,48,8509,5461
151507_CCAAAGTCCCGCTAAC-1,151507,Br5292,L1,3,37,2877,4720
151507_CCAAGAAAGTGGGCGA-1,151507,Br5292,L5,52,52,8750,5736
151507_CCAAGACTTCTGCGAA-1,151507,Br5292,L3,20,62,4919,6435
151507_CCAAGGTTGCCCTTTC-1,151507,Br5292,L6,69,109,10797,9654
151507_CCAAGTTTCTACAGAT-1,151507,Br5292,L3,14,8,4189,2720
151507_CCAATTGAATGTTAAT-1,151507,Br5292,L3,20,46,4915,5334
151507_CCACAATGTACGTCTT-1,151507,Br5292,L3,29,85,6001,8016
151507_CCACAGCTGAAATCAT-1,151507,Br5292,L3,8,28,3474,4099
151507_CCACGAATTTAACCTC-1,151507,Br5292,L3,41,109,7444,9663
151507_CCAGAGACAAAGCCGG-1,151507,Br5292,L3,23,21,5270,3612
151507_CCAGATAGTTGAGTGA-1,151507,Br5292,L3,28,84,5881,7947
151507_CCAGCTTCCGCCCGCA-1,151507,Br5292,L4,29,17,5988,3334
151507_CCAGTCTTGTCATAGA-1,151507,Br5292,L6,59,59,9589,6215
151507_CCAGTTCGGTAACTCA-1,151507,Br5292,L6,73,89,11272,8275
151507_CCATAGTCAGTAACCC-1,151507,Br5292,L3,15,17,4311,3339
151507_CCATCATAAGAACAGG-1,151507,Br5292,L3,1,109,2652,9678
151507_CCATCTCACCAGTGAA-1,151507,Br5292,L3,38,98,7082,8907
151507_CCATTCCCTGCCCACA-1,151507,Br5292,L4,33,39,6471,4847
151507_CCATTTCTACCTATTA-1,151507,Br5292,L5,55,71,9113,7043
151507_CCCAAGAATGCACGGT-1,151507,Br5292,L1,2,88,2768,8232
151507_CCCAGGTCTGAAGGCT-1,151507,Br5292,L3,53,111,8881,9797
151507_CCCGAGTTTCTCCGTA-1,151507,Br5292,L3,48,108,8282,9592
151507_CCCGCAGCGCGAACTA-1,151507,Br5292,L5,49,67,8393,6769
151507_CCCGCCATGCTCCCGT-1,151507,Br5292,L3,19,41,4795,4990
151507_CCCGCTAGAGGGTTAA-1,151507,Br5292,L1,0,82,2527,7819
151507_CCCTACTTGAACAATG-1,151507,Br5292,L6,70,86,10912,8070
151507_CCCTAGTGTCAGGTGT-1,151507,Br5292,L3,10,20,3712,3548
151507_CCCTGACTAACAAATT-1,151507,Br5292,L5,38,12,7065,2987
151507_CCCTTTGACAGGTCTT-1,151507,Br5292,L5,50,56,8511,6012
151507_CCGAACACTGGGCCTC-1,151507,Br5292,L6,44,18,7784,3398
151507_CCGAAGTATATTGTTC-1,151507,Br5292,L3,22,22,5150,3681
151507_CCGAGCTGTGCTTGTC-1,151507,Br5292,L1,18,112,4689,9878
151507_CCGCACAAAGACCAAC-1,151507,Br5292,L3,36,76,6838,7393
151507_CCGCACTTGCAATGAC-1,151507,Br5292,L6,69,107,10797,9516
151507_CCGCATGTGGTACGAT-1,151507,Br5292,L5,56,66,9232,6698
151507_CCGCGATTTGGTAGGT-1,151507,Br5292,L5,39,9,7184,2780
151507_CCGCGGGTACGAAGAA-1,151507,Br5292,L4,32,26,6349,3953
151507_CCGCTCCAGGGCGATC-1,151507,Br5292,WM,71,69,11029,6899
151507_CCGCTTACCTCACTCT-1,151507,Br5292,L5,47,35,8147,4567
151507_CCGGCACGACCGTTTC-1,151507,Br5292,L2,35,111,6725,9803
151507_CCGGGTTCGAGGTTAC-1,151507,Br5292,L5,38,32,7069,4364
151507_CCGTTACGTTAGAACA-1,151507,Br5292,L1,20,88,4924,8225
151507_CCTAAATTGTATCCTA-1,151507,Br5292,L3,52,114,8762,10004
151507_CCTAACCCAAACAAGT-1,151507,Br5292,L4,49,89,8398,8284
151507_CCTAACTAAGGCTCTA-1,151507,Br5292,L1,21,93,5045,8569
151507_CCTACTGCGGCGGCCA-1,151507,Br5292,L1,22,126,5171,10840
151507_CCTAGTTAGTCGCATG-1,151507,Br5292,L1,12,72,3962,7127
151507_CCTATAATGAGTGCCC-1,151507,Br5292,L5,55,81,9115,7731
151507_CCTATATTTGTCCTGG-1,151507,Br5292,L6,62,52,9947,5732
151507_CCTATCTATATCGGAA-1,151507,Br5292,L1,19,77,4802,7468
151507_CCTCGTTACGCCTGTT-1,151507,Br5292,L2,5,109,3131,9676
151507_CCTCTAATCTGCCAAG-1,151507,Br5292,L3,23,73,5280,7192
151507_CCTCTATCGATTAGCA-1,151507,Br5292,L6,52,26,8744,3946
151507_CCTGCTATTTGAGAAG-1,151507,Br5292,L3,26,50,5635,5607
151507_CCTGTACTCACGCCCA-1,151507,Br5292,L5,40,24,7307,3812
151507_CCTGTCCCTCACGTTA-1,151507,Br5292,L2,36,114,6846,10009
151507_CCTGTGCATAGGAGAC-1,151507,Br5292,L2,4,16,2993,3274
151507_CCTGTGCGGATTGTAA-1,151507,Br5292,L2,3,99,2890,8988
151507_CCTTAAGTACGCAATT-1,151507,Br5292,L6,75,97,11514,8825
151507_CCTTCAGTTAAAGTGA-1,151507,Br5292,WM,61,47,9827,5388
151507_CCTTCTTGATCCAGTG-1,151507,Br5292,L2,19,73,4801,7193
151507_CCTTTCAATGAAGAAA-1,151507,Br5292,L1,25,95,5524,8705
151507_CGAAACATAGATGGCA-1,151507,Br5292,L1,11,77,3844,7471
151507_CGAACCCGCATGCGTC-1,151507,Br5292,L5,49,49,8390,5530
151507_CGAACGGCCGGACAAC-1,151507,Br5292,L6,47,15,8143,3190
151507_CGAAGACGGTGAGTGC-1,151507,Br5292,L5,33,3,6464,2369
151507_CGAAGACTGCCCGGGA-1,151507,Br5292,L1,0,48,2520,5479
151507_CGAAGATCAGTTTCAT-1,151507,Br5292,WM,74,70,11388,6967
151507_CGAATTACATGGTGTT-1,151507,Br5292,L2,2,94,2769,8645
151507_CGACACGCTCCGACAG-1,151507,Br5292,L3,46,94,8039,8629
151507_CGAGACCCTAGAGTGT-1,151507,Br5292,L4,43,61,7673,6358
151507_CGAGAGATGTGAACCT-1,151507,Br5292,L3,29,73,5999,7189
151507_CGAGGCTAAATATGGC-1,151507,Br5292,L3,29,71,5998,7052
151507_CGAGGGACTGCGGTCG-1,151507,Br5292,L3,38,78,7078,7530
151507_CGAGTACTAAAGAGGA-1,151507,Br5292,L5,45,35,7908,4568
151507_CGATAGTCGTACTGCA-1,151507,Br5292,L6,66,88,10434,8209
151507_CGATCATTAGAGGCAC-1,151507,Br5292,L1,12,122,3973,10569
151507_CGCAATTAGGGTAATA-1,151507,Br5292,L3,28,44,5873,5193
151507_CGCACATGTCCACTAC-1,151507,Br5292,L3,39,87,7200,8150
151507_CGCATGCCGAATGCGT-1,151507,Br5292,L6,67,89,10554,8277
151507_CGCCACAGGTCGCGAT-1,151507,Br5292,WM,49,9,8381,2777
151507_CGCCGCCCATGCCTGT-1,151507,Br5292,L3,39,83,7199,7874
151507_CGCCGGTGTCGCAGTA-1,151507,Br5292,L3,9,127,3614,10914
151507_CGCGAAGTGGCATACT-1,151507,Br5292,L5,64,96,10196,8760
151507_CGCGCATGTTTGATTG-1,151507,Br5292,L5,50,54,8510,5874
151507_CGCGCCCGACTTAATA-1,151507,Br5292,L2,21,75,5041,7330
151507_CGCGGGAATTCCTTTC-1,151507,Br5292,L6,72,84,11152,7931
151507_CGCGTCATATTAAACC-1,151507,Br5292,L1,2,64,2763,6579
151507_CGCTAGAGACCGCTGC-1,151507,Br5292,L3,39,101,7202,9113
151507_CGCTATACCGCCCACT-1,151507,Br5292,L3,14,36,4195,4648
151507_CGCTGTGACGCCGCAC-1,151507,Br5292,L3,25,47,5514,5401
151507_CGCTTTCCGCCAAGGT-1,151507,Br5292,L6,73,77,11270,7449
151507_CGGAAAGCAAATGTGC-1,151507,Br5292,L3,18,6,4668,2581
151507_CGGAAATTTCACATCC-1,151507,Br5292,L1,4,82,3006,7818
151507_CGGAACGTAAACATAG-1,151507,Br5292,L5,47,45,8149,5256
151507_CGGAGTTTGAGAGACA-1,151507,Br5292,L4,30,34,6111,4504
151507_CGGATCCTCAAGGACT-1,151507,Br5292,L5,60,80,9713,7660
151507_CGGCAGGGTCGGGTTG-1,151507,Br5292,L3,32,94,6362,8634
151507_CGGCGCCATCAATCCC-1,151507,Br5292,L5,59,93,9596,8556
151507_CGGCTCTTCGTCGAAC-1,151507,Br5292,L1,8,86,3486,8092
151507_CGGCTTTGTATGATAA-1,151507,Br5292,L1,8,56,3480,6027
151507_CGGGAGCTTCAGTGTA-1,151507,Br5292,L4,49,91,8398,8421
151507_CGGGAGTATACCGCCG-1,151507,Br5292,L3,19,15,4789,3200
151507_CGGGCTACTTAAATTG-1,151507,Br5292,L3,5,121,3134,10502
151507_CGGGTTCGGCACGTAT-1,151507,Br5292,L2,7,107,3371,9538
151507_CGGGTTGTAGCTTTGG-1,151507,Br5292,L2,3,21,2874,3619
151507_CGGTAGAGGTGCAGGT-1,151507,Br5292,L1,22,92,5164,8500
151507_CGGTATAGGTATTAGC-1,151507,Br5292,L1,11,99,3848,8986
151507_CGGTATGGGCACTCTG-1,151507,Br5292,WM,75,77,11510,7449
151507_CGGTTATCCAACAGTG-1,151507,Br5292,L2,30,98,6124,8910
151507_CGGTTCAAGTAGGTGT-1,151507,Br5292,L1,24,98,5405,8912
151507_CGGTTGAGTATCCTTC-1,151507,Br5292,WM,66,30,10422,4216
151507_CGGTTGGGTTCAAGTT-1,151507,Br5292,L1,8,100,3489,9056
151507_CGTAAACGCTTGAGTG-1,151507,Br5292,L3,11,23,3833,3754
151507_CGTAACTTCGACACTT-1,151507,Br5292,WM,68,50,10666,5592
151507_CGTCAAGGCTATAAAT-1,151507,Br5292,L5,30,14,6107,3128
151507_CGTCGCATGTGAGCCA-1,151507,Br5292,L6,65,77,10312,7452
151507_CGTCGGGTCTAAGCGC-1,151507,Br5292,WM,54,22,8983,3670
151507_CGTGAAGTTAATTCAC-1,151507,Br5292,L4,40,56,7313,6015
151507_CGTGCACACCACTGTA-1,151507,Br5292,L6,72,90,11153,8345
151507_CGTGCTGGCCTAGTCG-1,151507,Br5292,L3,9,19,3592,3479
151507_CGTGGCCGAATATCTA-1,151507,Br5292,L3,47,101,8161,9111
151507_CGTGTGTTAAACCCTG-1,151507,Br5292,L1,32,116,6367,10148
151507_CGTTAATGTCCCGACG-1,151507,Br5292,L5,59,87,9595,8143
151507_CGTTCAAGGAAACGGA-1,151507,Br5292,WM,70,46,10904,5316
151507_CGTTTGTGTAGAGGGT-1,151507,Br5292,L6,55,41,9107,4977
151507_CTAATTTCAACAACAC-1,151507,Br5292,L3,21,27,5031,4026
151507_CTACACTCGCAGATGG-1,151507,Br5292,L4,57,101,9358,9107
151507_CTACGCCATTTCCGAT-1,151507,Br5292,L1,12,80,3964,7677
151507_CTACGTGTTGCCACCA-1,151507,Br5292,L2,6,24,3234,3824
151507_CTACTGCCACCTGACC-1,151507,Br5292,L3,27,63,5757,6502
151507_CTAGATAAACTCCTCG-1,151507,Br5292,L3,7,25,3354,3893
151507_CTAGCCGATGTTATGA-1,151507,Br5292,L1,23,101,5286,9119
151507_CTAGGCGCCCTATCAG-1,151507,Br5292,L4,51,91,8638,8421
151507_CTAGGTTCGGACGTGA-1,151507,Br5292,L5,58,70,9472,6973
151507_CTAGTATTCGGAATTA-1,151507,Br5292,L1,14,80,4204,7677
151507_CTAGTCACGTCTTAAG-1,151507,Br5292,L3,37,69,6956,6911
151507_CTAGTTACAACCCGGT-1,151507,Br5292,L5,53,67,8872,6768
151507_CTATGTCACTAGCCCA-1,151507,Br5292,L3,30,66,6117,6707
151507_CTATTCATGTGTCCCA-1,151507,Br5292,L5,52,62,8752,6424
151507_CTCAAACCACTGCCCG-1,151507,Br5292,WM,64,40,10184,4905
151507_CTCAGAGCTAATGTCG-1,151507,Br5292,WM,73,59,11266,6210
151507_CTCAGATTGTGATAAG-1,151507,Br5292,L6,43,5,7662,2503
151507_CTCATGGCTCACAATC-1,151507,Br5292,L1,13,63,4080,6507
151507_CTCCTAAGTTATGTCT-1,151507,Br5292,L3,12,30,3954,4235
151507_CTCCTTTACGCAAGTC-1,151507,Br5292,L1,23,109,5287,9670
151507_CTCGCCGAATGTAGGG-1,151507,Br5292,L6,60,64,9710,6559
151507_CTCGGGCATCGTCGGG-1,151507,Br5292,L1,0,68,2524,6855
151507_CTCTAATGCATTGATC-1,151507,Br5292,L1,24,110,5407,9738
151507_CTCTGTCCATGCACCA-1,151507,Br5292,L6,75,91,11512,8412
151507_CTGCCCACGAAGCGTT-1,151507,Br5292,L5,32,6,6345,2576
151507_CTGCCTAGCCACCAAG-1,151507,Br5292,L1,8,80,3485,7679
151507_CTGCCTTTCTAGTAAA-1,151507,Br5292,L5,63,93,10075,8554
151507_CTGCGTTACGATATAA-1,151507,Br5292,L1,16,90,4445,8364
151507_CTGGAAGACACGGTGG-1,151507,Br5292,L4,50,88,8517,8215
151507_CTGGATTTACACTTGA-1,151507,Br5292,L5,49,55,8391,5943
151507_CTGGCTCCTGCGGGAT-1,151507,Br5292,L3,7,27,3354,4031
151507_CTGGGATAAATAATGG-1,151507,Br5292,L3,38,84,7079,7943
151507_CTGGGATCGCCCAGAT-1,151507,Br5292,L1,1,63,2643,6511
151507_CTGGTAACGAGCTCTT-1,151507,Br5292,L2,29,97,6004,8842
151507_CTGGTTCAACGCATCA-1,151507,Br5292,L2,8,38,3476,4787
151507_CTGTACTTCTTAGCAT-1,151507,Br5292,L4,39,51,7192,5671
151507_CTGTAGCCATCTCACT-1,151507,Br5292,L6,56,46,9227,5321
151507_CTGTATGGTGTAGAAA-1,151507,Br5292,L3,20,32,4913,4370
151507_CTGTGCAGGGTAGGTC-1,151507,Br5292,L4,42,70,7555,6978
151507_CTGTGGTCGGGAGATA-1,151507,Br5292,L4,55,89,9116,8282
151507_CTGTTACCCAATCTAG-1,151507,Br5292,L5,48,58,8272,6150
151507_CTGTTCATCTCACGGG-1,151507,Br5292,L3,22,34,5152,4507
151507_CTGTTGGCTCTTCTGA-1,151507,Br5292,L4,20,2,4906,2305
151507_CTTAAATAAGACCCAT-1,151507,Br5292,L4,25,9,5507,2785
151507_CTTAACTTCGAAGTAC-1,151507,Br5292,L1,11,63,3841,6507
151507_CTTACACTGGGAAATA-1,151507,Br5292,L3,16,48,4437,5473
151507_CTTAGATGTTTCATCC-1,151507,Br5292,WM,74,72,11389,7105
151507_CTTAGTAGGCCTACAG-1,151507,Br5292,L2,32,102,6364,9185
151507_CTTATGTTGACTACCA-1,151507,Br5292,L3,13,27,4073,4028
151507_CTTCAGTGGTCGCCTA-1,151507,Br5292,WM,54,18,8982,3394
151507_CTTCATTGTCAGTGGA-1,151507,Br5292,L3,36,60,6835,6292
151507_CTTCTATTAATGCTAG-1,151507,Br5292,L5,51,47,8629,5392
151507_CTTGGCCAAGCTGGGA-1,151507,Br5292,L6,61,57,9829,6077
151507_CTTGTCAACATTCGAG-1,151507,Br5292,L5,50,66,8513,6700
151507_CTTGTCGTACGTGTCA-1,151507,Br5292,L1,2,34,2757,4514
151507_CTTGTGAGGACAGCGG-1,151507,Br5292,L3,6,10,3231,2861
151507_CTTTAATATTGGTCGA-1,151507,Br5292,L5,51,73,8634,7182
151507_CTTTGGCTTTAGTAAA-1,151507,Br5292,L4,32,40,6352,4917
151507_GAAACAGATGACCACC-1,151507,Br5292,L3,40,92,7320,8493
151507_GAAACATAGGAAACAG-1,151507,Br5292,WM,60,20,9701,3530
151507_GAAACCTATACAAATG-1,151507,Br5292,L6,60,52,9708,5733
151507_GAAACTCGTGCGATGC-1,151507,Br5292,L4,28,24,5869,3817
151507_GAAATACTAAACGTTT-1,151507,Br5292,L3,18,22,4671,3683
151507_GAAATTGTCTCTATAA-1,151507,Br5292,L5,43,53,7672,5808
151507_GAACACACATCAACCA-1,151507,Br5292,L3,22,50,5156,5609
151507_GAACCATCTGGGAGAC-1,151507,Br5292,L1,4,54,3001,5890
151507_GAACCTTTAACGATCC-1,151507,Br5292,L6,63,79,10073,7590
151507_GAACTGTGGAGAGACA-1,151507,Br5292,L6,68,66,10669,6694
151507_GAACTTGTGCACGGGA-1,151507,Br5292,L1,18,124,4692,10704
151507_GAAGACTTCAATGCCG-1,151507,Br5292,L1,3,65,2883,6648
151507_GAAGGACTAAATTGAA-1,151507,Br5292,L2,4,14,2992,3137
151507_GAAGGAGTCGAGTGCG-1,151507,Br5292,WM,66,60,10428,6281
151507_GAAGTTTCCACTCAAT-1,151507,Br5292,L4,36,46,6832,5328
151507_GAATAGACGCGACCCA-1,151507,Br5292,L3,42,92,7560,8493
151507_GAATAGTGCTCGATTA-1,151507,Br5292,WM,60,36,9705,4631
151507_GACAACGCAGCTTACG-1,151507,Br5292,L3,20,54,4917,5885
151507_GACACAAGGGAAGAAA-1,151507,Br5292,L3,30,72,6118,7120
151507_GACCAGAGCCCTGTAG-1,151507,Br5292,L3,31,47,6233,5399
151507_GACCCGTCGCCGGCTA-1,151507,Br5292,L1,9,59,3600,6233
151507_GACCTTCCACGTCTAC-1,151507,Br5292,L6,66,74,10431,7245
151507_GACGGTCAATAGAAGC-1,151507,Br5292,L2,30,100,6124,9048
151507_GACGTGAGACTCCATG-1,151507,Br5292,L3,8,30,3475,4237
151507_GACGTTCGTAAATACA-1,151507,Br5292,L1,24,116,5409,10151
151507_GACTAAGATCATGCAC-1,151507,Br5292,L3,23,53,5276,5815
151507_GACTACAAAGCGGTGG-1,151507,Br5292,L6,49,21,8384,3603
151507_GACTCACCCACGTGAG-1,151507,Br5292,L3,38,106,7084,9458
151507_GACTGCAAATCGAGCT-1,151507,Br5292,L5,59,75,9593,7317
151507_GACTGCACCAGCCCAG-1,151507,Br5292,L4,46,80,8037,7665
151507_GACTGCGGCACGTGTA-1,151507,Br5292,L4,27,15,5748,3197
151507_GAGAGGGCGCGAGGTT-1,151507,Br5292,L4,38,40,7070,4915
151507_GAGAGGTGCATTCTGG-1,151507,Br5292,L5,44,28,7786,4086
151507_GAGATCTGTCACTCCG-1,151507,Br5292,L3,30,74,6119,7258
151507_GAGCGCAAATACTCCG-1,151507,Br5292,L3,51,107,8641,9522
151507_GAGCTAAGGGCATATC-1,151507,Br5292,L3,29,83,6001,7878
151507_GAGGGCCGGCAGAGTC-1,151507,Br5292,L3,6,126,3255,10846
151507_GAGGGCGCAGCTCTGC-1,151507,Br5292,L2,27,89,5763,8292
151507_GAGGTACGCGTGTCCC-1,151507,Br5292,L6,67,67,10549,6763
151507_GAGGTCCCAAAGATCT-1,151507,Br5292,L3,18,26,4672,3958
151507_GAGTACGGGTATACAA-1,151507,Br5292,L3,15,43,4316,5129
151507_GAGTAGATACTAGTTG-1,151507,Br5292,L6,62,64,9950,6558
151507_GATAAATCGGTGGATG-1,151507,Br5292,L3,15,41,4315,4992
151507_GATAAGGCAGATGCAA-1,151507,Br5292,L3,10,28,3714,4098
151507_GATAGTGCGAGTAAGT-1,151507,Br5292,WM,68,44,10664,5179
151507_GATATGAGACACTAAC-1,151507,Br5292,L3,39,81,7198,7737
151507_GATATGCGGTAGCCAA-1,151507,Br5292,L1,19,91,4805,8432
151507_GATATTTCCTACATGG-1,151507,Br5292,L1,17,89,4565,8295
151507_GATCCGGGAATTAACA-1,151507,Br5292,L3,39,73,7197,7186
151507_GATCCTCGACACTGGC-1,151507,Br5292,L6,50,32,8506,4360
151507_GATCGACACTATCTGA-1,151507,Br5292,L3,27,47,5754,5400
151507_GATCGGCGATAAGTCG-1,151507,Br5292,L3,20,14,4909,3131
151507_GATCGGTGGCCATAAC-1,151507,Br5292,L3,28,68,5878,6846
151507_GATCTTCATTGTCCTC-1,151507,Br5292,L3,19,9,4788,2787
151507_GATGACGATGATCGCG-1,151507,Br5292,L1,19,113,4809,9947
151507_GATGATTTGAAACTGG-1,151507,Br5292,L1,0,34,2517,4515
151507_GATGGTGCCCTAGGCA-1,151507,Br5292,L1,10,78,3724,7540
151507_GATGTCCGGATCACAT-1,151507,Br5292,L2,7,37,3356,4719
151507_GATGTTTGTGCGAGAT-1,151507,Br5292,L3,20,30,4912,4233
151507_GATTAACCGAAAGCCC-1,151507,Br5292,L4,55,93,9117,8557
151507_GATTCCCTTGTCGCAG-1,151507,Br5292,L3,25,67,5519,6778
151507_GATTCCGCGTTTCCGT-1,151507,Br5292,L1,16,76,4442,7401
151507_GATTGCTCCAGTTGCA-1,151507,Br5292,WM,63,27,10062,4011
151507_GCAAATATTACGCTTT-1,151507,Br5292,L4,35,41,6711,4984
151507_GCAACAGCAGTATGCG-1,151507,Br5292,L3,46,106,8042,9455
151507_GCAACGGCTAGTTATG-1,151507,Br5292,L3,43,113,7684,9938
151507_GCACAAGTGTCGGAAG-1,151507,Br5292,L1,10,64,3721,6577
151507_GCACACGCCCATGGTC-1,151507,Br5292,L5,34,10,6585,2851
151507_GCACTCCCACAGTCCC-1,151507,Br5292,L1,1,47,2640,5410
151507_GCACTGTGCAAATGTA-1,151507,Br5292,L3,9,33,3595,4443
151507_GCAGCTGTCAACGCAT-1,151507,Br5292,L6,71,87,11032,8138
151507_GCAGTGTGGCTATAGG-1,151507,Br5292,L5,59,83,9594,7867
151507_GCAGTTCGATCCGAGC-1,151507,Br5292,L4,56,118,9242,10278
151507_GCATTCAAGGCAACGC-1,151507,Br5292,L1,28,108,5886,9599
151507_GCATTCGAAATGAACA-1,151507,Br5292,L4,28,14,5867,3128
151507_GCATTTCCAAGGCTCC-1,151507,Br5292,L2,33,111,6486,9804
151507_GCCACTCCTTACGGTA-1,151507,Br5292,L3,55,119,9122,10347
151507_GCCCACTGGTCCACAA-1,151507,Br5292,L3,7,125,3374,10777
151507_GCCCTAGCCGTCGCGA-1,151507,Br5292,WM,54,16,8982,3257
151507_GCCGACCCACGACTGC-1,151507,Br5292,WM,62,30,9943,4218
151507_GCCGGAAACACATCTT-1,151507,Br5292,L1,3,53,2881,5822
151507_GCCTATAGTGTCAGGG-1,151507,Br5292,L2,29,91,6003,8429
151507_GCGAAACGATCGGGAG-1,151507,Br5292,L4,54,100,8999,9039
151507_GCGAAACTTAACTGGA-1,151507,Br5292,L3,44,82,7797,7804
151507_GCGACATGTAAACATC-1,151507,Br5292,L3,37,107,6964,9527
151507_GCGAGAGTTGCGTCCA-1,151507,Br5292,L2,33,107,6485,9529
151507_GCGAGTTCTGCAAAGA-1,151507,Br5292,L3,35,63,6716,6499
151507_GCGATTGTTAACGTTA-1,151507,Br5292,L3,37,77,6958,7462
151507_GCGCAAATATATTCAA-1,151507,Br5292,WM,58,28,9463,4081
151507_GCGCATCCAGTCAGCA-1,151507,Br5292,L2,29,95,6003,8704
151507_GCGCGATGGGTCAAGT-1,151507,Br5292,L1,2,44,2759,5203
151507_GCGCGTCATTGGTACA-1,151507,Br5292,L5,57,83,9355,7868
151507_GCGGCAAAGTATTGCC-1,151507,Br5292,WM,59,27,9583,4012
151507_GCGGCTTTAGCAAGTT-1,151507,Br5292,L6,70,78,10911,7519
151507_GCGGGCAGACGGGTGA-1,151507,Br5292,WM,75,69,11508,6898
151507_GCGGGCATTACGATGC-1,151507,Br5292,L1,31,119,6248,10355
151507_GCGGTGCGGAGCATCG-1,151507,Br5292,L4,19,5,4787,2512
151507_GCGTCCCTAAGACATA-1,151507,Br5292,WM,64,42,10185,5043
151507_GCGTCGTAACATGGTC-1,151507,Br5292,WM,74,76,11390,7380
151507_GCGTGGTACTGGGTTA-1,151507,Br5292,L3,35,95,6722,8702
151507_GCTAGACCGTCTACTG-1,151507,Br5292,L3,42,104,7562,9319
151507_GCTAGCAGGGAGTGGG-1,151507,Br5292,L1,15,101,4328,9122
151507_GCTAGGCACCACGGAG-1,151507,Br5292,L5,54,84,8996,7938
151507_GCTATCATACTCATGG-1,151507,Br5292,L5,54,78,8994,7525
151507_GCTCCTGACATACTGG-1,151507,Br5292,WM,56,32,9225,4358
151507_GCTCGGAATTTAAAGC-1,151507,Br5292,L2,22,84,5163,7949
151507_GCTCTATGTTACGTGC-1,151507,Br5292,L3,26,40,5633,4919
151507_GCTGAATCTTCCAATC-1,151507,Br5292,WM,59,23,9582,3737
151507_GCTGCACGGTTTCTTA-1,151507,Br5292,L3,41,73,7436,7185
151507_GCTGCGCCTCCCACGT-1,151507,Br5292,L4,21,1,5026,2236
151507_GCTGCTAAGTAGTCGA-1,151507,Br5292,L6,56,56,9229,6010
151507_GCTGCTACTGCGTAGC-1,151507,Br5292,L5,51,75,8634,7319
151507_GCTGCTCTCCGGACAC-1,151507,Br5292,L3,31,63,6236,6500
151507_GCTGGACCCAAAGTGG-1,151507,Br5292,L1,14,106,4209,9466
151507_GCTGGCATATTCACCT-1,151507,Br5292,L4,31,31,6230,4297
151507_GCTTATGAAGCAGGAA-1,151507,Br5292,L3,35,89,6721,8289
151507_GCTTCCGTCCCTAGAC-1,151507,Br5292,L3,29,77,6000,7465
151507_GGAAACCTTGTTGAAT-1,151507,Br5292,L1,20,106,4928,9464
151507_GGAAACTAAATGGGCC-1,151507,Br5292,L5,60,102,9718,9175
151507_GGAAGCTCGCTTACAG-1,151507,Br5292,L1,11,83,3845,7884
151507_GGACAACCATGAAGCC-1,151507,Br5292,L6,70,102,10916,9171
151507_GGACTCGACAGCGCAT-1,151507,Br5292,WM,68,46,10665,5317
151507_GGAGCAACATTTCAAG-1,151507,Br5292,L4,57,103,9359,9245
151507_GGATCAAAGGACGAGG-1,151507,Br5292,L1,6,52,3240,5752
151507_GGATGACGCGAGTTTA-1,151507,Br5292,L4,37,45,6951,5259
151507_GGATTGCTGTGACTCC-1,151507,Br5292,L5,60,84,9714,7936
151507_GGATTTCACTTCTATA-1,151507,Br5292,L3,31,83,6240,7877
151507_GGCAAAGGCGCCAATA-1,151507,Br5292,L6,54,34,8985,4496
151507_GGCAGCAAACCTATGC-1,151507,Br5292,L3,51,103,8640,9247
151507_GGCAGCGGTAATCCTA-1,151507,Br5292,L1,14,100,4208,9053
151507_GGCCCAGTTATCAGCA-1,151507,Br5292,L1,12,116,3971,10156
151507_GGCGAAATCTAACTTG-1,151507,Br5292,L3,43,87,7679,8148
151507_GGCGTAGGGAAAGCTG-1,151507,Br5292,L6,64,82,10193,7797
151507_GGCTCGTGCCACCAGC-1,151507,Br5292,L3,20,38,4914,4783
151507_GGCTCTGCTCCAACGC-1,151507,Br5292,L3,26,72,5639,7122
151507_GGGAACCACCTGTTTC-1,151507,Br5292,L1,1,35,2637,4583
151507_GGGAACGGTTTCAGAT-1,151507,Br5292,WM,64,32,10183,4355
151507_GGGACAGAGTTACTCC-1,151507,Br5292,WM,57,19,9342,3462
151507_GGGATGGTCGTAACCG-1,151507,Br5292,L5,47,43,8149,5118
151507_GGGCAACCGCACGTGC-1,151507,Br5292,WM,55,19,9102,3463
151507_GGGCCCGTCTTAAACA-1,151507,Br5292,L5,42,52,7552,5739
151507_GGGCCTATTTAAGTAT-1,151507,Br5292,L1,13,117,4091,10224
151507_GGGCTATGATCGATGG-1,151507,Br5292,L6,57,51,9348,5665
151507_GGGTCACTGAGTAGTG-1,151507,Br5292,L3,3,125,2895,10778
151507_GGGTGCATATGAAAGC-1,151507,Br5292,L1,30,112,6127,9874
151507_GGGTTCAGACGAACAA-1,151507,Br5292,L3,19,19,4790,3476
151507_GGTACGTTGCGGCCGG-1,151507,Br5292,L5,66,112,10439,9861
151507_GGTATAGTGACACATA-1,151507,Br5292,L2,34,114,6606,10010
151507_GGTCGGCCAGGAGCTT-1,151507,Br5292,L3,32,84,6360,7946
151507_GGTCGGTAATTAGACA-1,151507,Br5292,L3,12,36,3955,4648
151507_GGTCTCCGTCCAGGTT-1,151507,Br5292,L5,63,101,10077,9105
151507_GGTCTCTGAATGGACT-1,151507,Br5292,L6,52,34,8746,4497
151507_GGTGAAACCGGGAATG-1,151507,Br5292,L1,6,48,3239,5477
151507_GGTGAACGGGCTAGCC-1,151507,Br5292,L3,8,32,3475,4374
151507_GGTGAGATGCAGATAA-1,151507,Br5292,L3,16,36,4434,4647
151507_GGTGATGAAGGAAGTG-1,151507,Br5292,L5,31,1,6224,2232
151507_GGTGCATAAATGATTA-1,151507,Br5292,WM,67,47,10545,5386
151507_GGTGCGGATAAGTGGC-1,151507,Br5292,L3,16,46,4436,5335
151507_GGTGCTGGTACACATT-1,151507,Br5292,L5,42,46,7551,5326
151507_GGTGTAAATCGATTGT-1,151507,Br5292,WM,69,65,10788,6625
151507_GGTGTTCTGTTTCTAC-1,151507,Br5292,L1,4,90,3008,8369
151507_GGTTACCACCCTCGGG-1,151507,Br5292,L5,45,33,7907,4430
151507_GGTTCGGATTATACTA-1,151507,Br5292,L6,39,7,7183,2643
151507_GGTTGTGCTCTTGTCC-1,151507,Br5292,L4,24,10,5387,2854
151507_GTAACATCAGCTCATC-1,151507,Br5292,L3,3,113,2893,9952
151507_GTAACTGCCCAAGGAG-1,151507,Br5292,WM,66,46,10425,5318
151507_GTAACTTGCGGCAGTC-1,151507,Br5292,L3,10,40,3716,4924
151507_GTAAGTAGGGTATACC-1,151507,Br5292,L3,26,36,5632,4643
151507_GTACACTTACCTGAAG-1,151507,Br5292,L3,36,64,6835,6567
151507_GTACTCCCTTATCGCT-1,151507,Br5292,L5,36,28,6828,4089
151507_GTAGAAACGGGTGGAG-1,151507,Br5292,L4,24,16,5388,3267
151507_GTAGACAACCGATGAA-1,151507,Br5292,L1,7,55,3360,5958
151507_GTAGCGCTGTTGTAGT-1,151507,Br5292,L1,6,50,3239,5614
151507_GTAGCGGCTATACACT-1,151507,Br5292,L3,39,69,7196,6911
151507_GTAGCTCCGGGAGGCT-1,151507,Br5292,WM,65,37,10304,4699
151507_GTAGCTTCCTCTTGTT-1,151507,Br5292,L3,31,89,6242,8290
151507_GTAGGTGATCCGTGTA-1,151507,Br5292,L1,17,79,4563,7607
151507_GTAGTCGCGGGAATCA-1,151507,Br5292,L4,49,81,8396,7733
151507_GTAGTTCGAAGGCGAA-1,151507,Br5292,WM,65,39,10304,4836
151507_GTATAATCTCCCGGAT-1,151507,Br5292,L3,14,12,4190,2996
151507_GTATAGTGGCCCATGT-1,151507,Br5292,L1,4,92,3008,8506
151507_GTATCAGCTTGGGTTC-1,151507,Br5292,L3,20,34,4913,4508
151507_GTATGTGGGTCTAGTT-1,151507,Br5292,L3,38,92,7081,8494
151507_GTATTCTGAGAAACGA-1,151507,Br5292,L5,48,38,8268,4773
151507_GTCAACCAGGCCTATA-1,151507,Br5292,L5,65,103,10317,9242
151507_GTCAATTGTACTGAAG-1,151507,Br5292,L1,5,45,3118,5270
151507_GTCACTCTCCAAATCT-1,151507,Br5292,L3,23,31,5272,4300
151507_GTCAGTTGTGCTCGTT-1,151507,Br5292,L1,9,71,3603,7059
151507_GTCCCAATCATCCCGC-1,151507,Br5292,L6,42,2,7542,2297
151507_GTCCTATTGTTGTGGT-1,151507,Br5292,L5,29,7,5985,2646
151507_GTCGGAAGGATACCAG-1,151507,Br5292,L1,13,115,4091,10086
151507_GTCGTACCTACGATTG-1,151507,Br5292,L5,37,9,6944,2781
151507_GTCGTTATTCGCTTAT-1,151507,Br5292,L4,46,76,8036,7390
151507_GTCTACTCAATTACAA-1,151507,Br5292,L5,37,13,6945,3056
151507_GTCTAGTGAGCCGCTT-1,151507,Br5292,L6,66,92,10435,8484
151507_GTCTATCTGAGTTTCT-1,151507,Br5292,L5,40,42,7310,5052
151507_GTCTATTGGTTCCGGT-1,151507,Br5292,L4,50,90,8518,8352
151507_GTCTCGACTAAGTTTG-1,151507,Br5292,L1,25,111,5527,9807
151507_GTCTCGCCAACACGCC-1,151507,Br5292,L1,0,72,2525,7131
151507_GTCTGGGCGGTCGAGA-1,151507,Br5292,L5,46,44,8029,5187
151507_GTCTTGAGGAGCAGTG-1,151507,Br5292,L2,38,116,7086,10146
151507_GTGAAACGTGCTCCAC-1,151507,Br5292,L3,11,37,3836,4718
151507_GTGAACTCCCATTCGA-1,151507,Br5292,L2,30,104,6125,9323
151507_GTGAAGCCGTATAGTC-1,151507,Br5292,L1,21,107,5048,9533
151507_GTGAGTGGTACAACGC-1,151507,Br5292,L5,52,56,8750,6011
151507_GTGATTCGCCGCTCAA-1,151507,Br5292,L5,48,40,8268,4911
151507_GTGCACCAGCTTCAAC-1,151507,Br5292,WM,66,54,10427,5868
151507_GTGCCGCTTCAAAGGT-1,151507,Br5292,L5,44,44,7790,5188
151507_GTGCCTAGCTATGCTT-1,151507,Br5292,L3,13,11,4070,2927
151507_GTGCCTCAGTGTACGG-1,151507,Br5292,L1,11,93,3847,8573
151507_GTGCGACAGGGAGTGT-1,151507,Br5292,L3,36,100,6843,9046
151507_GTGCTGCAGATAAGGA-1,151507,Br5292,L5,37,7,6944,2643
151507_GTGCTGTTAGAACATA-1,151507,Br5292,WM,77,81,11750,7723
151507_GTGGAACCTACATGCG-1,151507,Br5292,L1,15,81,4324,7745
151507_GTGGACGCATTTGTCC-1,151507,Br5292,L5,56,64,9231,6560
151507_GTGGCCTAATATCATT-1,151507,Br5292,L5,35,1,6703,2231
151507_GTGGTATAGTCTGCCG-1,151507,Br5292,L6,57,41,9346,4977
151507_GTGGTGGCCAAGTGAA-1,151507,Br5292,L4,45,79,7917,7597
151507_GTGGTTACTTCTTTCG-1,151507,Br5292,L2,31,105,6245,9392
151507_GTGTCAGTGTACGTGG-1,151507,Br5292,WM,68,42,10664,5042
151507_GTGTCGTATTCACCTT-1,151507,Br5292,L2,9,117,3612,10225
151507_GTTACGAAATCCACGC-1,151507,Br5292,L1,3,33,2876,4445
151507_GTTACGGCCCGACTGC-1,151507,Br5292,L1,3,39,2878,4858
151507_GTTATATTATCTCCCT-1,151507,Br5292,L5,48,56,8271,6012
151507_GTTATCAAGCTATCGA-1,151507,Br5292,L6,71,103,11036,9240
151507_GTTCAAATCAGATGTC-1,151507,Br5292,L4,22,0,5146,2167
151507_GTTCCGTCCGCCTGCA-1,151507,Br5292,WM,70,42,10904,5041
151507_GTTGAACCGGTTCCAT-1,151507,Br5292,L5,42,40,7549,4913
151507_GTTGCACGGAGTTTCG-1,151507,Br5292,L3,24,48,5395,5470
151507_GTTGGATTTGCGTTGG-1,151507,Br5292,L4,36,50,6833,5604
151507_GTTTCCTGGAGGGTGA-1,151507,Br5292,L3,25,49,5515,5539
151507_GTTTCTAGAGGCGCGG-1,151507,Br5292,L6,69,93,10794,8552
151507_TAAACCCAGGAGGGCA-1,151507,Br5292,L6,54,36,8986,4634
151507_TAAAGACAACCCTTTA-1,151507,Br5292,L3,40,118,7326,10283
151507_TAAAGCGTTAGGAGAA-1,151507,Br5292,L2,28,88,5882,8222
151507_TAAATTGTGGGTAAAG-1,151507,Br5292,WM,74,74,11389,7242
151507_TAAATTTAGTAACACC-1,151507,Br5292,WM,71,39,11023,4834
151507_TAACAATATTTGTTGC-1,151507,Br5292,L4,28,16,5868,3266
151507_TAACATACAATGTGGG-1,151507,Br5292,L3,38,70,7076,6980
151507_TAACCGTCCAGTTCAT-1,151507,Br5292,L2,1,15,2633,3207
151507_TAACCTACCGTCCGAG-1,151507,Br5292,L3,33,101,6484,9116
151507_TAACCTAGGGAGTCCA-1,151507,Br5292,L5,60,106,9719,9450
151507_TAACTATTACGCCAAA-1,151507,Br5292,L1,29,107,6006,9530
151507_TAAGCCCTTACGACCA-1,151507,Br5292,L1,14,114,4210,10017
151507_TAAGGAACTTGTGGGA-1,151507,Br5292,L3,16,40,4435,4922
151507_TAAGGCATAACATCAA-1,151507,Br5292,L6,57,49,9348,5527
151507_TAAGTTGCGACGTAGG-1,151507,Br5292,L4,53,95,8878,8695
151507_TAATACTAGAACAGAC-1,151507,Br5292,L6,69,77,10791,7451
151507_TAATAGGTCACCAGAA-1,151507,Br5292,WM,61,21,9821,3599
151507_TACAAGGGCTTCTTTA-1,151507,Br5292,L6,68,94,10675,8621
151507_TACACCTCTTCGAATC-1,151507,Br5292,L6,71,91,11033,8414
151507_TACAGAAACGGTGGGC-1,151507,Br5292,L5,59,85,9595,8005
151507_TACCTTAAGATTTCCC-1,151507,Br5292,L6,49,29,8386,4153
151507_TACGAACACGACTTCA-1,151507,Br5292,L3,31,53,6234,5812
151507_TACGGGTAATAACATA-1,151507,Br5292,L6,72,88,11152,8207
151507_TACGTGGGCCCAGGGC-1,151507,Br5292,L6,69,81,10792,7726
151507_TACGTTTACCGGCAAT-1,151507,Br5292,L5,40,32,7308,4363
151507_TACTACGTGCAATGCG-1,151507,Br5292,L6,71,85,11032,8001
151507_TACTCCTCTAGTTGAC-1,151507,Br5292,WM,64,36,10184,4630
151507_TACTCTTACTTTACTG-1,151507,Br5292,L4,59,111,9600,9795
151507_TACTCTTTCGTCTTCA-1,151507,Br5292,L6,58,46,9467,5321
151507_TACTGCAATCAATTAC-1,151507,Br5292,L1,22,102,5166,9188
151507_TAGAATAGCCGATGAA-1,151507,Br5292,L5,62,100,9957,9036
151507_TAGACGCCCGTACCGG-1,151507,Br5292,L3,32,90,6362,8359
151507_TAGATGGTTCCTTACT-1,151507,Br5292,L5,59,97,9597,8831
151507_TAGATTCCTGGTTATT-1,151507,Br5292,L5,32,20,6347,3540
151507_TAGCAGATACTTAGGG-1,151507,Br5292,L6,73,93,11273,8551
151507_TAGCAGTATGACTAAA-1,151507,Br5292,L5,66,98,10436,8897
151507_TAGCGTCCCTCGATTG-1,151507,Br5292,L3,45,109,7923,9662
151507_TAGCTAGTGATGATGG-1,151507,Br5292,L6,60,48,9707,5458
151507_TAGCTCAGATCCTAGT-1,151507,Br5292,L2,8,116,3492,10157
151507_TAGCTCGCCTGATAAC-1,151507,Br5292,L5,50,58,8511,6149
151507_TAGGAACAGCCTCCAG-1,151507,Br5292,L1,5,87,3127,8162
151507_TAGGATCTTAACCGCA-1,151507,Br5292,WM,76,70,11628,6966
151507_TAGGCATGTTACGCCA-1,151507,Br5292,L2,23,85,5283,8018
151507_TAGGCTAAAGTGGCAC-1,151507,Br5292,L5,65,99,10316,8967
151507_TAGGGTGTTTCAAGAG-1,151507,Br5292,L3,22,54,5157,5884
151507_TAGGTGAGCCCTACTC-1,151507,Br5292,L3,29,33,5991,4436
151507_TAGTACCTTAGTGGTC-1,151507,Br5292,L3,21,21,5030,3613
151507_TAGTCGATCACGGGTT-1,151507,Br5292,L3,48,96,8279,8766
151507_TAGTCTTTCCGAATTG-1,151507,Br5292,L3,50,116,8523,10142
151507_TAGTGAGAAGTGGTTG-1,151507,Br5292,L1,3,41,2878,4996
151507_TATAAGTGAGGATAGC-1,151507,Br5292,L3,21,39,5034,4852
151507_TATATAGGGCTTTACG-1,151507,Br5292,WM,63,33,10063,4424
151507_TATATCAAAGTGATCT-1,151507,Br5292,WM,71,37,11022,4696
151507_TATATCATTGATCAGT-1,151507,Br5292,L5,30,6,6105,2577
151507_TATCCAATTGGTTATC-1,151507,Br5292,L5,55,79,9114,7593
151507_TATCGATCTATGCATA-1,151507,Br5292,L1,22,88,5163,8224
151507_TATCTACAGAGGTAAT-1,151507,Br5292,L4,30,24,6109,3816
151507_TATCTAGCCTAAAGGA-1,151507,Br5292,L5,34,12,6585,2988
151507_TATGAAGAATTAAGGT-1,151507,Br5292,L5,67,99,10556,8966
151507_TATGATCTTCTCTTTA-1,151507,Br5292,L5,58,90,9476,8349
151507_TATGGTCTGAGTAACA-1,151507,Br5292,L3,36,58,6834,6154
151507_TATTGCCGGGCTTGTA-1,151507,Br5292,L5,67,113,10559,9930
151507_TATTTAGTCTAGATCG-1,151507,Br5292,L3,18,58,4678,6161
151507_TATTTATACCGAGTAG-1,151507,Br5292,L1,16,78,4443,7538
151507_TATTTGTTACCCTTTA-1,151507,Br5292,L3,24,46,5394,5333
151507_TCAACCATGTTCGGGC-1,151507,Br5292,L3,25,51,5515,5676
151507_TCAAGAAATACTAGCT-1,151507,Br5292,L2,34,108,6605,9597
151507_TCAATACAATTGCTGC-1,151507,Br5292,L5,30,2,6104,2302
151507_TCAATACGCCGTCATG-1,151507,Br5292,L6,63,61,10069,6351
151507_TCACAGGGAATCGCAA-1,151507,Br5292,L4,47,79,8156,7596
151507_TCACAGGTTATTGGGC-1,151507,Br5292,L3,32,48,6353,5467
151507_TCACATCTTATCTGAT-1,151507,Br5292,L4,28,20,5868,3541
151507_TCACCCTCTTAAGATT-1,151507,Br5292,L5,45,59,7913,6220
151507_TCACCGCTCGGCACTC-1,151507,Br5292,L3,30,92,6122,8497
151507_TCACTCTTCGTCTGTC-1,151507,Br5292,L3,18,8,4668,2719
151507_TCAGAACGGCGGTAAT-1,151507,Br5292,L6,73,79,11270,7587
151507_TCAGATGGAGACGTAG-1,151507,Br5292,L2,13,127,4093,10912
151507_TCAGGGCGACTTCCTT-1,151507,Br5292,L5,24,4,5386,2441
151507_TCAGTAGGGACTATAA-1,151507,Br5292,L5,46,48,8030,5462
151507_TCAGTGTATACGTCAT-1,151507,Br5292,WM,58,36,9465,4632
151507_TCAGTTACGGAATGAT-1,151507,Br5292,L1,3,75,2885,7336
151507_TCATATGAGCTTTGTT-1,151507,Br5292,L6,64,62,10189,6420
151507_TCCAACTTTAAATTCT-1,151507,Br5292,L5,40,40,7310,4914
151507_TCCACAATGGTTTACG-1,151507,Br5292,L3,30,36,6111,4642
151507_TCCACTTTATCTAGGT-1,151507,Br5292,L3,31,79,6240,7602
151507_TCCATTGTGACCTCGT-1,151507,Br5292,L1,8,76,3484,7403
151507_TCCCAAAGCCCTAAAT-1,151507,Br5292,L3,39,117,7206,10215
151507_TCCCGCGTACTCCTGG-1,151507,Br5292,L3,27,69,5758,6915
151507_TCCCGGTCAGGAATTT-1,151507,Br5292,L2,8,36,3476,4650
151507_TCCCTCTTCTCAAGGG-1,151507,Br5292,L5,65,115,10319,10068
151507_TCCCTGGCGTATTAAC-1,151507,Br5292,WM,58,18,9461,3393
151507_TCCCTGGCTCGCTGGA-1,151507,Br5292,L4,33,27,6469,4021
151507_TCCGAATGGTCCTGAG-1,151507,Br5292,L1,31,113,6247,9942
151507_TCCGACCGCTAATCAA-1,151507,Br5292,WM,70,36,10902,4628
151507_TCCGATAATTGCCATA-1,151507,Br5292,L2,18,64,4679,6574
151507_TCCGATGACTGAGCTC-1,151507,Br5292,L2,22,76,5161,7398
151507_TCCGCGGCAGCATCTG-1,151507,Br5292,L3,34,84,6600,7945
151507_TCCGCGGCCCAATGAA-1,151507,Br5292,L4,53,99,8879,8971
151507_TCCGGAGGAAGGGCTG-1,151507,Br5292,L1,14,108,4209,9604
151507_TCCGGCCTGCATCGAT-1,151507,Br5292,L1,2,82,2767,7819
151507_TCCGTTTAGCCTTGAA-1,151507,Br5292,L3,29,89,6002,8291
151507_TCCTAAATTGGGAAGC-1,151507,Br5292,L5,56,70,9232,6973
151507_TCCTACATCCACGGCC-1,151507,Br5292,L3,46,84,8037,7941
151507_TCCTCGGGCTGGGCTT-1,151507,Br5292,L3,40,76,7317,7392
151507_TCCTGCGTTGATACTC-1,151507,Br5292,L5,38,30,7068,4226
151507_TCCTGGCGCTGCCTGG-1,151507,Br5292,L1,12,106,3969,9467
151507_TCCTTCAGTGGTCGAA-1,151507,Br5292,L1,15,69,4321,6919
151507_TCGAAATTTAGGACCA-1,151507,Br5292,L3,29,45,5993,5262
151507_TCGAATATCCCGCAGG-1,151507,Br5292,WM,58,32,9464,4357
151507_TCGAGACCAACACCGT-1,151507,Br5292,L4,37,55,6953,5948
151507_TCGCAAAGATGCATTT-1,151507,Br5292,L4,47,75,8155,7321
151507_TCGCATAAAGGGCGCA-1,151507,Br5292,L5,63,111,10079,9793
151507_TCGCATCCCTAAGTGT-1,151507,Br5292,L3,15,31,4313,4303
151507_TCGCATTCAATGACTT-1,151507,Br5292,L3,9,37,3596,4718
151507_TCGCCCACTGCGAGAG-1,151507,Br5292,L5,36,2,6823,2299
151507_TCGCTACTGGCTTTGA-1,151507,Br5292,L6,65,73,10311,7177
151507_TCGCTCGATATATTCC-1,151507,Br5292,L3,29,63,5997,6501
151507_TCGCTGGGCGGATTGT-1,151507,Br5292,L3,28,74,5879,7259
151507_TCGGAATGACCATCAA-1,151507,Br5292,L1,6,76,3245,7404
151507_TCGGCTTGTATCGACG-1,151507,Br5292,L5,58,96,9477,8762
151507_TCGGGTGAAACTGCTA-1,151507,Br5292,L1,10,56,3720,6026
151507_TCGTAACTCCCAAGAC-1,151507,Br5292,L5,67,119,10560,10343
151507_TCGTCACACTGTTAGC-1,151507,Br5292,L4,27,19,5748,3473
151507_TCGTGTCACGCTGACA-1,151507,Br5292,L5,43,23,7666,3743
151507_TCGTGTTCGACCACAA-1,151507,Br5292,L4,57,105,9359,9382
151507_TCGTTGCTATCCGGTC-1,151507,Br5292,L6,54,46,8988,5322
151507_TCGTTGGCTCGTCAAT-1,151507,Br5292,L3,9,31,3595,4305
151507_TCTACCGTCCACAAGC-1,151507,Br5292,L3,27,67,5758,6777
151507_TCTAGCATCTTCGATG-1,151507,Br5292,L3,23,43,5274,5126
151507_TCTATTACGCTGGCGA-1,151507,Br5292,L3,14,34,4194,4510
151507_TCTCGAACGAGGTCAC-1,151507,Br5292,L1,12,94,3967,8641
151507_TCTCGAGGAGGTTCGC-1,151507,Br5292,L3,52,112,8762,9866
151507_TCTCTTACCGCGAACC-1,151507,Br5292,WM,65,43,10305,5112
151507_TCTGAATTCCGTACAA-1,151507,Br5292,L3,34,94,6602,8633
151507_TCTGACTGTAATGGTT-1,151507,Br5292,L3,6,14,3232,3136
151507_TCTGATGTATTCTGTC-1,151507,Br5292,L4,51,83,8636,7870
151507_TCTGCAGATTCGAGTC-1,151507,Br5292,L5,25,5,5506,2510
151507_TCTGCATACCTTGCTT-1,151507,Br5292,L5,61,99,9837,8968
151507_TCTGGGTAGCGCTCAT-1,151507,Br5292,L5,40,36,7309,4639
151507_TCTGTGATGGAGGTTG-1,151507,Br5292,L2,6,114,3252,10020
151507_TCTGTGCCATCATAGT-1,151507,Br5292,L3,32,80,6360,7670
151507_TCTGTGGCTACATTTC-1,151507,Br5292,L1,3,47,2879,5409
151507_TCTTGCTCCCGATACT-1,151507,Br5292,L6,65,67,10310,6764
151507_TCTTTAAGACTATGAA-1,151507,Br5292,L3,34,98,6603,8909
151507_TGAAACCTCAACTCAC-1,151507,Br5292,L1,0,28,2516,4102
151507_TGAACTGCTATGACTT-1,151507,Br5292,L6,39,1,7182,2229
151507_TGAATGAGATACAGCA-1,151507,Br5292,L1,17,125,4572,10773
151507_TGACATATATGACGAT-1,151507,Br5292,L6,38,2,7062,2299
151507_TGACCCACGTTAGACA-1,151507,Br5292,L3,33,47,6473,5398
151507_TGACTATAATCCTTTC-1,151507,Br5292,L4,46,68,8034,6839
151507_TGAGACGTACCTCTCA-1,151507,Br5292,L6,39,5,7183,2505
151507_TGAGATCAAATACTCA-1,151507,Br5292,L1,7,63,3362,6509
151507_TGAGCTTTAATGACGC-1,151507,Br5292,L1,19,85,4803,8019
151507_TGATGCTCACGTAGTC-1,151507,Br5292,L3,5,123,3134,10640
151507_TGATGGCTGTTTCTGA-1,151507,Br5292,L1,30,114,6127,10011
151507_TGATTCCCGGTTACCT-1,151507,Br5292,WM,64,50,10186,5594
151507_TGCAACCCATCTGCGG-1,151507,Br5292,L5,60,90,9715,8349
151507_TGCAACTACTGGTTGA-1,151507,Br5292,L6,69,91,10794,8414
151507_TGCAAGAATGACGTAA-1,151507,Br5292,L3,30,60,6116,6294
151507_TGCAGTTTCCTCCCAT-1,151507,Br5292,L3,40,90,7320,8356
151507_TGCATATGTCTGTCAC-1,151507,Br5292,L3,35,85,6720,8013
151507_TGCCAAAGTCAGACTT-1,151507,Br5292,L6,43,19,7665,3467
151507_TGCCACACTAGAGGAA-1,151507,Br5292,L6,43,3,7662,2366
151507_TGCCAGTACGTGGAGA-1,151507,Br5292,L5,51,71,8634,7044
151507_TGCCGTGGGACCCAAT-1,151507,Br5292,WM,71,67,11028,6762
151507_TGCCTGATCAAACGAT-1,151507,Br5292,L2,20,70,4920,6986
151507_TGCCTTGGCCAGGCAA-1,151507,Br5292,L4,52,82,8756,7801
151507_TGCGACACCCTAGTGC-1,151507,Br5292,L5,46,46,8030,5325
151507_TGCGAGCCCTTCCGCG-1,151507,Br5292,L1,12,102,3968,9192
151507_TGCGCGATTAACGGAG-1,151507,Br5292,L3,27,41,5753,4987
151507_TGCGGGTATTGGGATC-1,151507,Br5292,L1,1,71,2645,7062
151507_TGCGGTGAAATTTCAT-1,151507,Br5292,L1,12,66,3961,6714
151507_TGCGTAAGAACCTGAT-1,151507,Br5292,L5,43,43,7670,5119
151507_TGCGTACGGCTAATTG-1,151507,Br5292,L5,67,101,10556,9104
151507_TGCGTTTGTTGACACT-1,151507,Br5292,L3,42,76,7557,7391
151507_TGCTCGGTGGGTCACC-1,151507,Br5292,L6,66,72,10431,7108
151507_TGCTCTTGAGAGTTTG-1,151507,Br5292,L6,64,70,10191,6971
151507_TGGAACCACTGACACA-1,151507,Br5292,L1,24,102,5406,9188
151507_TGGAAGACGAACACCA-1,151507,Br5292,L3,14,46,4197,5336
151507_TGGAAGGATAAAGATG-1,151507,Br5292,L2,20,68,4920,6848
151507_TGGAATTAGACGCTTT-1,151507,Br5292,L4,26,18,5628,3404
151507_TGGACACCGTTGCTTG-1,151507,Br5292,L3,20,10,4908,2856
151507_TGGACGTAGGCGAATC-1,151507,Br5292,L3,9,7,3590,2653
151507_TGGCAAACTAAATTAC-1,151507,Br5292,L4,50,78,8515,7526
151507_TGGCAACTCGCGCGCC-1,151507,Br5292,L1,22,86,5163,8087
151507_TGGCAGATTACGATCA-1,151507,Br5292,L4,44,58,7793,6152
151507_TGGCAGCAGTAATAGT-1,151507,Br5292,L4,39,61,7194,6360
151507_TGGCTACACTCTACCT-1,151507,Br5292,L5,64,100,10197,9036
151507_TGGCTATGTGACATAC-1,151507,Br5292,L5,60,82,9714,7798
151507_TGGCTTGTACAAGCTT-1,151507,Br5292,L1,16,116,4450,10154
151507_TGGCTTTGGGTAGACA-1,151507,Br5292,L3,19,51,4797,5679
151507_TGGGATGCACTCATTC-1,151507,Br5292,L1,12,98,3968,8916
151507_TGGGCCTTGCCTGCAT-1,151507,Br5292,L3,8,10,3471,2860
151507_TGGGTAAGGTTCCCGC-1,151507,Br5292,L1,13,79,4084,7608
151507_TGTAACTTGTCAACCT-1,151507,Br5292,L1,3,31,2876,4307
151507_TGTAATGACCACAATA-1,151507,Br5292,L5,36,14,6825,3125
151507_TGTACCTACACGAGGG-1,151507,Br5292,L5,59,91,9596,8418
151507_TGTACTACTCTCACGG-1,151507,Br5292,L1,20,120,4930,10428
151507_TGTAGGAGAAATTTCC-1,151507,Br5292,L3,34,86,6600,8083
151507_TGTAGTGATCTATAAT-1,151507,Br5292,L4,35,33,6709,4434
151507_TGTATCAGACTGAAGC-1,151507,Br5292,L1,10,110,3731,9743
151507_TGTCCACGGCTCAACT-1,151507,Br5292,L5,65,101,10317,9104
151507_TGTCCGTGGCGCCTTT-1,151507,Br5292,L5,30,18,6107,3403
151507_TGTCCTAAGTCACCGC-1,151507,Br5292,L4,34,30,6589,4228
151507_TGTGGCGGGCTTCTGG-1,151507,Br5292,WM,65,59,10308,6213
151507_TGTTTGAGATCGTCAG-1,151507,Br5292,L3,49,115,8403,10074
151507_TTAAACAGAGTCCCGC-1,151507,Br5292,L3,9,27,3594,4030
151507_TTAACCAACCCTCCCT-1,151507,Br5292,L3,19,55,4797,5954
151507_TTAACGAACAAGCAGT-1,151507,Br5292,L1,22,114,5169,10014
151507_TTAAGCCGACAACTTC-1,151507,Br5292,L1,13,77,4083,7470
151507_TTAAGCGCCTGACCCA-1,151507,Br5292,L3,30,44,6113,5193
151507_TTAAGGATACGGAGGT-1,151507,Br5292,L2,7,39,3357,4857
151507_TTAAGGCCCGTACTTT-1,151507,Br5292,WM,59,25,9583,3875
151507_TTAATGTAGACCAGGT-1,151507,Br5292,L3,30,68,6118,6845
151507_TTAATTTCAGACGCGG-1,151507,Br5292,L2,17,69,4561,6918
151507_TTACACGATCTGCGAC-1,151507,Br5292,L5,62,110,9959,9725
151507_TTACAGACCTAAATGA-1,151507,Br5292,L1,26,96,5644,8774
151507_TTACATCGTGGCCTGG-1,151507,Br5292,L3,20,36,4913,4646
151507_TTACCATTGATTACCC-1,151507,Br5292,L4,34,28,6589,4090
151507_TTACCCATTGCCGGGT-1,151507,Br5292,L1,17,85,4564,8020
151507_TTACCCTAGGGATTGG-1,151507,Br5292,L6,60,58,9709,6146
151507_TTACGGATGGTTCGAG-1,151507,Br5292,L3,33,93,6482,8565
151507_TTACGGTGTCACCGAG-1,151507,Br5292,L1,5,37,3117,4720
151507_TTACGTAGCGCGTGCT-1,151507,Br5292,L2,2,100,2770,9058
151507_TTACTCTGGTACGTAC-1,151507,Br5292,L5,43,31,7667,4293
151507_TTACTGGGATATTTCA-1,151507,Br5292,L5,44,54,7792,5876
151507_TTACTGTTTCTCTACG-1,151507,Br5292,L1,2,68,2764,6855
151507_TTAGACACGATCGTTG-1,151507,Br5292,L1,16,86,4444,8089
151507_TTAGATAGGTCGATAC-1,151507,Br5292,L3,13,21,4072,3615
151507_TTAGCAACATGGATGT-1,151507,Br5292,L3,20,28,4912,4095
151507_TTAGTTCAAGTGTTCG-1,151507,Br5292,L1,22,112,5168,9877
151507_TTATAGGTAATTGTCT-1,151507,Br5292,L6,61,73,9832,7178
151507_TTATATTTGGCAATCC-1,151507,Br5292,L3,26,64,5638,6571
151507_TTATCATACTCGCAAA-1,151507,Br5292,L1,2,24,2755,3826
151507_TTATGAATGAAAGGGA-1,151507,Br5292,L4,41,63,7434,6497
151507_TTATGCGTCCCGGTCC-1,151507,Br5292,L1,7,45,3358,5270
151507_TTATTAGAGCGTGTTC-1,151507,Br5292,L4,46,70,8035,6977
151507_TTATTTCATCCCAAAC-1,151507,Br5292,L1,1,19,2634,3482
151507_TTCAACGACCCGACCG-1,151507,Br5292,L3,20,48,4916,5472
151507_TTCAAGCCGAGCTGAG-1,151507,Br5292,L1,13,75,4083,7333
151507_TTCACTCGAGCACCTA-1,151507,Br5292,L5,55,69,9112,6905
151507_TTCACTTCCTAGAACG-1,151507,Br5292,WM,67,51,10546,5662
151507_TTCAGCCCTGGTCCAC-1,151507,Br5292,L4,47,85,8157,8009
151507_TTCAGGCGTCAAAGCC-1,151507,Br5292,L5,40,16,7305,3262
151507_TTCAGTTCAAGAGGAG-1,151507,Br5292,WM,72,38,11142,4765
151507_TTCAGTTTGTGGCAGC-1,151507,Br5292,L5,27,7,5746,2647
151507_TTCCAATCAGAGCTAG-1,151507,Br5292,L1,23,95,5285,8706
151507_TTCCATCATGCGGTGA-1,151507,Br5292,L1,13,99,4088,8985
151507_TTCCGGCTCGACTTCT-1,151507,Br5292,L1,12,110,3970,9742
151507_TTCCGGTTACCCACTT-1,151507,Br5292,L3,45,87,7918,8148
151507_TTCGTGGGCTGGAAGC-1,151507,Br5292,L3,4,114,3013,10021
151507_TTCTAGGCCAATTGTG-1,151507,Br5292,L3,22,44,5155,5196
151507_TTCTGACCGGGCTCAA-1,151507,Br5292,L4,52,84,8756,7939
151507_TTCTGCCGCGCCTAGA-1,151507,Br5292,L5,49,69,8394,6907
151507_TTCTGCTAGACTCCAA-1,151507,Br5292,L1,28,106,5886,9461
151507_TTCTGTTTCCTGTCGC-1,151507,Br5292,L3,20,12,4908,2993
151507_TTCTTAGTGAACGGTG-1,151507,Br5292,L3,18,34,4673,4509
151507_TTGAACGAATCCTTTG-1,151507,Br5292,L3,19,21,4791,3613
151507_TTGAATTCACGTGAGG-1,151507,Br5292,L3,39,97,7202,8838
151507_TTGACGATTCAGCACG-1,151507,Br5292,L1,9,51,3599,5682
151507_TTGACTATTGTCCGGC-1,151507,Br5292,L3,46,104,8041,9317
151507_TTGAGCGCCACGTGAT-1,151507,Br5292,L2,38,118,7086,10284
151507_TTGATGCCGCTCGTCG-1,151507,Br5292,WM,70,34,10902,4490
151507_TTGCCGCTTTCTAGTA-1,151507,Br5292,L6,62,78,9953,7522
151507_TTGCGCTCTCTCGCTT-1,151507,Br5292,L4,22,4,5146,2442
151507_TTGCGCTTGATCAATA-1,151507,Br5292,L6,69,101,10796,9103
151507_TTGCGTAGTTTGAGGA-1,151507,Br5292,L4,25,19,5509,3474
151507_TTGCGTGTGTAGGCAT-1,151507,Br5292,L6,69,83,10792,7864
151507_TTGCTCATAGTACGTG-1,151507,Br5292,L5,67,107,10557,9517
151507_TTGCTGAAGGAACCAC-1,151507,Br5292,L3,19,57,4798,6092
151507_TTGCTGATCATGTTCG-1,151507,Br5292,L3,33,57,6475,6087
151507_TTGGACCTATAACAGT-1,151507,Br5292,L5,56,86,9236,8075
151507_TTGGCCAAATTGTATC-1,151507,Br5292,L6,74,86,11392,8068
151507_TTGGGTTTATTCAGCG-1,151507,Br5292,L1,15,125,4332,10774
151507_TTGGTATGGCTTGTGT-1,151507,Br5292,L1,33,117,6487,10217
151507_TTGTAAGGACCTAAGT-1,151507,Br5292,L5,46,32,8027,4361
151507_TTGTAATCCGTACTCG-1,151507,Br5292,L3,35,55,6714,5948
151507_TTGTATCACACAGAAT-1,151507,Br5292,L1,12,74,3963,7264
151507_TTGTGGTAGGAGGGAT-1,151507,Br5292,L6,50,28,8505,4084
151507_TTGTTCAGTGTGCTAC-1,151507,Br5292,L3,24,64,5398,6572
151507_TTGTTTCACATCCAGG-1,151507,Br5292,L6,58,42,9466,5045
151507_TTGTTTCATTAGTCTA-1,151507,Br5292,WM,60,30,9703,4218
151508_AAACAGAGCGACTCCT-1,151508,Br5292,L1,14,94,4273,8634
151508_AAACAGTGTTCCTGGG-1,151508,Br5292,WM,73,43,11328,5101
151508_AAACCGGGTAGGTACC-1,151508,Br5292,L5,42,28,7612,4080
151508_AAACCGTTCGTCCAGG-1,151508,Br5292,L5,52,42,8813,5040
151508_AAACGACAGTCTTGCC-1,151508,Br5292,L3,2,118,2841,10290
151508_AAACGAGACGGTTGAT-1,151508,Br5292,L3,35,79,6785,7593
151508_AAACGCCCGAGATCGG-1,151508,Br5292,L3,4,108,3078,9601
151508_AAACGGGCGTACGGGT-1,151508,Br5292,L5,65,91,10381,8408
151508_AAACTCGGTTCGCAAT-1,151508,Br5292,L6,66,70,10496,6962
151508_AAACTTGCAAACGTAT-1,151508,Br5292,L6,45,19,7969,3459
151508_AAAGAATGTGGACTAA-1,151508,Br5292,L5,71,105,11102,9369
151508_AAAGACCCAAGTCGCG-1,151508,Br5292,L1,10,48,3784,5469
151508_AAAGGCTACGGACCAT-1,151508,Br5292,L6,62,54,10013,5862
151508_AAAGGGATGTAGCAAG-1,151508,Br5292,L3,24,62,5464,6427
151508_AAAGTCACTGATGTAA-1,151508,Br5292,L1,10,52,3784,5744
151508_AAAGTGTGATTTATCT-1,151508,Br5292,L3,44,94,7866,8622
151508_AAATACCTATAAGCAT-1,151508,Br5292,L4,47,69,8220,6900
151508_AAATCACTCCTAAACG-1,151508,Br5292,L3,0,122,2602,10566
151508_AAATCGTGTACCACAA-1,151508,Br5292,L4,44,56,7858,6007
151508_AAATTAATAAGCGCGA-1,151508,Br5292,L5,32,4,6409,2432
151508_AAATTACCTATCGATG-1,151508,Br5292,L1,26,94,5710,8629
151508_AAATTGGTGAGAAGCA-1,151508,Br5292,L1,15,119,4398,10354
151508_AAATTTACCGAAATCC-1,151508,Br5292,L1,6,90,3314,8361
151508_AACAACTGGTAGTTGC-1,151508,Br5292,L3,28,42,5938,5049
151508_AACATTGTGACTCGAG-1,151508,Br5292,L6,64,52,10252,5724
151508_AACCCGCTGTATTCCA-1,151508,Br5292,WM,75,59,11571,6201
151508_AACCGCTAAGGGATGC-1,151508,Br5292,L3,46,92,8105,8484
151508_AACCTCGCTTTAGCCC-1,151508,Br5292,L5,62,82,10019,7789
151508_AACGCGGTCTCCAGCC-1,151508,Br5292,L3,23,65,5344,6634
151508_AACGGCCATCTCCGGT-1,151508,Br5292,L5,47,39,8213,4835
151508_AACGTCAGACTAGTGG-1,151508,Br5292,L3,24,40,5459,4913
151508_AACGTCGCTGCACTTC-1,151508,Br5292,L5,73,109,11343,9644
151508_AACGTGATGAAGGACA-1,151508,Br5292,L1,9,83,3672,7878
151508_AACGTTATCAGCACCT-1,151508,Br5292,L3,22,10,5213,2849
151508_AACTAGCGTATCGCAC-1,151508,Br5292,L1,4,48,3065,5471
151508_AACTGGGTCCCGACGT-1,151508,Br5292,L2,20,66,4985,6704
151508_AACTGGTGTGGGCCTT-1,151508,Br5292,L1,7,49,3425,5539
151508_AACTTCTGCGTCTATC-1,151508,Br5292,L3,18,18,4735,3401
151508_AACTTGCCCGTATGCA-1,151508,Br5292,L3,29,27,6055,4016
151508_AAGACATACGTGGTTT-1,151508,Br5292,L5,68,114,10745,9990
151508_AAGACCCAACTGAACA-1,151508,Br5292,L6,60,54,9774,5863
151508_AAGACTGCAAGCTACT-1,151508,Br5292,L3,36,68,6902,6836
151508_AAGAGCTCTTTATCGG-1,151508,Br5292,L3,35,77,6784,7456
151508_AAGAGGATGTACGCGA-1,151508,Br5292,L5,39,29,7253,4150
151508_AAGAGGCATGGATCGC-1,151508,Br5292,L3,36,80,6905,7662
151508_AAGATGGCACCGGACC-1,151508,Br5292,L6,59,39,9651,4831
151508_AAGCATACTCTCCTGA-1,151508,Br5292,L5,53,69,8938,6898
151508_AAGCGCAGGGCTTTGA-1,151508,Br5292,L6,67,73,10616,7168
151508_AAGCGTCCCTCATCGA-1,151508,Br5292,L6,57,35,9410,4556
151508_AAGCTAGATCGAGTAA-1,151508,Br5292,L4,50,68,8579,6830
151508_AAGGAGCGGTTGGTGC-1,151508,Br5292,L3,28,48,5940,5462
151508_AAGGGAACGACTGGCT-1,151508,Br5292,WM,63,21,10126,3590
151508_AAGTCAATTGTCGTCA-1,151508,Br5292,L3,45,101,7987,9104
151508_AAGTCTTCTGTGGCCT-1,151508,Br5292,L5,39,3,7247,2360
151508_AAGTGCAAAGGTAGAC-1,151508,Br5292,L4,28,10,5931,2846
151508_AAGTGCCTTGACTGTA-1,151508,Br5292,L3,44,104,7868,9311
151508_AAGTGTTTGGAGACGG-1,151508,Br5292,L4,52,80,8821,7656
151508_AAGTTTACTAATGGCA-1,151508,Br5292,L1,5,61,3188,6366
151508_AATAGAATCTGTTTCA-1,151508,Br5292,L3,48,86,8343,8070
151508_AATATCAAGGTCGGAT-1,151508,Br5292,L1,8,42,3543,5057
151508_AATATCGAGGGTTCTC-1,151508,Br5292,L1,27,101,5831,9111
151508_AATATTGGAGTATTGA-1,151508,Br5292,L5,36,22,6892,3669
151508_AATCAGACTGCAGGAC-1,151508,Br5292,L2,5,23,3179,3750
151508_AATCGCCTCAGCGCCA-1,151508,Br5292,L3,39,79,7264,7592
151508_AATCGTGAGCCGAGCA-1,151508,Br5292,L5,67,83,10618,7856
151508_AATCTAGGTTTACTTG-1,151508,Br5292,L6,52,16,8807,3250
151508_AATCTATGCCGGAGCC-1,151508,Br5292,L1,26,110,5714,9731
151508_AATGACGTAGGATGTC-1,151508,Br5292,L3,44,78,7862,7521
151508_AATGACTGTCAGCCGG-1,151508,Br5292,L3,23,47,5340,5395
151508_AATGGTTCTCACAAGC-1,151508,Br5292,L3,19,35,4859,4571
151508_AATTAACGGATTTCCA-1,151508,Br5292,L5,58,66,9537,6690
151508_ACAAGCTATATGGAAG-1,151508,Br5292,L5,37,1,7007,2223
151508_ACAATAGTCGTACGTT-1,151508,Br5292,L5,42,20,7610,3529
151508_ACAATCCATTTAAACC-1,151508,Br5292,L4,36,32,6894,4358
151508_ACAATTTAGGAGGCTC-1,151508,Br5292,L5,31,9,6290,2776
151508_ACACAAATATTCCTAG-1,151508,Br5292,L2,14,124,4279,10699
151508_ACACCCAGCATGCAGC-1,151508,Br5292,L3,24,50,5461,5601
151508_ACACTCCAATGTCACT-1,151508,Br5292,L3,17,17,4615,3332
151508_ACAGATTAGGTTAGTG-1,151508,Br5292,L1,7,57,3426,6090
151508_ACAGTGCAGCGCATTT-1,151508,Br5292,L3,0,116,2601,10153
151508_ACATCCTGGTAACTGT-1,151508,Br5292,L3,42,102,7628,9174
151508_ACATCGTTAACCTAGT-1,151508,Br5292,L1,9,75,3670,7328
151508_ACATCTCAACGCGTAA-1,151508,Br5292,L1,4,74,3071,7261
151508_ACATTAGTTTATATCC-1,151508,Br5292,L5,51,61,8697,6348
151508_ACATTTGAAACCTAAC-1,151508,Br5292,L5,73,99,11340,8955
151508_ACCACAAGTTTCTATC-1,151508,Br5292,L3,30,54,6180,5874
151508_ACCAGCCCGGTCTTTG-1,151508,Br5292,L1,4,72,3070,7123
151508_ACCATCGTATATGGTA-1,151508,Br5292,L5,42,42,7615,5044
151508_ACCATTAAGGGTGTCA-1,151508,Br5292,L3,13,5,4134,2508
151508_ACCCAACGCCCGTGGC-1,151508,Br5292,L3,30,86,6187,8077
151508_ACCCACCTACATGCTC-1,151508,Br5292,L3,25,25,5575,3880
151508_ACCCTATGCCATATCG-1,151508,Br5292,L6,56,40,9291,4901
151508_ACCGAGTCTCCTTATT-1,151508,Br5292,L6,71,79,11097,7580
151508_ACCGATAGGCATAACC-1,151508,Br5292,L3,60,118,9788,10268
151508_ACCGATGGTAGCATCG-1,151508,Br5292,L3,36,92,6907,8488
151508_ACCGGTCTGAGTACGG-1,151508,Br5292,L2,4,100,3076,9051
151508_ACCGTTCCCGCTCTGA-1,151508,Br5292,L1,5,65,3188,6641
151508_ACCTACAGTATGTGGT-1,151508,Br5292,L3,41,113,7511,9931
151508_ACCTCAGCGAGGCGCA-1,151508,Br5292,L6,77,99,11820,8954
151508_ACCTCCGCCCTCGCTG-1,151508,Br5292,L3,55,107,9186,9513
151508_ACCTTTCCTTTAGAAG-1,151508,Br5292,L1,0,66,2590,6712
151508_ACGACTCTAGGGCCGA-1,151508,Br5292,L5,71,93,11100,8543
151508_ACGAGGTTTACAACGT-1,151508,Br5292,WM,57,13,9405,3042
151508_ACGATACATAGAACTA-1,151508,Br5292,L2,22,80,5228,7667
151508_ACGATGGATCCGATGC-1,151508,Br5292,L1,10,70,3788,6983
151508_ACGCAAACTAATAGAT-1,151508,Br5292,L6,63,47,10131,5380
151508_ACGCAATCACTACAGC-1,151508,Br5292,L1,25,109,5594,9662
151508_ACGCATTCGTGAGTAC-1,151508,Br5292,L3,33,61,6541,6355
151508_ACGCGAAGTCAGACGA-1,151508,Br5292,L5,49,59,8457,6211
151508_ACGCTGTGAGGCGTAG-1,151508,Br5292,L5,39,13,7249,3049
151508_ACGCTTAGTGTCTCTC-1,151508,Br5292,L1,3,81,2952,7743
151508_ACGGGAGTGTCGGCCC-1,151508,Br5292,L6,47,25,8210,3872
151508_ACGTACTTTGGCACGG-1,151508,Br5292,WM,70,32,10966,4345
151508_ACGTGGTCGAATGTGC-1,151508,Br5292,L1,2,78,2832,7537
151508_ACGTTCACTATGCCGC-1,151508,Br5292,WM,74,38,11447,4756
151508_ACTAATACGTCAGGCG-1,151508,Br5292,L1,8,98,3555,8911
151508_ACTATATGCTGTGTTC-1,151508,Br5292,L1,13,105,4155,9391
151508_ACTATTCGTCCGTGGT-1,151508,Br5292,L1,14,74,4268,7257
151508_ACTCAGACCTGCTTCT-1,151508,Br5292,L1,9,43,3663,5125
151508_ACTCCAATATCATCAT-1,151508,Br5292,WM,63,29,10127,4141
151508_ACTCCCTAATGCTAAA-1,151508,Br5292,L5,57,69,9418,6897
151508_ACTCTCTTATACACGA-1,151508,Br5292,L1,8,84,3552,7948
151508_ACTCTTGTATAGTAAC-1,151508,Br5292,L3,36,70,6903,6973
151508_ACTGCCCGCCATTCTC-1,151508,Br5292,WM,68,30,10727,4208
151508_ACTGGCGAACCTGCGT-1,151508,Br5292,L3,10,126,3801,10838
151508_ACTGTACGATACACAT-1,151508,Br5292,L3,30,78,6186,7526
151508_ACTGTTTAGTGTAGGC-1,151508,Br5292,L1,3,59,2948,6229
151508_ACTTACCGGGCGCGCA-1,151508,Br5292,L1,11,95,3914,8704
151508_ACTTATACTTACCCGG-1,151508,Br5292,L3,36,90,6907,8350
151508_ACTTATTAGGATCGGT-1,151508,Br5292,L3,38,52,7138,5734
151508_ACTTTCCTATAGCTTC-1,151508,Br5292,L3,28,62,5943,6426
151508_AGAAATTATGACTCGC-1,151508,Br5292,L3,53,115,8949,10064
151508_AGAACTGTACTTTGTA-1,151508,Br5292,L5,74,96,11460,8749
151508_AGAAGAGCGCCGTTCC-1,151508,Br5292,L3,38,88,7146,8212
151508_AGAAGGTTGTAGGTCG-1,151508,Br5292,L5,64,78,10258,7513
151508_AGAATTGTTTGACATA-1,151508,Br5292,L3,17,23,4617,3745
151508_AGACCGCTCCGCGGTT-1,151508,Br5292,L3,51,111,8708,9790
151508_AGACGGGATTGGTATA-1,151508,Br5292,L2,1,79,2712,7606
151508_AGAGGCTTCGGAAACC-1,151508,Br5292,L3,51,101,8706,9102
151508_AGATAACTTCAGGGCC-1,151508,Br5292,L3,32,44,6418,5185
151508_AGATACCGGTGTTCAC-1,151508,Br5292,L4,40,38,7375,4769
151508_AGATACTCAAGATCGA-1,151508,Br5292,L3,46,82,8103,7796
151508_AGATCGTGCATAAGAT-1,151508,Br5292,L1,21,97,5112,8838
151508_AGATCTCAGGTGTGAT-1,151508,Br5292,L3,29,75,6065,7320
151508_AGATGACTCGCCCACG-1,151508,Br5292,L3,21,55,5103,5947
151508_AGATGAGGGTTGCGAT-1,151508,Br5292,L1,14,98,4274,8909
151508_AGATGCAAGACGTGCA-1,151508,Br5292,L6,58,24,9527,3799
151508_AGATGCATCCTGTGTC-1,151508,Br5292,L6,48,6,8326,2563
151508_AGCAGCCAGATGAATA-1,151508,Br5292,L5,56,58,9295,6140
151508_AGCAGTCGAAGCATGC-1,151508,Br5292,L6,74,84,11457,7923
151508_AGCATCGTCGATAATT-1,151508,Br5292,L3,22,52,5222,5740
151508_AGCCACAGGTTACCCG-1,151508,Br5292,L5,63,89,10141,8271
151508_AGCCATATAGTATGTG-1,151508,Br5292,L6,71,65,11093,6616
151508_AGCCCATACATGTAAG-1,151508,Br5292,L5,42,26,7612,3942
151508_AGCCCGCAACAAGCAG-1,151508,Br5292,L6,68,54,10732,5860
151508_AGCCCGGTAGCCTGTA-1,151508,Br5292,L6,61,49,9892,5518
151508_AGCCCTCCCTGGTGGC-1,151508,Br5292,WM,67,29,10607,4139
151508_AGCCCTGTCGCACCGT-1,151508,Br5292,L3,41,121,7513,10482
151508_AGCGGCGGTTAGCGGT-1,151508,Br5292,L6,50,12,8567,2976
151508_AGCGGGTCTGACACTC-1,151508,Br5292,L6,66,66,10495,6687
151508_AGCGTAGCGCTAGACC-1,151508,Br5292,L1,3,25,2940,3888
151508_AGCTAACAAGCAATGT-1,151508,Br5292,L6,61,33,9889,4417
151508_AGCTCTTCGTAACCTT-1,151508,Br5292,L3,39,107,7270,9519
151508_AGCTGAAGTAAACCAA-1,151508,Br5292,L1,20,84,4989,7943
151508_AGCTGCTGTGCCGAAT-1,151508,Br5292,L3,1,113,2720,9947
151508_AGGAACGAACGACTTC-1,151508,Br5292,L4,64,120,10267,10404
151508_AGGATAAAGTCGGGAT-1,151508,Br5292,L5,53,65,8938,6623
151508_AGGCCACCCGTTATGA-1,151508,Br5292,L3,28,38,5937,4774
151508_AGGCCCATTGTACAGG-1,151508,Br5292,L2,15,55,4384,5949
151508_AGGCCTGAGAATCTCG-1,151508,Br5292,L5,62,88,10021,8202
151508_AGGCGGTTTGTCCCGC-1,151508,Br5292,WM,59,17,9646,3316
151508_AGGCTTAAGTTGCACA-1,151508,Br5292,L6,77,69,11813,6889
151508_AGGCTTCCCGAAGAAG-1,151508,Br5292,L5,50,42,8573,5041
151508_AGGGAAACGAGGTACT-1,151508,Br5292,L1,13,89,4152,8290
151508_AGGGTCGATGCGAACT-1,151508,Br5292,L3,37,97,7028,8832
151508_AGGGTGCCGTTCTTTA-1,151508,Br5292,WM,65,33,10368,4415
151508_AGGTGCACGTCCACAT-1,151508,Br5292,L5,70,104,10982,9301
151508_AGGTGTATCGCCATGA-1,151508,Br5292,L5,37,17,7011,3325
151508_AGTAATCTAAGGGTGG-1,151508,Br5292,L6,74,88,11458,8198
151508_AGTAATGTCTTGCCGC-1,151508,Br5292,L2,16,60,4505,6293
151508_AGTACAGAAGCTTATA-1,151508,Br5292,L6,71,77,11096,7442
151508_AGTACCTTCGAGTGCT-1,151508,Br5292,L1,10,108,3797,9599
151508_AGTATTTGGCACGACC-1,151508,Br5292,L6,58,52,9534,5726
151508_AGTCAGCCACCGCCTG-1,151508,Br5292,L3,16,28,4498,4090
151508_AGTCGGCCCAAACGAC-1,151508,Br5292,L3,25,39,5578,4844
151508_AGTCGGCTCAACTTTA-1,151508,Br5292,L6,47,23,8210,3734
151508_AGTCGGTTGCGTGAGA-1,151508,Br5292,L3,40,112,7391,9863
151508_AGTCTTCTCCTCAAAT-1,151508,Br5292,L3,24,66,5464,6703
151508_AGTGACCTACTTTACG-1,151508,Br5292,L4,44,52,7857,5731
151508_AGTGACTGTGACACAA-1,151508,Br5292,WM,66,28,10487,4071
151508_AGTGATAACCTGCGCG-1,151508,Br5292,L5,59,89,9661,8272
151508_AGTGGCGTCTGAAGGT-1,151508,Br5292,L5,62,86,10020,8065
151508_AGTGGTTGCGTATAGG-1,151508,Br5292,L5,35,7,6769,2637
151508_AGTGTGGTCTATTGTG-1,151508,Br5292,L3,21,23,5096,3744
151508_AGTTAAGTCAACCGCT-1,151508,Br5292,L6,51,25,8689,3870
151508_AGTTACCGCACATGGT-1,151508,Br5292,L4,26,14,5693,3122
151508_AGTTGACATCGGCTGG-1,151508,Br5292,L3,10,26,3779,3954
151508_AGTTTGGCACGGGTTG-1,151508,Br5292,L3,48,102,8347,9171
151508_ATAAAGGTCAAGTACG-1,151508,Br5292,L1,5,85,3193,8018
151508_ATAACGGAGTCCAACG-1,151508,Br5292,L3,25,75,5586,7322
151508_ATAAGCAAACACCGAG-1,151508,Br5292,L3,9,125,3681,10770
151508_ATAAGTAGGATTCAGA-1,151508,Br5292,L1,27,103,5832,9248
151508_ATAAGTTACCGCGACG-1,151508,Br5292,L5,46,52,8096,5730
151508_ATACCAGGTGAGCGAT-1,151508,Br5292,L1,1,55,2707,5954
151508_ATACGAGGTTTGTAAG-1,151508,Br5292,WM,75,49,11569,5513
151508_ATACGGGTTTCGATTG-1,151508,Br5292,L1,22,82,5228,7805
151508_ATACGTACTTAGCCAC-1,151508,Br5292,L5,55,77,9180,7448
151508_ATAGACGAAGAGAAAG-1,151508,Br5292,L3,33,45,6538,5254
151508_ATATCAACCTACAGAG-1,151508,Br5292,L3,37,105,7030,9382
151508_ATATCGTGCCAGACCC-1,151508,Br5292,L1,3,79,2952,7605
151508_ATATCTCCCTCGTTAA-1,151508,Br5292,L1,19,87,4870,8150
151508_ATATGTCTCCCTAGCC-1,151508,Br5292,L3,35,97,6789,8832
151508_ATATTCAGTTAAACCT-1,151508,Br5292,L5,44,40,7854,4905
151508_ATATTCCCACAGGTCA-1,151508,Br5292,L1,11,59,3906,6226
151508_ATATTGCTGTCAAAGT-1,151508,Br5292,L3,18,32,4738,4364
151508_ATCAAACACTGTTCCA-1,151508,Br5292,L3,47,107,8228,9516
151508_ATCAGGTCGCCATTGC-1,151508,Br5292,L1,8,94,3554,8636
151508_ATCATAGCCCTATGTA-1,151508,Br5292,L4,62,106,10025,9441
151508_ATCATCTGCCCAGTGT-1,151508,Br5292,L2,2,84,2833,7950
151508_ATCCACGCTAAATGTT-1,151508,Br5292,L1,5,83,3192,7880
151508_ATCCCATTTCCGTGGG-1,151508,Br5292,L6,71,57,11092,6065
151508_ATCCTGAATCGCTGCG-1,151508,Br5292,L5,38,26,7132,3944
151508_ATCCTGCTGCAGATAG-1,151508,Br5292,L1,6,44,3304,5195
151508_ATCGCACGCCGGGAGA-1,151508,Br5292,L3,25,57,5582,6083
151508_ATCGCCAGTCAACATT-1,151508,Br5292,L3,45,105,7988,9379
151508_ATCGCTGCGTGCAGCA-1,151508,Br5292,L1,23,111,5354,9801
151508_ATCGGTTACCTAGTAA-1,151508,Br5292,L5,34,8,6649,2706
151508_ATCGTCCAATCGAGTC-1,151508,Br5292,L3,9,13,3656,3060
151508_ATCTAGCTTGTGAGGG-1,151508,Br5292,L6,67,65,10614,6617
151508_ATCTGGTTAAGACTGT-1,151508,Br5292,L3,26,76,5706,7390
151508_ATCTTATCGCACACCC-1,151508,Br5292,L5,64,104,10264,9303
151508_ATCTTGACCTGCAACG-1,151508,Br5292,L3,26,44,5699,5187
151508_ATCTTGACTTGTCCAA-1,151508,Br5292,L1,30,108,6192,9591
151508_ATGACTATGCGACATT-1,151508,Br5292,L3,48,88,8344,8208
151508_ATGAGGAGTGTTAATC-1,151508,Br5292,L3,25,35,5577,4568
151508_ATGAGGGCAGCGGCTA-1,151508,Br5292,L3,42,120,7632,10413
151508_ATGATCGGGAATAGAC-1,151508,Br5292,L2,16,54,4504,5880
151508_ATGCATTCCGTGATGG-1,151508,Br5292,L1,4,52,3066,5746
151508_ATGCCAATCGCTCTGC-1,151508,Br5292,L1,15,105,4395,9391
151508_ATGCCATTTGCGACCA-1,151508,Br5292,L3,43,91,7746,8416
151508_ATGCGACAGTCCCATT-1,151508,Br5292,L3,35,71,6783,7043
151508_ATGCGAGTCCCACCAC-1,151508,Br5292,L3,48,104,8347,9309
151508_ATGGAACCTTTGCACA-1,151508,Br5292,L2,38,120,7153,10414
151508_ATGGACTGCTTAGTTG-1,151508,Br5292,WM,75,39,11567,4825
151508_ATGGATTGACCAAACG-1,151508,Br5292,L3,27,61,5823,6357
151508_ATGTCATAATAAACGA-1,151508,Br5292,L6,77,63,11812,6476
151508_ATGTGGACATCTTGAT-1,151508,Br5292,L4,47,71,8220,7038
151508_ATGTTGTAGTCTGTTT-1,151508,Br5292,L6,65,47,10371,5379
151508_ATTAATTCGGTCACTC-1,151508,Br5292,L1,14,66,4267,6706
151508_ATTACTAGCCTCTTGC-1,151508,Br5292,L3,18,44,4741,5190
151508_ATTATCGGAATGTACG-1,151508,Br5292,L6,69,57,10852,6066
151508_ATTATTATGTCCGTCA-1,151508,Br5292,L6,59,37,9650,4693
151508_ATTCACTGATGTTGGA-1,151508,Br5292,L5,56,68,9298,6828
151508_ATTCATATACTGTCCA-1,151508,Br5292,L4,46,60,8098,6281
151508_ATTGACCGGCGATGAC-1,151508,Br5292,L1,20,114,4996,10008
151508_ATTGACGTAACTCGGT-1,151508,Br5292,L1,8,72,3549,7122
151508_ATTGATGAGTCCTAAC-1,151508,Br5292,L3,33,99,6550,8971
151508_ATTGTCGCAATACCTT-1,151508,Br5292,L1,15,85,4391,8014
151508_ATTTGCCTAGTTACGA-1,151508,Br5292,L1,1,61,2709,6367
151508_CAAACGGTCGCACTTT-1,151508,Br5292,L3,30,40,6177,4911
151508_CAAATGCGGAGTGTTC-1,151508,Br5292,L1,0,58,2588,6161
151508_CAACCAGTGGCCTACC-1,151508,Br5292,L4,61,115,9907,10061
151508_CAACGACCCGTTTACA-1,151508,Br5292,L3,20,50,4982,5603
151508_CAACGCGATGAGCCAA-1,151508,Br5292,WM,74,36,11446,4618
151508_CAACTCCGTAACTTGC-1,151508,Br5292,L2,13,119,4158,10355
151508_CAATCCTGCCGTGGAG-1,151508,Br5292,L3,14,24,4257,3815
151508_CAATGACCCTTAATTT-1,151508,Br5292,WM,73,57,11331,6064
151508_CAATGGTCGGCCTGGG-1,151508,Br5292,L1,6,56,3306,6021
151508_CAATGTGCCAACCCTT-1,151508,Br5292,L2,37,115,7032,10071
151508_CACACGCGCTGTCTTA-1,151508,Br5292,L3,33,89,6547,8282
151508_CACACTTGTATTGCGA-1,151508,Br5292,L2,10,116,3798,10150
151508_CACAGTTCGCTTCCCA-1,151508,Br5292,L3,54,114,9068,9995
151508_CACATATTAGCAGGAT-1,151508,Br5292,L4,47,73,8221,7176
151508_CACATCTCACCGACGA-1,151508,Br5292,L5,57,75,9419,7310
151508_CACATGTTTGGACATG-1,151508,Br5292,L3,10,18,3777,3404
151508_CACATTCTTTCGATGG-1,151508,Br5292,L1,18,90,4751,8357
151508_CACCAGTCAGCATGCA-1,151508,Br5292,WM,60,22,9767,3660
151508_CACCCAAATCTTATGT-1,151508,Br5292,L2,35,105,6790,9383
151508_CACCCGCGTTTGACAC-1,151508,Br5292,L5,73,117,11344,10194
151508_CACCCGGTTTGTGACT-1,151508,Br5292,L6,53,39,8932,4833
151508_CACCGCCAGAAGGTTT-1,151508,Br5292,L3,27,59,5822,6220
151508_CACCGCCGACCAGCGA-1,151508,Br5292,L1,9,67,3668,6777
151508_CACCGGAGATATCTCC-1,151508,Br5292,L1,7,93,3434,8568
151508_CACCGTTGCGCGATAT-1,151508,Br5292,L5,47,29,8211,4147
151508_CACCTAATCAGTTTAC-1,151508,Br5292,L2,20,72,4987,7117
151508_CACGACCACAGACTTT-1,151508,Br5292,L3,1,99,2717,8983
151508_CACGACTAAAGTTCTG-1,151508,Br5292,L1,3,49,2945,5540
151508_CACGCACAGCGCAGCT-1,151508,Br5292,L3,24,72,5466,7116
151508_CACGCAGCGAGGCTTT-1,151508,Br5292,L3,31,43,6298,5117
151508_CACGTCGGGTTCTAGA-1,151508,Br5292,L3,15,1,4372,2232
151508_CACTCGGTTAGGAGGA-1,151508,Br5292,L5,35,13,6770,3050
151508_CACTGACGATTGTGGA-1,151508,Br5292,L6,65,51,10372,5654
151508_CAGACGAACCTGATAC-1,151508,Br5292,L5,50,50,8575,5591
151508_CAGCCCTCACAGGCAG-1,151508,Br5292,L1,3,63,2948,6504
151508_CAGCGCCAACACGATA-1,151508,Br5292,L5,37,5,7008,2499
151508_CAGCTCACTGAGACAT-1,151508,Br5292,L3,33,59,6541,6217
151508_CAGCTCGTGCTTGTGT-1,151508,Br5292,L3,14,42,4261,5054
151508_CAGGCGCACGGTGGTC-1,151508,Br5292,L6,56,28,9289,4075
151508_CAGGCGCCATGCTAGG-1,151508,Br5292,L4,49,73,8460,7175
151508_CAGGTTTAGTACTACA-1,151508,Br5292,L2,13,125,4160,10768
151508_CAGTAGATGATGTCCG-1,151508,Br5292,L3,17,1,4612,2231
151508_CAGTAGCGAGGTAGTA-1,151508,Br5292,L1,4,30,3061,4232
151508_CAGTCTCTCGGCTAAT-1,151508,Br5292,L2,6,28,3300,4094
151508_CAGTTCAAATTGACAC-1,151508,Br5292,L3,29,51,6060,5668
151508_CATAAGCTCTCCGTCT-1,151508,Br5292,L5,42,14,7609,3116
151508_CATACACGGTTCCCAC-1,151508,Br5292,L6,61,55,9894,5931
151508_CATACTATGTAATTGT-1,151508,Br5292,L3,36,48,6898,5459
151508_CATAGCGTTGCCCACC-1,151508,Br5292,L6,54,42,9052,5039
151508_CATATGTCAGGCTACG-1,151508,Br5292,L6,48,24,8330,3802
151508_CATCAAACTGGCGCCC-1,151508,Br5292,L1,15,117,4398,10217
151508_CATCATCTACCCGGAC-1,151508,Br5292,L1,11,69,3908,6914
151508_CATCGGACGGGTTAAT-1,151508,Br5292,L4,42,58,7619,6145
151508_CATCGTCCGGTTACTA-1,151508,Br5292,L3,23,11,5333,2917
151508_CATCTACCCGAGAACG-1,151508,Br5292,L3,6,112,3319,9876
151508_CATCTGCAGGATCATT-1,151508,Br5292,L4,28,8,5931,2709
151508_CATGAACCGACATTTG-1,151508,Br5292,L2,11,43,3902,5124
151508_CATGATGCACAATTCT-1,151508,Br5292,L2,21,69,5106,6910
151508_CATGCATGGAGACCCT-1,151508,Br5292,L1,6,70,3309,6985
151508_CATGGGTCGGGTGTGG-1,151508,Br5292,L1,21,85,5109,8012
151508_CATGTAAGAGACATTT-1,151508,Br5292,L4,54,90,9063,8343
151508_CATGTGGGCTCATCAC-1,151508,Br5292,L6,76,90,11698,8335
151508_CATTACGTCGGCCCGT-1,151508,Br5292,L2,19,65,4865,6636
151508_CATTGCAAAGCATAAT-1,151508,Br5292,L2,1,83,2713,7882
151508_CATTTATCGTTCAAGA-1,151508,Br5292,L1,5,77,3191,7467
151508_CATTTGAGTGGTACGT-1,151508,Br5292,L5,50,48,8575,5454
151508_CCAAAGCAGTTGGTTG-1,151508,Br5292,L3,10,10,3775,2853
151508_CCAATTGAATGTTAAT-1,151508,Br5292,L3,20,46,4981,5327
151508_CCACAATGTACGTCTT-1,151508,Br5292,L3,29,85,6067,8009
151508_CCACACTGAGATATTA-1,151508,Br5292,L4,39,49,7257,5527
151508_CCACAGTACCCATCCT-1,151508,Br5292,L3,48,92,8345,8483
151508_CCACCAACTTTACTGT-1,151508,Br5292,L5,52,40,8812,4902
151508_CCACGAGAAGAGAATC-1,151508,Br5292,L1,17,75,4628,7325
151508_CCACGGAGCCATAAGA-1,151508,Br5292,L5,47,27,8211,4009
151508_CCAGCTACGCCTCATA-1,151508,Br5292,L2,9,35,3661,4574
151508_CCAGTCAAATCTCTTA-1,151508,Br5292,L6,42,8,7608,2703
151508_CCAGTTCGGTAACTCA-1,151508,Br5292,L6,73,89,11338,8267
151508_CCATAAACAACCCGAC-1,151508,Br5292,L1,14,76,4269,7395
151508_CCATATGGAAACTATA-1,151508,Br5292,L3,53,103,8946,9238
151508_CCATGGCCCTTGTACC-1,151508,Br5292,L4,32,22,6413,3671
151508_CCCAACCACACTAACA-1,151508,Br5292,L1,8,66,3548,6709
151508_CCCAGGTCTGAAGGCT-1,151508,Br5292,L3,53,111,8948,9789
151508_CCCATATAGGTCGATT-1,151508,Br5292,L4,65,117,10386,10198
151508_CCCGCAAATAATCATC-1,151508,Br5292,WM,77,55,11810,5925
151508_CCCGCCATGCTCCCGT-1,151508,Br5292,L3,19,41,4860,4984
151508_CCCGTGACAGTGCCTT-1,151508,Br5292,L6,77,91,11818,8403
151508_CCCTACTTGAACAATG-1,151508,Br5292,L5,70,86,10978,8062
151508_CCCTAGGCAACAAGAG-1,151508,Br5292,L6,47,3,8205,2357
151508_CCCTCATTCTGGAATT-1,151508,Br5292,L3,16,44,4501,5191
151508_CCCTGCGCTACGCATA-1,151508,Br5292,L4,34,24,6653,3808
151508_CCCTTTGACAGGTCTT-1,151508,Br5292,L5,50,56,8576,6004
151508_CCGAAGTATATTGTTC-1,151508,Br5292,L3,22,22,5215,3675
151508_CCGAGGGATGTTAGGC-1,151508,Br5292,L1,6,62,3308,6434
151508_CCGATTGGTCAATGAA-1,151508,Br5292,L3,2,98,2836,8914
151508_CCGCACTTGCAATGAC-1,151508,Br5292,L5,69,107,10863,9508
151508_CCGCTTACCTCACTCT-1,151508,Br5292,L5,47,35,8212,4560
151508_CCGGAGGTCTTATGGT-1,151508,Br5292,L1,18,118,4757,10284
151508_CCGGGACCCGCAGAGA-1,151508,Br5292,L2,16,52,4503,5742
151508_CCGGGCTGCTCCATAC-1,151508,Br5292,L3,36,86,6906,8075
151508_CCGGGTTCGAGGTTAC-1,151508,Br5292,L4,38,32,7134,4357
151508_CCGTAGGGTTGTTTAC-1,151508,Br5292,L4,60,104,9785,9305
151508_CCGTGCCCATGACGGC-1,151508,Br5292,L2,12,48,4023,5468
151508_CCGTGGAACGATCCAA-1,151508,Br5292,L1,24,106,5473,9456
151508_CCTAAAGGCTGACGCT-1,151508,Br5292,L1,14,82,4270,7808
151508_CCTAAGTGTCTAACCG-1,151508,Br5292,L1,2,22,2820,3682
151508_CCTACTGCGGCGGCCA-1,151508,Br5292,L1,22,126,5238,10833
151508_CCTAGTTAGTCGCATG-1,151508,Br5292,L1,12,72,4028,7120
151508_CCTATGTCCACTCCAC-1,151508,Br5292,L5,62,92,10021,8478
151508_CCTCACCTGAGGGAGC-1,151508,Br5292,L1,28,102,5951,9179
151508_CCTCGCCAGCAAATTA-1,151508,Br5292,L1,18,74,4747,7256
151508_CCTCTATCGATTAGCA-1,151508,Br5292,L6,52,26,8809,3938
151508_CCTGTAAGACATGATA-1,151508,Br5292,L4,37,41,7016,4977
151508_CCTGTCGCCCGTAAAT-1,151508,Br5292,L3,36,62,6901,6423
151508_CCTTAAGTACGCAATT-1,151508,Br5292,L6,75,97,11580,8817
151508_CCTTCTCAGCGTTCCT-1,151508,Br5292,L5,43,15,7729,3185
151508_CCTTGTGAACGTGGTT-1,151508,Br5292,WM,72,48,11210,5445
151508_CCTTTAAGGGAGCACT-1,151508,Br5292,L6,58,50,9533,5588
151508_CCTTTCAATGAAGAAA-1,151508,Br5292,L1,25,95,5590,8698
151508_CGAAACATAGATGGCA-1,151508,Br5292,L1,11,77,3910,7465
151508_CGAACGGCCGGACAAC-1,151508,Br5292,L6,47,15,8208,3183
151508_CGAAGACGGTGAGTGC-1,151508,Br5292,L5,33,3,6529,2363
151508_CGAAGTTGCTCTGTGT-1,151508,Br5292,L4,33,35,6536,4565
151508_CGACAATTTGATCTAA-1,151508,Br5292,L3,43,95,7746,8692
151508_CGAGCCGAGCACTCGA-1,151508,Br5292,L3,11,3,3894,2371
151508_CGAGGCCAGGCATTGG-1,151508,Br5292,L3,14,22,4257,3678
151508_CGATAGTCGTACTGCA-1,151508,Br5292,L5,66,88,10500,8201
151508_CGATATTAGCCGCAGG-1,151508,Br5292,L2,7,35,3421,4575
151508_CGATCCACCATTGTTG-1,151508,Br5292,WM,72,54,11211,5858
151508_CGATCCGACCCAGTGC-1,151508,Br5292,L4,38,50,7138,5596
151508_CGATCTGTTGGAGGAC-1,151508,Br5292,L5,46,24,8090,3803
151508_CGATGGACCCTACGCC-1,151508,Br5292,L1,22,96,5231,8768
151508_CGATTCGCCTGGCTGC-1,151508,Br5292,L5,57,73,9418,7172
151508_CGCAAACACGAGTTAC-1,151508,Br5292,L3,27,37,5817,4705
151508_CGCAATTACTTTCGGT-1,151508,Br5292,L3,23,33,5337,4431
151508_CGCACGTCTGTTTATG-1,151508,Br5292,WM,68,32,10727,4345
151508_CGCACGTGCGCTATCA-1,151508,Br5292,L3,39,99,7268,8968
151508_CGCATGCCGAATGCGT-1,151508,Br5292,L5,67,89,10620,8269
151508_CGCATGGTGCGATGCT-1,151508,Br5292,L3,40,66,7381,6696
151508_CGCCCAGCACGCCTAG-1,151508,Br5292,L6,59,51,9653,5657
151508_CGCCCAGCGTTTCACG-1,151508,Br5292,L5,65,89,10380,8270
151508_CGCCCTTACATCCACC-1,151508,Br5292,L3,0,98,2597,8914
151508_CGCGACCGCGACAGAT-1,151508,Br5292,L5,59,81,9660,7722
151508_CGCGAGAGGGACTTGT-1,151508,Br5292,L1,16,108,4515,9597
151508_CGCGAGTCTGCCGGGT-1,151508,Br5292,L6,52,20,8808,3525
151508_CGCGCCCGACTTAATA-1,151508,Br5292,L2,21,75,5107,7323
151508_CGCGGCAGTATTACGG-1,151508,Br5292,L3,12,16,4016,3265
151508_CGCTACCGCCCTATGA-1,151508,Br5292,L1,2,42,2824,5059
151508_CGCTATCGTGGCTTTA-1,151508,Br5292,L3,4,126,3082,10840
151508_CGCTATTCTTAGGCTC-1,151508,Br5292,L3,38,60,7140,6284
151508_CGCTGGTGACTACCCT-1,151508,Br5292,L3,48,98,8346,8896
151508_CGCTTATTCCCGGTCG-1,151508,Br5292,L5,42,30,7612,4218
151508_CGGAAATTTCACATCC-1,151508,Br5292,L1,4,82,3072,7812
151508_CGGAACGTAAACATAG-1,151508,Br5292,L5,47,45,8215,5248
151508_CGGAGCAATTTAATCG-1,151508,Br5292,L5,54,60,9056,6278
151508_CGGAGTTTGAGAGACA-1,151508,Br5292,L3,30,34,6176,4498
151508_CGGCACCGTTAGCGCC-1,151508,Br5292,L1,11,89,3912,8291
151508_CGGCCACGCACAAAGT-1,151508,Br5292,L3,35,59,6780,6217
151508_CGGCCAGAGCGACCAT-1,151508,Br5292,L6,67,49,10611,5516
151508_CGGGAATTTATGTAAA-1,151508,Br5292,L4,45,65,7979,6626
151508_CGGGAGTATACCGCCG-1,151508,Br5292,L3,19,15,4854,3194
151508_CGGGCCTTCTTTGTAA-1,151508,Br5292,L4,41,55,7498,5939
151508_CGGGTTTGTTAGGGCT-1,151508,Br5292,L3,56,114,9308,9994
151508_CGGTAGAGGTGCAGGT-1,151508,Br5292,L1,22,92,5231,8493
151508_CGGTCTATCAACCCGT-1,151508,Br5292,L1,18,82,4749,7806
151508_CGGTGCGCGTTGGTCC-1,151508,Br5292,L5,49,39,8453,4834
151508_CGGTGTACTTGATCCC-1,151508,Br5292,L3,17,31,4618,4296
151508_CGGTTATCCAACAGTG-1,151508,Br5292,L2,30,98,6190,8903
151508_CGGTTCAAGTAGGTGT-1,151508,Br5292,L1,24,98,5471,8905
151508_CGGTTGACCTGGCATA-1,151508,Br5292,L5,39,25,7252,3875
151508_CGTAAACGCTTGAGTG-1,151508,Br5292,L3,11,23,3898,3748
151508_CGTACCTGATAGGCCT-1,151508,Br5292,L2,22,68,5225,6841
151508_CGTCAGCTATTTACTC-1,151508,Br5292,L3,17,11,4614,2919
151508_CGTCAGTTTATCGTCT-1,151508,Br5292,L1,2,60,2828,6298
151508_CGTCGGATAGTGTTGA-1,151508,Br5292,L3,34,96,6669,8764
151508_CGTCTCTCGCCGAGGC-1,151508,Br5292,L3,5,127,3202,10909
151508_CGTGCCCGACATTTGT-1,151508,Br5292,L1,1,59,2708,6229
151508_CGTGTCTCGTTACGAC-1,151508,Br5292,L6,60,34,9769,4486
151508_CGTTCAGACCCGCGAA-1,151508,Br5292,L6,65,61,10374,6343
151508_CGTTCATGGTGCGCGT-1,151508,Br5292,L6,48,20,8329,3527
151508_CGTTCTTCGCACACCT-1,151508,Br5292,L1,19,109,4875,9664
151508_CGTTGCCCGCGTGGGA-1,151508,Br5292,L6,65,45,10370,5241
151508_CGTTGTTTCAATTCCC-1,151508,Br5292,L3,34,40,6656,4909
151508_CGTTTACAAGGCAGCT-1,151508,Br5292,L1,21,117,5116,10214
151508_CTAAAGAATGCCTACT-1,151508,Br5292,L4,36,36,6895,4633
151508_CTAAAGTCCGAAGCTA-1,151508,Br5292,L1,4,22,3059,3681
151508_CTAAATCCGGTGTACA-1,151508,Br5292,L6,61,35,9889,4555
151508_CTAATTATGAAGCGTA-1,151508,Br5292,L2,11,121,3919,10493
151508_CTACAAGAAATAACCC-1,151508,Br5292,L6,58,40,9531,4900
151508_CTACGACTAGCTATAA-1,151508,Br5292,L5,38,24,7132,3806
151508_CTACGTGTTGCCACCA-1,151508,Br5292,L2,6,24,3299,3818
151508_CTACTCTAGGCCCGGC-1,151508,Br5292,L4,31,25,6294,3878
151508_CTAGACTGCATTTCGT-1,151508,Br5292,L1,10,96,3794,8773
151508_CTAGCATAGTATAATG-1,151508,Br5292,L3,34,66,6662,6699
151508_CTAGCCACAGGCGAGC-1,151508,Br5292,L3,59,117,9668,10200
151508_CTAGTAGAAAGGGATT-1,151508,Br5292,L5,63,81,10139,7720
151508_CTAGTTACAACCCGGT-1,151508,Br5292,L5,53,67,8938,6760
151508_CTATAAGAGCCAATCG-1,151508,Br5292,L1,26,100,5711,9042
151508_CTATGTCTATTGAAAC-1,151508,Br5292,L1,11,55,3905,5950
151508_CTATGTGAGTCACGGC-1,151508,Br5292,L6,45,17,7969,3322
151508_CTCAACTAACCCGGAT-1,151508,Br5292,L5,63,85,10140,7996
151508_CTCACACGCAAGCCTA-1,151508,Br5292,L1,18,122,4758,10560
151508_CTCCGAGTAAATCCGC-1,151508,Br5292,L3,1,123,2722,10635
151508_CTCCGGCTTGTAGACA-1,151508,Br5292,L3,15,19,4376,3471
151508_CTCGAGGCAAGTTTCA-1,151508,Br5292,WM,72,32,11206,4344
151508_CTCGCTAGGTAAGCGA-1,151508,Br5292,L5,72,96,11220,8749
151508_CTCGGTACCACTGCTC-1,151508,Br5292,L3,41,81,7504,7729
151508_CTCTAATGCATTGATC-1,151508,Br5292,L1,24,110,5474,9731
151508_CTCTACACTGGCGATT-1,151508,Br5292,L5,43,17,7729,3322
151508_CTCTCACAATCGATGA-1,151508,Br5292,L3,32,70,6423,6975
151508_CTCTCGATGTGCGCCT-1,151508,Br5292,L1,4,62,3068,6435
151508_CTCTGTCCATGCACCA-1,151508,Br5292,L6,75,91,11578,8404
151508_CTCTTGTCCCGCTTGG-1,151508,Br5292,L5,54,58,9056,6140
151508_CTGAAAGAGATCCGAC-1,151508,Br5292,L2,19,69,4866,6911
151508_CTGACTGCGCAGCTCG-1,151508,Br5292,L2,31,101,6310,9109
151508_CTGCACAACTACATAT-1,151508,Br5292,L4,50,76,8581,7381
151508_CTGCACCTGGAACCGC-1,151508,Br5292,L2,15,49,4383,5536
151508_CTGCGACCTCGCCGAA-1,151508,Br5292,L6,71,73,11095,7167
151508_CTGCGGGTGAAATGTT-1,151508,Br5292,L4,31,23,6293,3740
151508_CTGGGATAAATAATGG-1,151508,Br5292,L3,38,84,7145,7936
151508_CTGGGATACGCTACCC-1,151508,Br5292,L2,37,117,7033,10208
151508_CTGGGCACTAGTCGGA-1,151508,Br5292,L3,1,97,2716,8845
151508_CTGGTCATTCCAATCC-1,151508,Br5292,L3,23,15,5333,3192
151508_CTGGTCCTAACTTGGC-1,151508,Br5292,L1,7,65,3428,6640
151508_CTGTACTTCTTAGCAT-1,151508,Br5292,L4,39,51,7258,5664
151508_CTGTAGTGAGGATCGA-1,151508,Br5292,WM,69,43,10849,5102
151508_CTGTGGTCGGGAGATA-1,151508,Br5292,L4,55,89,9182,8274
151508_CTTAAATAAGACCCAT-1,151508,Br5292,L4,25,9,5572,2779
151508_CTTAGCCCGGATAGTG-1,151508,Br5292,L4,27,9,5811,2778
151508_CTTAGTAGGCCTACAG-1,151508,Br5292,L2,32,102,6430,9178
151508_CTTAGTTGAGGAATCG-1,151508,Br5292,WM,67,33,10607,4415
151508_CTTATAGATGGCTGTT-1,151508,Br5292,L3,61,119,9908,10337
151508_CTTCATAGCTCAAGAA-1,151508,Br5292,L3,19,37,4859,4708
151508_CTTCATTGTCAGTGGA-1,151508,Br5292,L3,36,60,6900,6285
151508_CTTCCTGCATATTTAC-1,151508,Br5292,L3,4,104,3077,9326
151508_CTTCGTAGATAGGTGA-1,151508,Br5292,L4,39,45,7256,5251
151508_CTTCTATTAATGCTAG-1,151508,Br5292,L5,51,47,8694,5384
151508_CTTCTTACGTCGTATA-1,151508,Br5292,L1,14,60,4265,6293
151508_CTTGCCCACCCACGCA-1,151508,Br5292,L5,70,100,10981,9025
151508_CTTGCCCAGGCTCTAC-1,151508,Br5292,L4,45,55,7977,5937
151508_CTTGTACTTGTTGACT-1,151508,Br5292,L3,21,51,5102,5671
151508_CTTGTGAGTCTTTGAC-1,151508,Br5292,L2,10,34,3781,4505
151508_CTTGTGCTCACCGATT-1,151508,Br5292,L1,22,94,5231,8631
151508_CTTGTTTATGTAGCCA-1,151508,Br5292,L3,18,28,4737,4089
151508_CTTTAACTTTCAAAGG-1,151508,Br5292,L3,23,67,5345,6772
151508_CTTTCTGTGCGGGCTT-1,151508,Br5292,L5,54,66,9058,6691
151508_GAAACAGCCATGCAGT-1,151508,Br5292,L1,13,61,4146,6363
151508_GAAACCGAATTACCTT-1,151508,Br5292,L5,45,51,7976,5662
151508_GAAACCTATACAAATG-1,151508,Br5292,L6,60,52,9773,5725
151508_GAAAGAACAGCGTTAT-1,151508,Br5292,L3,37,103,7030,9245
151508_GAAATACTAAACGTTT-1,151508,Br5292,L3,18,22,4736,3676
151508_GAAATATCACCATCAG-1,151508,Br5292,L4,33,23,6533,3739
151508_GAAATTCACATCGCTG-1,151508,Br5292,L2,13,49,4143,5537
151508_GAACACACATCAACCA-1,151508,Br5292,L3,22,50,5221,5602
151508_GAACATTAGTATGTTA-1,151508,Br5292,L2,14,122,4279,10561
151508_GAACCTTTAACGATCC-1,151508,Br5292,L5,63,79,10138,7583
151508_GAACTGTGGAGAGACA-1,151508,Br5292,L6,68,66,10734,6686
151508_GAACTTAGCGCCCGGT-1,151508,Br5292,L2,5,101,3196,9119
151508_GAAGAACGGTGCAGGT-1,151508,Br5292,L3,14,40,4261,4917
151508_GAAGGAGTCGAGTGCG-1,151508,Br5292,L6,66,60,10494,6274
151508_GAAGTCAGTTGCACTA-1,151508,Br5292,L5,52,58,8816,6141
151508_GAAGTGATTTATCGTG-1,151508,Br5292,L4,39,47,7257,5389
151508_GAATCGCCGGACACGG-1,151508,Br5292,L2,11,41,3902,4987
151508_GAATCTATACTCGGAC-1,151508,Br5292,L1,2,76,2832,7399
151508_GAATGCGAATCGGTTC-1,151508,Br5292,L5,63,69,10136,6894
151508_GAATGTATGGCAGGTC-1,151508,Br5292,L1,15,91,4392,8427
151508_GAATTTCTCGCTGCAG-1,151508,Br5292,L3,28,30,5936,4223
151508_GACAAACATATGCAGG-1,151508,Br5292,L3,44,100,7867,9035
151508_GACACAGCCGGGACTG-1,151508,Br5292,L5,72,100,11221,9025
151508_GACACCCAAAGACGCG-1,151508,Br5292,WM,75,37,11566,4687
151508_GACACTGGAACCCGAT-1,151508,Br5292,L3,52,110,8828,9721
151508_GACACTTCCAATTACC-1,151508,Br5292,L5,70,96,10981,8750
151508_GACCGACTGAAGCGTC-1,151508,Br5292,L4,34,22,6652,3670
151508_GACCGTTACATGCGAC-1,151508,Br5292,L5,38,6,7128,2567
151508_GACGATATCACTGGGT-1,151508,Br5292,WM,72,34,11206,4482
151508_GACGCTTGCTTCTAAA-1,151508,Br5292,L4,38,36,7135,4632
151508_GACGGTCAATAGAAGC-1,151508,Br5292,L1,30,100,6190,9041
151508_GACGTTCGTAAATACA-1,151508,Br5292,L1,24,116,5475,10144
151508_GACTAGGCCGTTAGGT-1,151508,Br5292,L5,66,78,10497,7513
151508_GACTCGGTCGGCGGAT-1,151508,Br5292,L2,9,107,3677,9531
151508_GACTTCAACGCATCAA-1,151508,Br5292,L6,74,94,11459,8611
151508_GACTTTCGAGCGGTTC-1,151508,Br5292,L6,77,71,11813,7027
151508_GAGAATCTCACGATCA-1,151508,Br5292,L5,31,5,6289,2501
151508_GAGACCCTGCAACGCC-1,151508,Br5292,L1,11,111,3917,9805
151508_GAGATCTGTCACTCCG-1,151508,Br5292,L3,30,74,6185,7251
151508_GAGCCAGCTACCTGTG-1,151508,Br5292,L4,53,89,8943,8275
151508_GAGCGCAAATACTCCG-1,151508,Br5292,L3,51,107,8707,9515
151508_GAGCGGAATGCGGTGT-1,151508,Br5292,WM,68,48,10730,5447
151508_GAGCTCAACATGAGCG-1,151508,Br5292,L6,73,69,11334,6890
151508_GAGGAATATCTCTTTG-1,151508,Br5292,WM,71,45,11089,5239
151508_GAGGCCCGACTCCGCA-1,151508,Br5292,L6,55,23,9168,3731
151508_GAGGCTATCAAAGTCG-1,151508,Br5292,L4,35,27,6773,4014
151508_GAGGGCATCGCGTATC-1,151508,Br5292,L3,11,33,3900,4436
151508_GAGGGCGCAGCTCTGC-1,151508,Br5292,L2,27,89,5829,8285
151508_GAGGTACGCGTGTCCC-1,151508,Br5292,L6,67,67,10615,6755
151508_GAGGTCCCAAAGATCT-1,151508,Br5292,L3,18,26,4737,3951
151508_GAGGTCTTAGTGGGTC-1,151508,Br5292,L2,3,95,2955,8707
151508_GAGTACGGGTATACAA-1,151508,Br5292,L3,15,43,4381,5123
151508_GAGTAGATACTAGTTG-1,151508,Br5292,L5,62,64,10015,6550
151508_GAGTATACCCTAATCA-1,151508,Br5292,WM,70,30,10966,4207
151508_GAGTCCGCTTACCGGA-1,151508,Br5292,L4,46,58,8098,6144
151508_GAGTGTCAACCAGAAA-1,151508,Br5292,L5,63,83,10139,7858
151508_GAGTGTGCGGTACCCA-1,151508,Br5292,L3,44,88,7865,8209
151508_GATAAATCGGTGGATG-1,151508,Br5292,L3,15,41,4381,4985
151508_GATAAGGCAGATGCAA-1,151508,Br5292,L3,10,28,3779,4092
151508_GATACGATGGGAGTCA-1,151508,Br5292,L5,45,45,7975,5249
151508_GATAGGTAACGTTGAC-1,151508,Br5292,L5,48,60,8338,6280
151508_GATATTGAGATTGGCG-1,151508,Br5292,L3,34,100,6670,9039
151508_GATCCGGGAATTAACA-1,151508,Br5292,L3,39,73,7263,7179
151508_GATCCTCTTGCGCTTA-1,151508,Br5292,L1,7,83,3432,7879
151508_GATCGCTACCCGATTT-1,151508,Br5292,L3,50,98,8585,8895
151508_GATCTTTGCTCAAAGA-1,151508,Br5292,L2,12,120,4039,10424
151508_GATGATTTGAAACTGG-1,151508,Br5292,L1,0,34,2583,4509
151508_GATGCCACACTACAGC-1,151508,Br5292,L1,0,38,2584,4784
151508_GATGCTACAAGCGCCT-1,151508,Br5292,L3,17,51,4623,5673
151508_GATTATCTTGCATTAT-1,151508,Br5292,L6,76,92,11698,8472
151508_GATTCCCTTGTCGCAG-1,151508,Br5292,L3,25,67,5584,6771
151508_GATTCTGTTAATGAGT-1,151508,Br5292,L6,74,62,11452,6408
151508_GATTGACACTCTGCTC-1,151508,Br5292,L1,5,63,3188,6503
151508_GATTTAGTGCGTACTG-1,151508,Br5292,L2,15,127,4400,10905
151508_GATTTGCGCTAACACC-1,151508,Br5292,WM,75,51,11570,5651
151508_GCAAACGTCGCCAGGT-1,151508,Br5292,L3,47,117,8230,10204
151508_GCAACACACTAGAACT-1,151508,Br5292,L6,46,16,8088,3252
151508_GCAACAGCAGTATGCG-1,151508,Br5292,L3,46,106,8108,9448
151508_GCAAGTGCACAGAGAA-1,151508,Br5292,L3,24,42,5459,5051
151508_GCACCTAGGCGAGTCC-1,151508,Br5292,L5,73,103,11341,9231
151508_GCACTGCCTACCTTTA-1,151508,Br5292,L6,66,68,10495,6824
151508_GCAGCTGTCAACGCAT-1,151508,Br5292,L6,71,87,11098,8130
151508_GCAGTTCGATCCGAGC-1,151508,Br5292,L3,56,118,9308,10270
151508_GCATAAATTGAACGCC-1,151508,Br5292,L3,8,126,3561,10839
151508_GCATGAGGGACGCGGC-1,151508,Br5292,L3,30,90,6188,8352
151508_GCCAAGAATACTTCTG-1,151508,Br5292,L6,46,10,8087,2839
151508_GCCAATAGGGCATCTC-1,151508,Br5292,L1,25,103,5592,9249
151508_GCCAGGAGTAACCGAT-1,151508,Br5292,L1,21,89,5110,8287
151508_GCCATCGATGCTGCAT-1,151508,Br5292,L1,32,110,6432,9728
151508_GCCCACCAAGGCTGTC-1,151508,Br5292,L2,12,38,4021,4780
151508_GCCCAGATGCTGGAGA-1,151508,Br5292,L2,37,121,7033,10484
151508_GCCCGCGCGTAAACGG-1,151508,Br5292,L5,49,41,8453,4972
151508_GCCCGTAATACCTTCT-1,151508,Br5292,L3,27,79,5827,7596
151508_GCCGATTGGCCAAGCT-1,151508,Br5292,L3,41,61,7499,6352
151508_GCCGCTTGTGAGAAAC-1,151508,Br5292,L4,36,40,6896,4908
151508_GCCGGTTTGGGCGGAT-1,151508,Br5292,L1,2,30,2821,4233
151508_GCCGTCGGTTTCGGGC-1,151508,Br5292,WM,71,41,11088,4964
151508_GCCTATGCTGGGCCTT-1,151508,Br5292,L1,18,114,4756,10009
151508_GCCTTGTATATGCAGT-1,151508,Br5292,L3,17,15,4615,3195
151508_GCGACGATAGTTGTAC-1,151508,Br5292,L5,48,54,8336,5867
151508_GCGAGAGGCCATGTAA-1,151508,Br5292,L1,21,113,5115,9939
151508_GCGATTGTTAACGTTA-1,151508,Br5292,L3,37,77,7024,7455
151508_GCGCATCCAGTCAGCA-1,151508,Br5292,L2,29,95,6070,8697
151508_GCGCGTCATTGGTACA-1,151508,Br5292,L5,57,83,9421,7860
151508_GCGCTTAAATAATTGG-1,151508,Br5292,L4,57,89,9422,8273
151508_GCGGACCGCGTTGTGG-1,151508,Br5292,L5,51,43,8693,5109
151508_GCTAACTGAAGTCTGA-1,151508,Br5292,L5,58,88,9541,8204
151508_GCTAAGTAGTTTCTCT-1,151508,Br5292,L3,34,80,6665,7662
151508_GCTAATACCGAATGCC-1,151508,Br5292,L3,21,47,5101,5396
151508_GCTAGGCACCACGGAG-1,151508,Br5292,L4,54,84,9062,7930
151508_GCTATCATACTCATGG-1,151508,Br5292,L5,54,78,9060,7517
151508_GCTCAACCTCTTAGAG-1,151508,Br5292,L3,17,9,4613,2782
151508_GCTCCATGCAAAGCAA-1,151508,Br5292,L6,69,55,10852,5928
151508_GCTCCGCTCGCTTCAG-1,151508,Br5292,L3,42,112,7630,9862
151508_GCTCTAAACCCTGACG-1,151508,Br5292,L3,24,58,5463,6152
151508_GCTCTATGTTACGTGC-1,151508,Br5292,L3,26,40,5698,4912
151508_GCTCTTTCCGCTAGTG-1,151508,Br5292,L6,64,54,10253,5861
151508_GCTGAGCAACGGTTCT-1,151508,Br5292,L3,19,7,4853,2643
151508_GCTGCTAAGTAGTCGA-1,151508,Br5292,L5,56,56,9295,6002
151508_GCTTAATGTAACTAAC-1,151508,Br5292,L3,42,84,7624,7935
151508_GCTTAGGGAAGCGGTA-1,151508,Br5292,L2,12,124,4040,10700
151508_GCTTCCAGCTTAGATT-1,151508,Br5292,L3,8,16,3537,3267
151508_GCTTGATGATAATCAG-1,151508,Br5292,L3,22,36,5218,4638
151508_GCTTTATTAAGTTACC-1,151508,Br5292,L6,77,79,11815,7577
151508_GGAAAGTCTTGATTGT-1,151508,Br5292,WM,75,43,11568,5100
151508_GGAACCCGAACAAGAA-1,151508,Br5292,L4,23,9,5332,2779
151508_GGAATAACCTCAAGAA-1,151508,Br5292,L1,6,60,3307,6296
151508_GGAATGCGCTAGCGTG-1,151508,Br5292,L3,32,82,6426,7801
151508_GGACAACCATGAAGCC-1,151508,Br5292,L5,70,102,10982,9163
151508_GGACAAGTTGCAGTGA-1,151508,Br5292,L5,33,7,6529,2638
151508_GGAGACGACACCTTTG-1,151508,Br5292,L3,43,67,7740,6764
151508_GGAGCACCAAGAACTA-1,151508,Br5292,L2,26,82,5707,7803
151508_GGAGGGTCAAGTAAGA-1,151508,Br5292,L4,62,114,10026,9992
151508_GGAGTTGATTCTGTGT-1,151508,Br5292,L5,68,112,10744,9852
151508_GGATGAAGATCGCTGA-1,151508,Br5292,L3,42,94,7626,8623
151508_GGATGACGCGAGTTTA-1,151508,Br5292,L4,37,45,7017,5252
151508_GGATTGCTGTGACTCC-1,151508,Br5292,L5,60,84,9780,7928
151508_GGCCACAAGCGATGGC-1,151508,Br5292,L1,4,44,3064,5196
151508_GGCCCAGTTATCAGCA-1,151508,Br5292,L2,12,116,4038,10149
151508_GGCCGCAGGAACCGCA-1,151508,Br5292,L5,68,116,10745,10128
151508_GGCGCATGAATTGATG-1,151508,Br5292,L4,42,54,7618,5870
151508_GGCGGAGTAATATTAG-1,151508,Br5292,L3,32,46,6418,5323
151508_GGCGTCCTATCCGCTG-1,151508,Br5292,L3,31,33,6296,4428
151508_GGCTACTATACACTCC-1,151508,Br5292,L6,64,44,10250,5173
151508_GGCTCCTCCACCTGTT-1,151508,Br5292,L6,59,35,9650,4555
151508_GGCTGAAATAGCAAAG-1,151508,Br5292,L4,49,79,8462,7588
151508_GGCTGGCTAGCTTAAA-1,151508,Br5292,L3,11,29,3899,4161
151508_GGCTTGGCTCTCACCT-1,151508,Br5292,L4,24,2,5450,2297
151508_GGCTTTCAATAAGGGT-1,151508,Br5292,L5,60,62,9775,6414
151508_GGGAAAGAATGCCAAC-1,151508,Br5292,L5,70,108,10983,9576
151508_GGGACTGCATAGATAG-1,151508,Br5292,L3,32,60,6421,6287
151508_GGGAGCGACCGTAGTG-1,151508,Br5292,L5,68,86,10739,8063
151508_GGGAGTAATGGCTGGC-1,151508,Br5292,L2,10,42,3782,5056
151508_GGGATTTACCGCACCT-1,151508,Br5292,L3,42,90,7626,8348
151508_GGGCAACCGCACGTGC-1,151508,Br5292,L6,55,19,9167,3456
151508_GGGCACGAATTGGCCG-1,151508,Br5292,L5,29,1,6049,2226
151508_GGGCGGGTTCCCTACG-1,151508,Br5292,L5,43,37,7734,4699
151508_GGGCGGTCCTATTGTC-1,151508,Br5292,L3,14,28,4258,4091
151508_GGGCGTACATTTATAT-1,151508,Br5292,L3,24,54,5462,5877
151508_GGGTAATGCTGTGTTT-1,151508,Br5292,L3,9,21,3658,3611
151508_GGGTCAGGAGCTAGAT-1,151508,Br5292,L6,65,55,10373,5930
151508_GGGTCGTGGCAAGTGT-1,151508,Br5292,L1,25,107,5593,9524
151508_GGGTGACACCTTAACT-1,151508,Br5292,L4,46,56,8097,6006
151508_GGGTTTAGGATAGGAT-1,151508,Br5292,L3,43,107,7749,9518
151508_GGTACATCTGGGACGA-1,151508,Br5292,L5,38,18,7131,3393
151508_GGTACCATTAAGACGG-1,151508,Br5292,L1,29,105,6072,9385
151508_GGTACGTTGCGGCCGG-1,151508,Br5292,L5,66,112,10505,9853
151508_GGTAGTGCTCGCACCA-1,151508,Br5292,L3,34,72,6663,7112
151508_GGTATTGCCGAGTTTA-1,151508,Br5292,L3,33,53,6539,5804
151508_GGTGTAAATCGATTGT-1,151508,Br5292,L6,69,65,10854,6617
151508_GGTTAGGCTTGGAGAA-1,151508,Br5292,L3,28,36,5937,4636
151508_GGTTCGGATTATACTA-1,151508,Br5292,L5,39,7,7248,2636
151508_GGTTGTATCGTGAAAT-1,151508,Br5292,L1,1,51,2706,5679
151508_GGTTGTGCTCTTGTCC-1,151508,Br5292,L4,24,10,5452,2848
151508_GTAACAGGTTAACGGC-1,151508,Br5292,WM,76,54,11690,5857
151508_GTAACATCAGCTCATC-1,151508,Br5292,L3,3,113,2959,9946
151508_GTAACTGCCCAAGGAG-1,151508,Br5292,L6,66,46,10490,5310
151508_GTAAGTCCACACTCTA-1,151508,Br5292,L3,43,119,7752,10344
151508_GTACGTTTGCCCGTCA-1,151508,Br5292,L3,44,68,7860,6833
151508_GTAGACAACCGATGAA-1,151508,Br5292,L1,7,55,3426,5952
151508_GTAGCGGCTATACACT-1,151508,Br5292,L3,39,69,7262,6903
151508_GTAGCTCCGGGAGGCT-1,151508,Br5292,WM,65,37,10369,4691
151508_GTATCAAACGTTAGCT-1,151508,Br5292,L4,55,97,9184,8825
151508_GTATCTTGTTGCTCAC-1,151508,Br5292,L1,0,54,2587,5886
151508_GTATGTGGGTCTAGTT-1,151508,Br5292,L3,38,92,7147,8487
151508_GTCAATGCTATAATTT-1,151508,Br5292,L1,22,120,5237,10420
151508_GTCACTCTCCAAATCT-1,151508,Br5292,L3,23,31,5337,4294
151508_GTCCACGTCGCATTCG-1,151508,Br5292,L4,64,118,10267,10267
151508_GTCCCAACGTAAAGTA-1,151508,Br5292,L3,33,73,6544,7181
151508_GTCCGAGAGCAATCAT-1,151508,Br5292,L5,32,8,6410,2707
151508_GTCCGGCTGAATTGCG-1,151508,Br5292,L3,28,52,5940,5737
151508_GTCCTTCTAGTGGGTT-1,151508,Br5292,L1,10,82,3791,7809
151508_GTCGGAAGGATACCAG-1,151508,Br5292,L1,13,115,4158,10080
151508_GTCGGATGTAGCGCGC-1,151508,Br5292,L1,17,77,4628,7462
151508_GTCGGGAACATGGTAG-1,151508,Br5292,L6,40,4,7367,2429
151508_GTCGGGAAGCAGAAAC-1,151508,Br5292,L5,59,65,9656,6620
151508_GTCGTACCTACGATTG-1,151508,Br5292,L5,37,9,7009,2774
151508_GTCTCGATCTGCTTTC-1,151508,Br5292,L1,20,80,4988,7668
151508_GTCTCGCCAACACGCC-1,151508,Br5292,L1,0,72,2591,7125
151508_GTCTTGAGGAGCAGTG-1,151508,Br5292,L2,38,116,7152,10139
151508_GTGAGGACACTTAAGG-1,151508,Br5292,L3,41,77,7503,7453
151508_GTGATCATAGATCTGC-1,151508,Br5292,L4,45,57,7978,6075
151508_GTGCCCGTTCGGATTC-1,151508,Br5292,L3,39,85,7265,8005
151508_GTGCCGCTTCAAAGGT-1,151508,Br5292,L5,44,44,7855,5181
151508_GTGCCTAGCTATGCTT-1,151508,Br5292,L3,13,11,4135,2921
151508_GTGCCTGAGACCAAAC-1,151508,Br5292,L5,69,89,10859,8269
151508_GTGCGAAATCGAACAC-1,151508,Br5292,L5,45,43,7975,5111
151508_GTGGACGTGCTGAGAC-1,151508,Br5292,L3,17,39,4620,4847
151508_GTGGAGTCGGCGGTTG-1,151508,Br5292,L6,54,38,9051,4764
151508_GTGGTGGCCAAGTGAA-1,151508,Br5292,L3,45,79,7982,7589
151508_GTTAAAGTAGGACTGG-1,151508,Br5292,L3,49,83,8462,7863
151508_GTTAAGGGTGCGATGT-1,151508,Br5292,L5,61,71,9897,7033
151508_GTTACAATTGGTGACG-1,151508,Br5292,L4,37,33,7014,4426
151508_GTTATATTATCTCCCT-1,151508,Br5292,L5,48,56,8337,6005
151508_GTTATCAAGCTATCGA-1,151508,Br5292,L5,71,103,11102,9232
151508_GTTCCCGTAAACATAT-1,151508,Br5292,L3,59,119,9668,10337
151508_GTTCGGGCGTACCATT-1,151508,Br5292,L1,32,108,6432,9591
151508_GTTCGTCTGGGTCCCT-1,151508,Br5292,L1,21,119,5117,10352
151508_GTTCGTTGCGGACCAG-1,151508,Br5292,L1,0,36,2583,4647
151508_GTTGCGCTAACATTAC-1,151508,Br5292,L3,41,119,7512,10344
151508_GTTGCGGACGGTCAGG-1,151508,Br5292,L3,53,119,8949,10340
151508_GTTGGACCGCATCAGG-1,151508,Br5292,L1,20,116,4996,10146
151508_GTTGGATTCAGTGGCT-1,151508,Br5292,L1,16,96,4513,8771
151508_GTTGGATTTGCGTTGG-1,151508,Br5292,L3,36,50,6898,5597
151508_GTTGTCGTGTTAGTTG-1,151508,Br5292,L2,15,47,4382,5398
151508_GTTTCAAACGAGTTGT-1,151508,Br5292,L4,61,109,9905,9648
151508_GTTTCTGCAGTCTCCC-1,151508,Br5292,L3,40,72,7382,7109
151508_TAAAGAGCCCGAAACC-1,151508,Br5292,L1,10,46,3783,5331
151508_TAAAGCTGCAATAGGG-1,151508,Br5292,L1,17,97,4633,8839
151508_TAAAGGAGAAACTAGT-1,151508,Br5292,L2,0,74,2592,7262
151508_TAAAGTGCACGTCTCG-1,151508,Br5292,WM,72,50,11210,5583
151508_TAAATTTAGTAACACC-1,151508,Br5292,WM,71,39,11088,4826
151508_TAACAATATTTGTTGC-1,151508,Br5292,L4,28,16,5933,3259
151508_TAACATACACGCGATC-1,151508,Br5292,L6,55,25,9168,3869
151508_TAAGATTTAGCGGGAG-1,151508,Br5292,L1,4,36,3062,4645
151508_TAAGGAACTTGTGGGA-1,151508,Br5292,L3,16,40,4501,4916
151508_TAAGGCTGAATCCCTC-1,151508,Br5292,L3,45,97,7986,8828
151508_TAAGGGCCTGTCCGAT-1,151508,Br5292,L4,57,95,9423,8686
151508_TAAGTAACATCTTGAC-1,151508,Br5292,L5,46,40,8094,4904
151508_TAAGTTGCGACGTAGG-1,151508,Br5292,L3,53,95,8944,8688
151508_TAATAAACAAGGAGAT-1,151508,Br5292,L1,17,91,4631,8426
151508_TAATACACAGTAGTAT-1,151508,Br5292,L2,20,64,4985,6566
151508_TAATACTAGAACAGAC-1,151508,Br5292,L6,69,77,10857,7443
151508_TAATAGGTCACCAGAA-1,151508,Br5292,WM,61,21,9886,3591
151508_TAATAGTGACGACCAG-1,151508,Br5292,L3,27,83,5827,7872
151508_TAATCAGGAATGCTGC-1,151508,Br5292,L3,0,108,2599,9603
151508_TAATTGGAATCGGGAA-1,151508,Br5292,L1,17,105,4635,9390
151508_TACACCGTCGTTAGTC-1,151508,Br5292,L1,25,117,5595,10213
151508_TACATCCCTATCCCTG-1,151508,Br5292,L6,44,14,7848,3116
151508_TACATGACCTTATCCG-1,151508,Br5292,L4,23,5,5331,2504
151508_TACCGGTCGTTTCCAT-1,151508,Br5292,L5,44,34,7853,4492
151508_TACCGTAGGTTAACTA-1,151508,Br5292,L5,59,57,9654,6070
151508_TACCGTGCCTCGGACC-1,151508,Br5292,L5,51,69,8699,6899
151508_TACCTACTCCCAGTAT-1,151508,Br5292,L5,58,62,9536,6414
151508_TACCTCCACACCAATG-1,151508,Br5292,WM,65,29,10367,4140
151508_TACGATGTTGATCATC-1,151508,Br5292,L4,35,35,6775,4564
151508_TACGCAGTTCTTTCCT-1,151508,Br5292,L4,41,51,7497,5664
151508_TACGCCTCCATTCCGA-1,151508,Br5292,L5,55,59,9176,6209
151508_TACGTAAAGCGGAGTG-1,151508,Br5292,L5,63,103,10144,9235
151508_TACTGAACAGATTTAG-1,151508,Br5292,L6,56,44,9292,5176
151508_TAGAAACCACTAAGTA-1,151508,Br5292,L1,5,79,3192,7605
151508_TAGAAAGGTGGCGCTA-1,151508,Br5292,L3,31,81,6306,7732
151508_TAGAGATCATGCAACT-1,151508,Br5292,L5,44,26,7851,3942
151508_TAGATCCGAAGTCGCA-1,151508,Br5292,L1,10,72,3789,7121
151508_TAGATTCCTGGTTATT-1,151508,Br5292,L4,32,20,6412,3533
151508_TAGATTCTCTAGCAAA-1,151508,Br5292,L5,73,119,11345,10332
151508_TAGCAGATACTTAGGG-1,151508,Br5292,L5,73,93,11339,8542
151508_TAGCAGTAAATACGCG-1,151508,Br5292,L3,4,120,3081,10427
151508_TAGCCGGCGGTCAGCG-1,151508,Br5292,L3,33,85,6546,8007
151508_TAGCGTCGAATATTGA-1,151508,Br5292,L5,34,4,6649,2431
151508_TAGCTAAGTCCGGGAG-1,151508,Br5292,L3,29,57,6061,6081
151508_TAGCTAGAAGGCATGA-1,151508,Br5292,L5,51,51,8695,5660
151508_TAGGAGGCTCGAGAAC-1,151508,Br5292,L5,73,115,11344,10057
151508_TAGGGTGTTTCAAGAG-1,151508,Br5292,L3,22,54,5222,5877
151508_TAGTCGATCACGGGTT-1,151508,Br5292,L3,48,96,8345,8758
151508_TAGTCTTTCCGAATTG-1,151508,Br5292,L3,50,116,8589,10134
151508_TATACCGAGTGCCACA-1,151508,Br5292,L3,50,120,8590,10410
151508_TATAGGGTACTCATGA-1,151508,Br5292,L5,36,20,6892,3532
151508_TATCAAAGGTCTGTAA-1,151508,Br5292,L4,26,6,5691,2572
151508_TATCACTTCGAGTAAC-1,151508,Br5292,L1,17,99,4633,8977
151508_TATCCGCACCGTCGGG-1,151508,Br5292,L6,59,53,9654,5794
151508_TATCCTATCAACTGGT-1,151508,Br5292,L6,69,59,10853,6204
151508_TATCTACAGAGGTAAT-1,151508,Br5292,L4,30,24,6174,3809
151508_TATCTTGCAATACAAC-1,151508,Br5292,L6,56,16,9286,3249
151508_TATGAAGAATTAAGGT-1,151508,Br5292,L5,67,99,10622,8958
151508_TATGATCTTCTCTTTA-1,151508,Br5292,L4,58,90,9542,8342
151508_TATGGCCCGGCCTCGC-1,151508,Br5292,L3,30,30,6175,4222
151508_TATGGGTACGTATCGT-1,151508,Br5292,L3,32,58,6421,6149
151508_TATGTAAAGTGCTTAA-1,151508,Br5292,WM,66,44,10490,5172
151508_TATGTCAAGACCGACT-1,151508,Br5292,L1,20,92,4991,8494
151508_TATTAACCTGACCGCG-1,151508,Br5292,L6,57,45,9412,5244
151508_TCAAATTGTTGTGCCG-1,151508,Br5292,L6,68,78,10737,7512
151508_TCAACAAAGATAATTC-1,151508,Br5292,L6,53,29,8930,4145
151508_TCAACATAGCGCCCTA-1,151508,Br5292,L6,58,44,9532,5175
151508_TCAACGCAGGAAATAA-1,151508,Br5292,L6,49,31,8451,4284
151508_TCAACGCGACCGGCAG-1,151508,Br5292,L5,39,23,7252,3737
151508_TCAATACGCCGTCATG-1,151508,Br5292,L6,63,61,10134,6344
151508_TCAATATACAGGAGGC-1,151508,Br5292,L5,70,118,10985,10264
151508_TCACAGATCCTCAAAC-1,151508,Br5292,L3,11,15,3896,3197
151508_TCACCGCTCGGCACTC-1,151508,Br5292,L3,30,92,6189,8490
151508_TCACTATCCCTTCGGT-1,151508,Br5292,L5,72,104,11222,9300
151508_TCACTATCGTGCAATC-1,151508,Br5292,L1,4,34,3062,4507
151508_TCAGAACGGCGGTAAT-1,151508,Br5292,L6,73,79,11336,7579
151508_TCAGGGCGCAAACTCG-1,151508,Br5292,L3,22,16,5214,3262
151508_TCAGGGTGCACGAAAC-1,151508,Br5292,L1,7,89,3433,8292
151508_TCAGGGTGTAACGTAA-1,151508,Br5292,L3,28,72,5945,7114
151508_TCAGTACTGACCCGCG-1,151508,Br5292,L3,26,34,5697,4499
151508_TCAGTGTATACGTCAT-1,151508,Br5292,L6,58,36,9530,4625
151508_TCATACTTACAGATCC-1,151508,Br5292,L3,22,24,5216,3812
151508_TCATCGATGGTCCCAA-1,151508,Br5292,L6,57,29,9409,4143
151508_TCATGCAGGTTCTCAT-1,151508,Br5292,L1,18,84,4750,7944
151508_TCATTCGTATAATTTG-1,151508,Br5292,L3,6,110,3318,9738
151508_TCATTTAAGTCTCCGA-1,151508,Br5292,L3,35,99,6789,8970
151508_TCCAACTTTAAATTCT-1,151508,Br5292,L4,40,40,7375,4907
151508_TCCAAGCCTAGACACA-1,151508,Br5292,L5,67,79,10617,7581
151508_TCCACATCGTATATTG-1,151508,Br5292,L6,69,67,10854,6754
151508_TCCACCAAGACATAGG-1,151508,Br5292,L5,72,108,11223,9575
151508_TCCATTCCCACTAGAG-1,151508,Br5292,L1,18,126,4759,10835
151508_TCCCAAACAGACAACG-1,151508,Br5292,L1,22,110,5234,9732
151508_TCCCAAACATCCTCTA-1,151508,Br5292,WM,75,35,11566,4549
151508_TCCCAGCTTTAGTCTG-1,151508,Br5292,L3,34,56,6660,6010
151508_TCCCAGGCTTAGCTAA-1,151508,Br5292,L3,30,48,6179,5461
151508_TCCCGGGTGTGCTGCT-1,151508,Br5292,L4,34,34,6655,4496
151508_TCCCTGGCGTATTAAC-1,151508,Br5292,WM,58,18,9526,3386
151508_TCCCTGGCTCGCTGGA-1,151508,Br5292,L4,33,27,6534,4015
151508_TCCCTTAGATTACTCG-1,151508,Br5292,L1,18,86,4750,8082
151508_TCCCTTGTCTGAAACT-1,151508,Br5292,L5,67,115,10625,10059
151508_TCCGATTACATTGCCG-1,151508,Br5292,L4,32,32,6415,4359
151508_TCCGCGGCCCAATGAA-1,151508,Br5292,L3,53,99,8945,8963
151508_TCCGCTGTCATCCCGG-1,151508,Br5292,L3,47,81,8222,7726
151508_TCCGTTAAGCTAATAT-1,151508,Br5292,L3,52,100,8825,9032
151508_TCCGTTTAGCCTTGAA-1,151508,Br5292,L3,29,89,6068,8284
151508_TCCTAAAGATTCAGAC-1,151508,Br5292,L5,68,84,10738,7925
151508_TCCTGCGTTGATACTC-1,151508,Br5292,L5,38,30,7133,4219
151508_TCCTTCAGTGGTCGAA-1,151508,Br5292,L1,15,69,4387,6912
151508_TCGAAATTTAGGACCA-1,151508,Br5292,L3,29,45,6059,5255
151508_TCGATAGGCTAGTCGC-1,151508,Br5292,L1,8,48,3544,5470
151508_TCGATTTACGAAACGA-1,151508,Br5292,L6,76,68,11693,6820
151508_TCGCATTCAATGACTT-1,151508,Br5292,L2,9,37,3661,4712
151508_TCGCTCGATATATTCC-1,151508,Br5292,L3,29,63,6063,6494
151508_TCGCTTTAAACGTTTG-1,151508,Br5292,L2,25,87,5589,8148
151508_TCGGAATGACCATCAA-1,151508,Br5292,L1,6,76,3311,7398
151508_TCGGAGAGTATCGGGA-1,151508,Br5292,L5,45,23,7970,3735
151508_TCGGCGTACTGCACAA-1,151508,Br5292,L6,49,13,8447,3045
151508_TCGGCTAACTTCCCTT-1,151508,Br5292,L1,3,77,2952,7468
151508_TCGGGCCGTCGTGGTA-1,151508,Br5292,L3,40,88,7386,8211
151508_TCGTAACTCCCAAGAC-1,151508,Br5292,L5,67,119,10626,10334
151508_TCGTAAGACGACATTG-1,151508,Br5292,L3,27,77,5826,7459
151508_TCGTATTACCCATTGC-1,151508,Br5292,L5,37,25,7012,3875
151508_TCGTATTTCGTCCGGA-1,151508,Br5292,L1,5,81,3192,7742
151508_TCGTGTATTGGTCACG-1,151508,Br5292,L3,53,117,8949,10202
151508_TCGTGTTCGACCACAA-1,151508,Br5292,L3,57,105,9425,9375
151508_TCGTTCGTTATTATGT-1,151508,Br5292,L1,10,62,3787,6433
151508_TCGTTGGCTCGTCAAT-1,151508,Br5292,L2,9,31,3660,4299
151508_TCTAATACTGCCTCAG-1,151508,Br5292,L6,57,25,9408,3868
151508_TCTAGTGATATCGTGG-1,151508,Br5292,L3,44,98,7867,8898
151508_TCTATCATGCAGTTAC-1,151508,Br5292,L3,18,40,4740,4915
151508_TCTCAAATCAATCGGG-1,151508,Br5292,L5,71,89,11099,8268
151508_TCTCCAACGTAGGTTA-1,151508,Br5292,L1,20,78,4988,7530
151508_TCTCGACGTATCGCCG-1,151508,Br5292,L3,45,113,7990,9930
151508_TCTGAACTCGTACCCG-1,151508,Br5292,L3,47,95,8226,8690
151508_TCTGACTGTAATGGTT-1,151508,Br5292,L3,6,14,3297,3130
151508_TCTGCCAGAAACTGCA-1,151508,Br5292,L3,41,79,7503,7591
151508_TCTGCGAATCGTTCGC-1,151508,Br5292,L1,17,123,4638,10629
151508_TCTGGGAACCTTTGAA-1,151508,Br5292,L3,40,98,7388,8899
151508_TCTGGGTAGCGCTCAT-1,151508,Br5292,L4,40,36,7374,4631
151508_TCTGTCATACAAGAGC-1,151508,Br5292,L2,10,44,3783,5194
151508_TCTGTGATGGAGGTTG-1,151508,Br5292,L3,6,114,3319,10014
151508_TCTTACTTATGCCTCT-1,151508,Br5292,L3,45,93,7986,8553
151508_TCTTAGAGCTCCAATT-1,151508,Br5292,L3,40,108,7390,9588
151508_TCTTCGATACCAATAA-1,151508,Br5292,L3,32,66,6423,6700
151508_TCTTGATGCGTAGCGA-1,151508,Br5292,L3,32,68,6423,6837
151508_TCTTTAGAGTCTAACA-1,151508,Br5292,L3,50,114,8589,9997
151508_TCTTTAGCAGGCGAAC-1,151508,Br5292,L1,34,116,6673,10141
151508_TCTTTCTCTTAAGGAG-1,151508,Br5292,L1,7,79,3431,7604
151508_TGAAGAGCGGTCCTAG-1,151508,Br5292,L3,19,11,4853,2919
151508_TGAATATGCTATAAAC-1,151508,Br5292,L1,16,114,4517,10010
151508_TGAATGTCAGCCGGCC-1,151508,Br5292,L3,47,109,8229,9654
151508_TGACACTTCTCTTTGC-1,151508,Br5292,L1,16,102,4514,9184
151508_TGACATATATGACGAT-1,151508,Br5292,L5,38,2,7127,2292
151508_TGACCAAATCTTAAAC-1,151508,Br5292,L6,66,62,10494,6411
151508_TGACCAGCTTCAAAGT-1,151508,Br5292,L1,7,97,3435,8843
151508_TGACCCAGCATTCCCG-1,151508,Br5292,L3,3,105,2958,9395
151508_TGACGAATATTTCCCT-1,151508,Br5292,L5,44,22,7850,3666
151508_TGACGATGCACTAGAA-1,151508,Br5292,L3,37,95,7028,8694
151508_TGAGCAGTCGTGAAGT-1,151508,Br5292,L1,5,39,3183,4851
151508_TGAGTGGTCCGTGACG-1,151508,Br5292,L3,30,84,6187,7939
151508_TGATGGCTGTTTCTGA-1,151508,Br5292,L1,30,114,6194,10004
151508_TGATTCAGGTCCCGCG-1,151508,Br5292,L6,48,8,8326,2701
151508_TGATTTATTAGCTGTG-1,151508,Br5292,L4,38,34,7134,4495
151508_TGCACAGTGAAGTTAT-1,151508,Br5292,L1,12,100,4035,9048
151508_TGCAGAACTATATCGT-1,151508,Br5292,L5,42,22,7611,3667
151508_TGCAGAGTACCGAGCA-1,151508,Br5292,L4,38,46,7137,5321
151508_TGCAGTGAGGCTCGGG-1,151508,Br5292,L1,15,121,4398,10492
151508_TGCATGGATCGGATCT-1,151508,Br5292,L2,19,67,4866,6773
151508_TGCCAATGGGTACTCT-1,151508,Br5292,L5,54,52,9055,5727
151508_TGCCACACTAGAGGAA-1,151508,Br5292,L6,43,3,7726,2359
151508_TGCCATTACTAAAGAA-1,151508,Br5292,L1,21,87,5110,8149
151508_TGCCCGATAGTTAGAA-1,151508,Br5292,L6,72,78,11216,7510
151508_TGCCTAATTGAAGATT-1,151508,Br5292,L3,55,105,9186,9375
151508_TGCGGGTATTGGGATC-1,151508,Br5292,L1,1,71,2711,7056
151508_TGCTAAGTGTCTATTT-1,151508,Br5292,L3,52,90,8823,8344
151508_TGCTGGTTGGACAATT-1,151508,Br5292,L3,21,41,5100,4983
151508_TGCTGTTGAAGAACTC-1,151508,Br5292,L3,38,66,7141,6697
151508_TGCTTGAAACCATGCA-1,151508,Br5292,L3,9,17,3657,3335
151508_TGGAGAATAATCGTCC-1,151508,Br5292,WM,72,44,11209,5170
151508_TGGAGGGAAACACCTC-1,151508,Br5292,L1,22,122,5237,10558
151508_TGGCCAATTTGGTACT-1,151508,Br5292,L6,49,11,8447,2907
151508_TGGCGATCAAGTTATG-1,151508,Br5292,L5,51,55,8696,5935
151508_TGGCTTGTACAAGCTT-1,151508,Br5292,L1,16,116,4517,10147
151508_TGGGATGCACTCATTC-1,151508,Br5292,L1,12,98,4034,8910
151508_TGGGCAATAGTTGGGT-1,151508,Br5292,L3,46,108,8109,9585
151508_TGGGTGGGATGTCATT-1,151508,Br5292,L2,10,112,3798,9874
151508_TGGTATCGGTCTGTAT-1,151508,Br5292,L1,7,59,3427,6227
151508_TGGTCCCACGCTACGG-1,151508,Br5292,L4,52,74,8820,7243
151508_TGGTCGATATACCTCT-1,151508,Br5292,WM,73,37,11327,4688
151508_TGGTGCCCTGCCTTAC-1,151508,Br5292,WM,74,52,11450,5720
151508_TGGTTAAGGGCGCTGG-1,151508,Br5292,L1,26,114,5714,10006
151508_TGGTTATGCTTGCGGT-1,151508,Br5292,L4,25,1,5570,2228
151508_TGTAATGACCACAATA-1,151508,Br5292,L5,36,14,6890,3119
151508_TGTAGTGATCTATAAT-1,151508,Br5292,L4,35,33,6775,4427
151508_TGTATAACAGATCCTG-1,151508,Br5292,L3,29,79,6066,7596
151508_TGTATCCTTATTCCAT-1,151508,Br5292,L1,10,50,3784,5607
151508_TGTCCACGGCTCAACT-1,151508,Br5292,L5,65,101,10383,9096
151508_TGTCGGCATGGTGGAA-1,151508,Br5292,L3,9,23,3658,3748
151508_TGTCTACAGTTTCTGT-1,151508,Br5292,L1,11,53,3904,5813
151508_TGTGGAGGAAGCTTAA-1,151508,Br5292,L1,2,56,2827,6023
151508_TGTGTAGTAGCACGTG-1,151508,Br5292,L3,58,116,9548,10131
151508_TGTTCCGGCCTGAGCT-1,151508,Br5292,L6,70,66,10974,6685
151508_TGTTCGTATTGCGGTG-1,151508,Br5292,L5,49,61,8458,6349
151508_TGTTTAATACTTCATC-1,151508,Br5292,L1,9,77,3670,7465
151508_TTAAACAGAGTCCCGC-1,151508,Br5292,L2,9,27,3659,4024
151508_TTAAACCTGGTTCCTT-1,151508,Br5292,L4,26,12,5692,2985
151508_TTAACGTCGCAAGACC-1,151508,Br5292,L1,10,54,3785,5882
151508_TTAAGCCGACAACTTC-1,151508,Br5292,L1,13,77,4149,7464
151508_TTAAGCGCCTGACCCA-1,151508,Br5292,L3,30,44,6178,5186
151508_TTAAGTATTGTTATCC-1,151508,Br5292,L5,64,90,10261,8339
151508_TTAATGTAGACCAGGT-1,151508,Br5292,L3,30,68,6183,6838
151508_TTACAGACCTAAATGA-1,151508,Br5292,L1,26,96,5710,8767
151508_TTACATCGTGGCCTGG-1,151508,Br5292,L3,20,36,4979,4639
151508_TTACATGCCACAACTA-1,151508,Br5292,L3,41,103,7509,9243
151508_TTACCCATTGCCGGGT-1,151508,Br5292,L1,17,85,4630,8013
151508_TTACCCTAACAGTCCT-1,151508,Br5292,L3,24,24,5455,3811
151508_TTACGTATCTATGACA-1,151508,Br5292,L4,64,116,10266,10129
151508_TTACTAAAGGACTTTA-1,151508,Br5292,L3,48,78,8342,7519
151508_TTACTCCGGCCGGGAA-1,151508,Br5292,L3,34,78,6665,7525
151508_TTACTCTGGTACGTAC-1,151508,Br5292,L5,43,31,7732,4286
151508_TTACTGTTTCTCTACG-1,151508,Br5292,L1,2,68,2830,6849
151508_TTAGAATAAGGGTCGG-1,151508,Br5292,L6,61,45,9891,5243
151508_TTAGACGAGTCACCTC-1,151508,Br5292,L3,48,80,8342,7657
151508_TTAGAGTTTAGAAGGA-1,151508,Br5292,L3,46,86,8104,8071
151508_TTAGCTGATTTGCCGT-1,151508,Br5292,L3,38,94,7147,8625
151508_TTAGGTCATAACCGAC-1,151508,Br5292,L6,58,38,9531,4762
151508_TTAGTAGGGCGGCGGG-1,151508,Br5292,L4,34,26,6653,3945
151508_TTATATTTGGCAATCC-1,151508,Br5292,L3,26,64,5703,6564
151508_TTATCCAATCGAACTC-1,151508,Br5292,L3,13,33,4140,4435
151508_TTATGACAAACTGGAT-1,151508,Br5292,L3,27,35,5817,4568
151508_TTATGTTTGCGATAGA-1,151508,Br5292,L3,26,20,5694,3535
151508_TTATTAGGGAAGCATC-1,151508,Br5292,L2,15,59,4385,6224
151508_TTCAATTAGCCATAAT-1,151508,Br5292,L1,7,77,3431,7466
151508_TTCAGGCGTCAAAGCC-1,151508,Br5292,L5,40,16,7370,3255
151508_TTCCAGACGAGATTTA-1,151508,Br5292,L3,39,111,7271,9794
151508_TTCCCGGCGCCAATAG-1,151508,Br5292,L6,46,12,8088,2977
151508_TTCCGGCTCGACTTCT-1,151508,Br5292,L1,12,110,4037,9736
151508_TTCCTTTCTGTGTTGC-1,151508,Br5292,L3,11,25,3898,3885
151508_TTCGGCAACCCGCTGA-1,151508,Br5292,L1,16,88,4511,8220
151508_TTCGGCTAGAGATGGT-1,151508,Br5292,L3,18,24,4737,3814
151508_TTCGGGCGCTAGTCTT-1,151508,Br5292,L6,55,37,9171,4695
151508_TTCGTTCAACGAAGTT-1,151508,Br5292,L1,23,105,5353,9388
151508_TTCTTAGTGAACGGTG-1,151508,Br5292,L3,18,34,4739,4502
151508_TTCTTCCCTTTGATAT-1,151508,Br5292,L1,2,70,2830,6986
151508_TTCTTGGAGTAATGAG-1,151508,Br5292,L1,21,79,5108,7599
151508_TTCTTTGGTCGCGACG-1,151508,Br5292,L1,24,104,5473,9318
151508_TTGAACGAATCCTTTG-1,151508,Br5292,L3,19,21,4856,3607
151508_TTGAATATGGACTTTC-1,151508,Br5292,L3,34,76,6664,7387
151508_TTGAATTCACGTGAGG-1,151508,Br5292,L3,39,97,7268,8831
151508_TTGACCATGTTCTCCG-1,151508,Br5292,L2,24,78,5467,7529
151508_TTGAGCAGCCCACGGT-1,151508,Br5292,L3,44,116,7871,10137
151508_TTGAGCGCCACGTGAT-1,151508,Br5292,L2,38,118,7153,10277
151508_TTGAGGCATTTAACTC-1,151508,Br5292,L1,7,91,3434,8430
151508_TTGATCTAACTTTGTC-1,151508,Br5292,L3,29,47,6059,5393
151508_TTGATGTGTAGTCCCG-1,151508,Br5292,L1,24,90,5470,8355
151508_TTGCAAGAAGACTCCT-1,151508,Br5292,L6,70,68,10974,6823
151508_TTGCACGGAGCAGCAC-1,151508,Br5292,L3,21,59,5104,6222
151508_TTGCATGCTGATCACG-1,151508,Br5292,L5,41,35,7494,4562
151508_TTGCCGCAGACCTACA-1,151508,Br5292,WM,62,18,10005,3384
151508_TTGCGCTTGATCAATA-1,151508,Br5292,L5,69,101,10862,9095
151508_TTGCGGCGACTCATGC-1,151508,Br5292,L1,2,66,2829,6711
151508_TTGCGTCGGCCAACCG-1,151508,Br5292,L5,51,41,8693,4971
151508_TTGGCCAAATTGTATC-1,151508,Br5292,L6,74,86,11457,8060
151508_TTGGTTGCGGTGCGCG-1,151508,Br5292,L6,53,23,8928,3732
151508_TTGTATCACACAGAAT-1,151508,Br5292,L1,12,74,4029,7258
151508_TTGTCTCGGCAAGATG-1,151508,Br5292,WM,75,41,11567,4962
151508_TTGTGCAGCCACGTCA-1,151508,Br5292,L5,60,74,9778,7240
151508_TTGTTAGCAAATTCGA-1,151508,Br5292,L3,22,42,5220,5051
151508_TTGTTCAGTGTGCTAC-1,151508,Br5292,L3,24,64,5464,6565
151509_AAACAAGTATCTCCCA-1,151509,Br5292,L1,50,102,8648,9273
151509_AAACAGCTTTCAGAAG-1,151509,Br5292,L4,43,9,7798,2813
151509_AAACAGGGTCTATATT-1,151509,Br5292,L5,47,13,8282,3091
151509_AAACCGTTCGTCCAGG-1,151509,Br5292,L4,52,42,8887,5105
151509_AAAGAATGACCTTAGA-1,151509,Br5292,WM,64,2,10336,2326
151509_AAAGACTGGGCGCTTT-1,151509,Br5292,L3,29,15,6106,3231
151509_AAAGTAGCATTGCTCA-1,151509,Br5292,L4,51,27,8766,4063
151509_AAAGTTGACTCCCGTA-1,151509,Br5292,L1,42,96,7681,8857
151509_AAATAACCATACGGGA-1,151509,Br5292,L3,14,88,4297,8303
151509_AAATAAGGTAGTGCCC-1,151509,Br5292,L2,31,115,6352,10177
151509_AAATCCGATACACGCC-1,151509,Br5292,L3,65,87,10460,8230
151509_AAATCTAGCCCTGCTA-1,151509,Br5292,L2,53,101,9011,9203
151509_AAATGGTCAATGTGCC-1,151509,Br5292,L2,33,51,6591,5732
151509_AAATTTGCGGGTGTGG-1,151509,Br5292,L4,47,33,8283,4480
151509_AACAACTGGTAGTTGC-1,151509,Br5292,L2,28,42,5987,5107
151509_AACAATTACTCTACGC-1,151509,Br5292,L3,29,25,6107,3926
151509_AACAGCTGTGTGGCAA-1,151509,Br5292,L5,59,31,9733,4340
151509_AACATTGAAGTTGATC-1,151509,Br5292,L6,67,23,10699,3784
151509_AACATTGTGACTCGAG-1,151509,Br5292,L5,64,52,10338,5799
151509_AACCAAGACTTCTCTG-1,151509,Br5292,L3,36,24,6953,3856
151509_AACCAGTATCACTCTT-1,151509,Br5292,L3,6,92,3330,8581
151509_AACCATGGGATCGCTA-1,151509,Br5292,L1,14,30,4294,4274
151509_AACCCATCCCATGATC-1,151509,Br5292,L5,56,14,9369,3160
151509_AACCGAGCTTGGTCAT-1,151509,Br5292,L1,24,70,5504,7052
151509_AACGACCTCCTAGCCG-1,151509,Br5292,L3,71,119,11187,10452
151509_AACGCGGTCTCCAGCC-1,151509,Br5292,L1,23,65,5383,6705
151509_AACGCTGTTGCTGAAA-1,151509,Br5292,L3,54,94,9131,8717
151509_AACGGACGTACGTATA-1,151509,Br5292,L2,50,92,8648,8578
151509_AACGTCGCTGCACTTC-1,151509,Br5292,L3,73,109,11428,9757
151509_AACGTGATGAAGGACA-1,151509,Br5292,L3,9,83,3692,7956
151509_AACTACCCGTTTGTCA-1,151509,Br5292,L1,47,113,8286,10037
151509_AACTGGGTCCCGACGT-1,151509,Br5292,L1,20,66,5021,6774
151509_AACTGGGTTCGAGCCG-1,151509,Br5292,L3,3,89,2967,8373
151509_AACTTTAGCTGCTGAG-1,151509,Br5292,L2,5,49,3207,5595
151509_AAGACTCACGCCCACT-1,151509,Br5292,L3,1,95,2726,8790
151509_AAGAGCTCTTTATCGG-1,151509,Br5292,L1,35,77,6834,7537
151509_AAGATTGGCGGAACGT-1,151509,Br5292,L1,26,90,5747,8441
151509_AAGCACCCTGCGTATC-1,151509,Br5292,L3,59,73,9735,7258
151509_AAGCCGCTTTACCTTG-1,151509,Br5292,L3,19,125,4902,10873
151509_AAGCCGGAGAGCAGGA-1,151509,Br5292,L3,61,125,9979,10869
151509_AAGCTCTTTCATGGTG-1,151509,Br5292,L3,57,81,9493,7814
151509_AAGGAGCGGTTGGTGC-1,151509,Br5292,L1,28,48,5987,5524
151509_AAGGGAACGACTGGCT-1,151509,Br5292,L6,63,21,10216,3645
151509_AAGGTATCCTAATATA-1,151509,Br5292,L1,25,81,5626,7816
151509_AAGTAGAAGACCGGGT-1,151509,Br5292,L1,19,47,4899,5455
151509_AAGTTCACTCCAAGCT-1,151509,Br5292,L3,57,85,9493,8091
151509_AAGTTTACTAATGGCA-1,151509,Br5292,L3,5,61,3208,6428
151509_AAGTTTATGGGCCCAA-1,151509,Br5292,L4,68,70,10822,7049
151509_AATAGAATCTGTTTCA-1,151509,Br5292,L3,48,86,8406,8161
151509_AATATCAAGGTCGGAT-1,151509,Br5292,L1,8,42,3569,5108
151509_AATATCGAGGGTTCTC-1,151509,Br5292,L2,27,101,5868,9205
151509_AATCCATGCAAGGGTG-1,151509,Br5292,L1,8,26,3569,3997
151509_AATCGGGACACTACGA-1,151509,Br5292,L3,8,60,3570,6359
151509_AATCGGTATAGCCCTC-1,151509,Br5292,L3,71,109,11186,9757
151509_AATCTGCGTTGGGACG-1,151509,Br5292,L1,32,92,6472,8579
151509_AATCTGGCTTTCTAGT-1,151509,Br5292,L5,51,15,8765,3230
151509_AATGAGTTCGCATATG-1,151509,Br5292,L1,15,21,4415,3649
151509_AATGATGATACGCTAT-1,151509,Br5292,L2,23,93,5385,8650
151509_AATGTGCCCGAGGTGT-1,151509,Br5292,L5,55,27,9249,4063
151509_AATTAAAGGTCGGCGT-1,151509,Br5292,L3,40,50,7437,5662
151509_AATTCGATTCGAGGAT-1,151509,Br5292,L4,66,76,10581,7466
151509_AATTGCAGCAATCGAC-1,151509,Br5292,L3,64,102,10340,9272
151509_AATTGCGTGGATTACA-1,151509,Br5292,WM,67,9,10699,2812
151509_AATTGTGGTTGCCAAA-1,151509,Br5292,L3,65,119,10462,10452
151509_ACAAACCATGCGTCCT-1,151509,Br5292,WM,64,16,10336,3298
151509_ACAAAGAAGGTAGGCC-1,151509,Br5292,L5,46,4,8160,2466
151509_ACAAAGCATGACCTAG-1,151509,Br5292,L3,63,97,10219,8924
151509_ACAAATCGCACCGAAT-1,151509,Br5292,L3,50,82,8647,7883
151509_ACAACGGTCCCTGCGA-1,151509,Br5292,L1,22,30,5261,4274
151509_ACAAGCAGTGCCTAGC-1,151509,Br5292,L3,30,26,6228,3995
151509_ACAAGGACAAGAGGTT-1,151509,Br5292,L2,29,37,6107,4759
151509_ACAATCCATTTAAACC-1,151509,Br5292,L3,36,32,6953,4412
151509_ACAATCGATCTTTATA-1,151509,Br5292,L3,2,62,2845,6498
151509_ACACACCAGGACCAGT-1,151509,Br5292,L1,44,90,7922,8440
151509_ACACACTTTCTACACG-1,151509,Br5292,L2,14,64,4296,6636
151509_ACACCGAGCGCTCTTT-1,151509,Br5292,L1,15,5,4414,2538
151509_ACACCTTAAGTAGGGC-1,151509,Br5292,L1,25,43,5624,5176
151509_ACACGAGACTCCTTCT-1,151509,Br5292,L1,31,71,6350,7121
151509_ACACGGGAACTTAGGG-1,151509,Br5292,L1,27,71,5867,7121
151509_ACACGTAGGCCACAAG-1,151509,Br5292,L3,58,110,9615,9828
151509_ACACTGATCAAGGTGT-1,151509,Br5292,L3,52,48,8888,5522
151509_ACAGGTGGAGGTGAGG-1,151509,Br5292,L4,51,39,8766,4897
151509_ACAGTAATACAACTTG-1,151509,Br5292,L4,46,14,8161,3161
151509_ACATCGATCGTTTACC-1,151509,Br5292,L3,42,62,7680,6495
151509_ACATCGTATGCAATGG-1,151509,Br5292,L2,45,81,8043,7814
151509_ACATGGCTCAATTTAG-1,151509,Br5292,L1,8,14,3568,3163
151509_ACATTAGTTTATATCC-1,151509,Br5292,L3,51,61,8767,6425
151509_ACATTCGCGCGGAATA-1,151509,Br5292,WM,73,27,11425,4061
151509_ACCAAACTAGAAATCC-1,151509,Br5292,L3,3,67,2966,6845
151509_ACCAACCGCACTCCAC-1,151509,Br5292,L3,65,97,10461,8924
151509_ACCACAACTCAGAACA-1,151509,Br5292,L3,7,81,3450,7817
151509_ACCACAAGTTTCTATC-1,151509,Br5292,L2,30,54,6229,5940
151509_ACCACCCTCTCTTCTA-1,151509,Br5292,L3,23,121,5386,10594
151509_ACCACTGTTCAAGAAG-1,151509,Br5292,L1,10,6,3810,2608
151509_ACCAGACCATAACAAC-1,151509,Br5292,L4,38,4,7194,2467
151509_ACCATATCCGCAATAA-1,151509,Br5292,L3,38,56,7196,6078
151509_ACCATTAAGGGTGTCA-1,151509,Br5292,L1,13,5,4172,2538
151509_ACCCGATTGGTTCCGA-1,151509,Br5292,L6,69,35,10942,4617
151509_ACCCGGAGCACCACAA-1,151509,Br5292,L3,59,123,9737,10731
151509_ACCCTATAGGACTGAG-1,151509,Br5292,L1,12,20,4052,3580
151509_ACCGACACATCTCCCA-1,151509,Br5292,L3,61,67,9976,6841
151509_ACCGAGTCTCCTTATT-1,151509,Br5292,L4,71,79,11185,7674
151509_ACCGATAGGCATAACC-1,151509,Br5292,L3,60,118,9857,10383
151509_ACCGGTCTGAGTACGG-1,151509,Br5292,L3,4,100,3088,9137
151509_ACCGTTCCCGCTCTGA-1,151509,Br5292,L3,5,65,3208,6706
151509_ACCTAATCGACTTCCT-1,151509,Br5292,L3,32,30,6470,4273
151509_ACCTACTATAAATCTA-1,151509,Br5292,L5,68,58,10822,6215
151509_ACGAGAACCCATCACG-1,151509,Br5292,L1,8,34,3569,4553
151509_ACGATCATACATAGAG-1,151509,Br5292,L1,25,63,5625,6566
151509_ACGATCATCTTGTAAA-1,151509,Br5292,L1,36,102,6956,9274
151509_ACGCTACTGAATGGGC-1,151509,Br5292,L3,74,120,11550,10521
151509_ACGCTGTGAGGCGTAG-1,151509,Br5292,L3,39,13,7315,3092
151509_ACGGACGCAGCGACAA-1,151509,Br5292,WM,74,16,11545,3297
151509_ACGGGCGTATGCGACA-1,151509,Br5292,L3,24,118,5506,10386
151509_ACGGGTCATGTGACTT-1,151509,Br5292,L1,15,9,4414,2816
151509_ACGTACTTTGGCACGG-1,151509,Br5292,L6,70,32,11062,4409
151509_ACGTGGTCGAATGTGC-1,151509,Br5292,L3,2,78,2846,7609
151509_ACGTTAGATTTGCCCG-1,151509,Br5292,L3,39,39,7316,4898
151509_ACGTTGTCGTTGAAAG-1,151509,Br5292,WM,75,31,11667,4339
151509_ACTACCATCCGAGGGC-1,151509,Br5292,WM,74,28,11546,4131
151509_ACTACGCGTTAGAATT-1,151509,Br5292,L4,60,56,9855,6077
151509_ACTATGTCCAGCTGCC-1,151509,Br5292,L6,64,22,10337,3715
151509_ACTCCCTAATGCTAAA-1,151509,Br5292,L3,57,69,9493,6980
151509_ACTCCCTAGAATAGTA-1,151509,Br5292,L3,48,70,8405,7050
151509_ACTCGCCGTTCGATAA-1,151509,Br5292,L3,67,111,10703,9897
151509_ACTCTCTGACTTAGGT-1,151509,Br5292,L2,42,78,7680,7606
151509_ACTCTCTTATACACGA-1,151509,Br5292,L3,8,84,3571,8026
151509_ACTCTGACCTAATAGA-1,151509,Br5292,L3,69,97,10944,8924
151509_ACTCTTGTATAGTAAC-1,151509,Br5292,L1,36,70,6955,7051
151509_ACTGCTCGGAAGGATG-1,151509,Br5292,L5,53,9,9007,2813
151509_ACTGTCCAGGATTATA-1,151509,Br5292,L2,33,55,6591,6009
151509_ACTTAGTACGACAAGA-1,151509,Br5292,L1,14,32,4294,4413
151509_ACTTATTAGGATCGGT-1,151509,Br5292,L3,38,52,7196,5801
151509_ACTTCCAGTGGAAGCT-1,151509,Br5292,L6,57,3,9490,2396
151509_ACTTGACTCCCTCTTT-1,151509,Br5292,L3,42,72,7680,7189
151509_ACTTGCCATATTGTAC-1,151509,Br5292,L3,4,56,3087,6081
151509_ACTTGGGCTTTCGCCA-1,151509,Br5292,L5,77,75,11910,7395
151509_ACTTTGTCGACGCACT-1,151509,Br5292,L2,56,120,9374,10523
151509_AGAAATTATGACTCGC-1,151509,Br5292,L2,53,115,9011,10175
151509_AGAACCCAGCGTGACA-1,151509,Br5292,L1,44,124,7924,10801
151509_AGAAGAGCGCCGTTCC-1,151509,Br5292,L1,38,88,7197,8301
151509_AGAAGGTACACTTCAC-1,151509,Br5292,L5,52,14,8886,3160
151509_AGAAGGTTGCCGAATT-1,151509,Br5292,L3,42,44,7679,5245
151509_AGAATACAGGCTATCC-1,151509,Br5292,L3,75,99,11669,9062
151509_AGAATTATGGATTCGA-1,151509,Br5292,L1,32,98,6472,8996
151509_AGACCGCTCCGCGGTT-1,151509,Br5292,L1,51,111,8769,9898
151509_AGAGATCTCTAAAGCG-1,151509,Br5292,L3,40,18,7436,3439
151509_AGAGCAGTTATGAGAC-1,151509,Br5292,L3,29,19,6106,3509
151509_AGAGGCTTCGGAAACC-1,151509,Br5292,L2,51,101,8769,9203
151509_AGAGTCTTAATGAAAG-1,151509,Br5292,L3,76,122,11791,10660
151509_AGATAATCACACCTAT-1,151509,Br5292,WM,77,13,11907,3089
151509_AGATACCGGTGTTCAC-1,151509,Br5292,L3,40,38,7437,4828
151509_AGATCTCAGGTGTGAT-1,151509,Br5292,L1,29,75,6109,7399
151509_AGATGACTCGCCCACG-1,151509,Br5292,L1,21,55,5141,6010
151509_AGCAGCCAGATGAATA-1,151509,Br5292,L3,56,58,9371,6216
151509_AGCCCTAAGCGAAGTT-1,151509,Br5292,L1,15,65,4416,6705
151509_AGCCCTGTCGCACCGT-1,151509,Br5292,L1,41,121,7561,10593
151509_AGCCTTAAAGCGGAAG-1,151509,Br5292,L2,21,15,5139,3232
151509_AGCGACAGGAACGGTC-1,151509,Br5292,L4,51,37,8766,4758
151509_AGCGACTTTGAAGACA-1,151509,Br5292,L6,77,45,11909,5311
151509_AGCGATGCGCCTAATA-1,151509,Br5292,L3,64,108,10340,9688
151509_AGCGGGAAGGGTCCAT-1,151509,Br5292,L1,13,37,4174,4761
151509_AGCGGTTGCCGCTCTG-1,151509,Br5292,L3,18,116,4781,10248
151509_AGCGTACGAGAGCTAG-1,151509,Br5292,L1,8,24,3569,3858
151509_AGCTCTTCCCAGTGCA-1,151509,Br5292,L2,18,88,4780,8303
151509_AGCTTCAATACTTTGA-1,151509,Br5292,L3,0,76,2604,7470
151509_AGCTTGATCTTAACTT-1,151509,Br5292,L3,41,23,7557,3786
151509_AGGACAGTCGAATCCC-1,151509,Br5292,L2,43,85,7801,8092
151509_AGGACATCGCACGTCG-1,151509,Br5292,L1,16,38,4536,4830
151509_AGGACGACCCATTAGA-1,151509,Br5292,L3,43,45,7800,5314
151509_AGGCATTGTCGTAGGG-1,151509,Br5292,L2,49,99,8527,9064
151509_AGGCGGTTTGTCCCGC-1,151509,Br5292,L6,59,17,9732,3368
151509_AGGCTATGGTTAGCTT-1,151509,Br5292,L2,26,30,5744,4273
151509_AGGCTTAAGTTGCACA-1,151509,Br5292,L5,77,69,11910,6978
151509_AGGGACCGGCTGCGTT-1,151509,Br5292,L1,36,110,6956,9829
151509_AGGGACTCTACGCGAC-1,151509,Br5292,L3,55,53,9250,5869
151509_AGGGTCGATGCGAACT-1,151509,Br5292,L1,37,97,7077,8926
151509_AGGGTGCCGTTCTTTA-1,151509,Br5292,L5,65,33,10458,4479
151509_AGGGTGCTCTCGAGGG-1,151509,Br5292,L1,34,92,6714,8579
151509_AGGGTTCAGACGGTCC-1,151509,Br5292,L5,69,45,10942,5312
151509_AGGGTTTAGTTCGGGA-1,151509,Br5292,L1,33,63,6592,6565
151509_AGGTACGATATTGCCA-1,151509,Br5292,L3,12,76,4054,7470
151509_AGGTCAGGTGAGAGTG-1,151509,Br5292,L4,46,20,8161,3577
151509_AGGTTCTCCTTTCCGG-1,151509,Br5292,WM,66,8,10578,2742
151509_AGTACAGAAGCTTATA-1,151509,Br5292,L4,71,77,11185,7535
151509_AGTAGGTAACATACAT-1,151509,Br5292,L1,13,51,4174,5733
151509_AGTATACACAGCGACA-1,151509,Br5292,L5,64,48,10338,5521
151509_AGTCGGCCCAAACGAC-1,151509,Br5292,L1,25,39,5624,4899
151509_AGTCGGCTCAACTTTA-1,151509,Br5292,L4,47,23,8282,3786
151509_AGTCGTGGGCATTACG-1,151509,Br5292,L4,51,29,8766,4202
151509_AGTCTTTAAAGTGTCC-1,151509,Br5292,L4,67,77,10702,7535
151509_AGTGAAGATGGTGTCC-1,151509,Br5292,L3,21,121,5144,10595
151509_AGTGAGCCTCGCCGCC-1,151509,Br5292,L1,29,103,6110,9344
151509_AGTTAAGCGGTCCCGG-1,151509,Br5292,L2,16,80,4538,7747
151509_AGTTCACCGGTTGGAC-1,151509,Br5292,L2,20,8,5018,2746
151509_AGTTCCTACAGAATTA-1,151509,Br5292,L2,30,50,6229,5662
151509_AGTTGCTGACTGATAT-1,151509,Br5292,L1,16,18,4535,3441
151509_ATAACGCCGGAGGGTC-1,151509,Br5292,L1,35,81,6834,7815
151509_ATAAGTTACCGCGACG-1,151509,Br5292,L3,46,52,8163,5800
151509_ATAATAGTGTAGGGAC-1,151509,Br5292,L1,18,30,4778,4274
151509_ATACCGTCATCCATAA-1,151509,Br5292,L3,15,115,4419,10178
151509_ATACCTAACCAAGAAA-1,151509,Br5292,L3,58,64,9613,6633
151509_ATACGAAGGCTTTCCA-1,151509,Br5292,L1,37,123,7078,10732
151509_ATACGTACTTAGCCAC-1,151509,Br5292,L3,55,77,9251,7536
151509_ATACGTCCACTCCTGT-1,151509,Br5292,L2,47,93,8285,8648
151509_ATACTAGCATGACCCT-1,151509,Br5292,L1,21,61,5141,6427
151509_ATAGAGTACTGGGACA-1,151509,Br5292,L1,26,48,5745,5524
151509_ATAGGCTAGCTTCGCA-1,151509,Br5292,L2,25,97,5626,8927
151509_ATATACGCTCGTGACG-1,151509,Br5292,L3,62,108,10099,9689
151509_ATATGTCTCCCTAGCC-1,151509,Br5292,L1,35,97,6835,8927
151509_ATATGTGCACAAACCA-1,151509,Br5292,L3,9,119,3694,10457
151509_ATATTGCTGTCAAAGT-1,151509,Br5292,L1,18,32,4778,4413
151509_ATCAGCTCGTCCACTA-1,151509,Br5292,L5,49,15,8524,3230
151509_ATCATAGCCCTATGTA-1,151509,Br5292,L3,62,106,10099,9550
151509_ATCCAATGGTACCGAA-1,151509,Br5292,L3,36,6,6952,2606
151509_ATCCAGGATTCGTGAA-1,151509,Br5292,L3,40,46,7437,5384
151509_ATCCCATCCACAGCGC-1,151509,Br5292,L6,62,14,10095,3159
151509_ATCCTGCGTGGAATGG-1,151509,Br5292,L3,45,47,8041,5453
151509_ATCCTGCTGCAGATAG-1,151509,Br5292,L2,6,44,3328,5247
151509_ATCCTTCTGAAAGAAC-1,151509,Br5292,L1,48,126,8407,10940
151509_ATCGCCGTGGTTCATG-1,151509,Br5292,L3,72,124,11308,10799
151509_ATCGCTGCGTGCAGCA-1,151509,Br5292,L3,23,111,5385,9900
151509_ATCGGAGACAGACGGC-1,151509,Br5292,L3,52,76,8889,7467
151509_ATCGTATTCCGAGAAC-1,151509,Br5292,L3,29,3,6106,2398
151509_ATCTAATATCCTACGG-1,151509,Br5292,L3,55,67,9251,6841
151509_ATCTAGCTTGTGAGGG-1,151509,Br5292,L4,67,65,10701,6701
151509_ATCTCATAAACCTACC-1,151509,Br5292,L3,0,104,2605,9415
151509_ATCTGGGCTGTTCTTG-1,151509,Br5292,L3,61,69,9976,6980
151509_ATCTTGACCTGCAACG-1,151509,Br5292,L1,26,44,5745,5246
151509_ATGACTATGCGACATT-1,151509,Br5292,L2,48,88,8406,8300
151509_ATGCACCTTCCTTAAT-1,151509,Br5292,L2,20,6,5018,2607
151509_ATGCACGCGCTGTTCA-1,151509,Br5292,L6,59,11,9732,2951
151509_ATGCCATTTGCGACCA-1,151509,Br5292,L1,43,91,7802,8509
151509_ATGCGACAATTGGTCC-1,151509,Br5292,L3,13,109,4177,9762
151509_ATGGAACCTTTGCACA-1,151509,Br5292,L1,38,120,7199,10524
151509_ATGGCTGGAAATGGCC-1,151509,Br5292,L3,9,93,3692,8651
151509_ATGGTGCTCAAAGCCA-1,151509,Br5292,L3,1,57,2724,6151
151509_ATGTACGATGACGTCG-1,151509,Br5292,L4,66,64,10580,6632
151509_ATTAATTCGGTCACTC-1,151509,Br5292,L2,14,66,4296,6775
151509_ATTACCACACTGCCTG-1,151509,Br5292,L1,48,118,8407,10384
151509_ATTACTAGCCTCTTGC-1,151509,Br5292,L1,18,44,4778,5246
151509_ATTACTTACTGGGCAT-1,151509,Br5292,L2,22,100,5264,9136
151509_ATTATCTCGACAGATC-1,151509,Br5292,L3,7,61,3449,6428
151509_ATTCACTGATGTTGGA-1,151509,Br5292,L3,56,68,9372,6911
151509_ATTCATATACTGTCCA-1,151509,Br5292,L3,46,60,8163,6356
151509_ATTCATCGTTGAGGCA-1,151509,Br5292,L3,61,89,9977,8369
151509_ATTCCCACATAAACAA-1,151509,Br5292,L2,26,24,5744,3857
151509_ATTCGACGCCGGGCCT-1,151509,Br5292,L3,36,26,6953,3995
151509_ATTCGTCCCGAGGTTA-1,151509,Br5292,L3,75,125,11671,10868
151509_ATTCGTGCTATCTCTT-1,151509,Br5292,L1,42,110,7682,9829
151509_ATTCTCGTCTCTTTAG-1,151509,Br5292,L1,11,51,3932,5733
151509_ATTCTTCGTACTTATG-1,151509,Br5292,L3,9,87,3692,8234
151509_ATTGAATTCCCTGTAG-1,151509,Br5292,L3,76,124,11791,10799
151509_ATTGACGTAACTCGGT-1,151509,Br5292,L3,8,72,3571,7192
151509_ATTGATAGCAACGAGA-1,151509,Br5292,L1,12,22,4052,3719
151509_ATTGGATTACAGCGTA-1,151509,Br5292,L2,54,102,9132,9272
151509_ATTGGGAATATCTTGG-1,151509,Br5292,L1,12,52,4053,5803
151509_ATTGGGAGTTCTGTAA-1,151509,Br5292,L3,8,114,3573,10109
151509_ATTGGTAGGATCCGCT-1,151509,Br5292,L3,25,3,5622,2398
151509_ATTGTGACTTCGCTGC-1,151509,Br5292,L3,11,109,3935,9762
151509_ATTTATACTGGTAAAG-1,151509,Br5292,L5,75,75,11668,7395
151509_ATTTCCGGGTTCTGCG-1,151509,Br5292,L4,55,35,9250,4619
151509_ATTTGTCTTGGGAGCT-1,151509,Br5292,L1,40,84,7439,8023
151509_CAAACTATTGAGCTTC-1,151509,Br5292,L3,11,75,3933,7400
151509_CAACCAGTGGCCTACC-1,151509,Br5292,L3,61,115,9978,10175
151509_CAACCGCACCTAGACA-1,151509,Br5292,L1,11,5,3930,2538
151509_CAACTGAGGGTATGAC-1,151509,Br5292,L3,10,120,3814,10526
151509_CAACTGCTCATCCGAT-1,151509,Br5292,L4,59,55,9734,6007
151509_CAACTTGTAGTGGGCA-1,151509,Br5292,L1,9,41,3690,5039
151509_CAAGATATTATAACGT-1,151509,Br5292,L2,45,89,8043,8370
151509_CAAGGCCAGTGGTGCA-1,151509,Br5292,L3,66,100,10582,9133
151509_CAAGGTCCTATAGGCT-1,151509,Br5292,L1,34,110,6715,9830
151509_CAAGTAAGTGATAGAC-1,151509,Br5292,L5,69,53,10942,5868
151509_CAATACGCTCTGAGGC-1,151509,Br5292,L4,40,10,7436,2883
151509_CAATATTCTTGACCTA-1,151509,Br5292,L4,54,40,9129,4966
151509_CAATGACCCTTAATTT-1,151509,Br5292,L5,73,57,11426,6145
151509_CAATGCGAGAAGTATC-1,151509,Br5292,L3,54,82,9131,7883
151509_CAATGGATCTCTACCA-1,151509,Br5292,L1,28,86,5989,8163
151509_CAATGGTCGGCCTGGG-1,151509,Br5292,L3,6,56,3328,6081
151509_CAATTTGACCGGGAAG-1,151509,Br5292,L1,7,13,3447,3094
151509_CACAAGAAAGATATTA-1,151509,Br5292,L3,14,112,4298,9970
151509_CACAGAGACGAGGACG-1,151509,Br5292,L6,64,20,10337,3576
151509_CACAGTCCCGCTTCGC-1,151509,Br5292,L3,60,112,9857,9967
151509_CACATCTCACCGACGA-1,151509,Br5292,L3,57,75,9493,7397
151509_CACCATCGGAGGAGAC-1,151509,Br5292,L2,11,61,3933,6428
151509_CACCCTTTCCTCGCTC-1,151509,Br5292,L1,8,40,3569,4969
151509_CACCGCCAGAAGGTTT-1,151509,Br5292,L1,27,59,5866,6288
151509_CACCGCCGACCAGCGA-1,151509,Br5292,L3,9,67,3691,6845
151509_CACCTAATAGAGTCGT-1,151509,Br5292,L1,17,25,4656,3927
151509_CACCTTGGCGCCTTTG-1,151509,Br5292,L1,43,103,7802,9343
151509_CACGAAAGTTAGTCCC-1,151509,Br5292,L3,33,29,6590,4203
151509_CACGGCGCGCCAAAGG-1,151509,Br5292,L3,15,103,4418,9345
151509_CACGTCAATCAATGGA-1,151509,Br5292,L3,62,116,10099,10244
151509_CACGTCGGCAACCTCT-1,151509,Br5292,L4,49,37,8524,4758
151509_CACGTCGGGTTCTAGA-1,151509,Br5292,L1,15,1,4414,2260
151509_CACGTTTCGTACACAC-1,151509,Br5292,L3,55,91,9252,8508
151509_CACTCCTATGTAAGAT-1,151509,Br5292,L4,56,36,9370,4688
151509_CACTCGGTTAGGAGGA-1,151509,Br5292,L3,35,13,6831,3092
151509_CAGAACTTAGCCCTCT-1,151509,Br5292,L3,53,85,9010,8092
151509_CAGAATATTCGTTATC-1,151509,Br5292,L1,50,124,8649,10801
151509_CAGACGAACCTGATAC-1,151509,Br5292,L3,50,50,8646,5661
151509_CAGAGCGATGGATGCT-1,151509,Br5292,L3,70,124,11066,10799
151509_CAGAGGCGATGCATGA-1,151509,Br5292,L4,54,48,9129,5522
151509_CAGCAGTCTGTGCTGC-1,151509,Br5292,L3,62,74,10097,7327
151509_CAGCCTCCTGCAGAGG-1,151509,Br5292,L1,23,77,5384,7538
151509_CAGCGCCAACACGATA-1,151509,Br5292,L4,37,5,7073,2536
151509_CAGCTCACTGAGACAT-1,151509,Br5292,L2,33,59,6592,6287
151509_CAGCTCGTGCTTGTGT-1,151509,Br5292,L1,14,42,4295,5108
151509_CAGCTGGCGTAACCGT-1,151509,Br5292,L4,48,22,8403,3716
151509_CAGGATCCGCCCGACC-1,151509,Br5292,L3,1,49,2724,5595
151509_CAGGCGCACGGTGGTC-1,151509,Br5292,L5,56,28,9370,4132
151509_CAGTACCAGTTTACGT-1,151509,Br5292,L4,48,18,8403,3438
151509_CAGTCGGCCTAGATAT-1,151509,Br5292,L5,45,3,8040,2397
151509_CAGTCTCTCGGCTAAT-1,151509,Br5292,L1,6,28,3327,4136
151509_CATACAAAGCCGAACC-1,151509,Br5292,L1,13,35,4173,4622
151509_CATACTATGTAATTGT-1,151509,Br5292,L3,36,48,6954,5523
151509_CATAGTCAAATACATA-1,151509,Br5292,L3,65,93,10461,8646
151509_CATATGTCAGGCTACG-1,151509,Br5292,L4,48,24,8403,3855
151509_CATCATTACCCTGAGG-1,151509,Br5292,L3,52,94,8889,8717
151509_CATCCCGAGATTCATA-1,151509,Br5292,L3,69,115,10945,10174
151509_CATGAACCGACATTTG-1,151509,Br5292,L1,11,43,3932,5177
151509_CATGCACATGAGAGGC-1,151509,Br5292,WM,73,21,11424,3645
151509_CATGCACGTGTTACTG-1,151509,Br5292,L3,3,91,2967,8512
151509_CATGCGTTGAGAGGAG-1,151509,Br5292,L6,72,46,11305,5381
151509_CATGGATTGTCTTCCG-1,151509,Br5292,L2,55,101,9252,9203
151509_CATGGGTCGGGTGTGG-1,151509,Br5292,L2,21,85,5142,8094
151509_CATGTAAGAGACATTT-1,151509,Br5292,L3,54,90,9131,8439
151509_CATTACGCAGGAAGGG-1,151509,Br5292,L3,71,101,11186,9202
151509_CATTATGCTTGTTGTG-1,151509,Br5292,L1,26,52,5745,5801
151509_CATTCAGGTCAGTGCG-1,151509,Br5292,L1,5,21,3206,3650
151509_CATTGCGAAATGGGCG-1,151509,Br5292,L3,36,12,6952,3022
151509_CATTTAGCGGACCATG-1,151509,Br5292,L1,25,85,5626,8094
151509_CATTTATCGTTCAAGA-1,151509,Br5292,L3,5,77,3208,7540
151509_CATTTGAGTGGTACGT-1,151509,Br5292,L3,50,48,8646,5522
151509_CCAAATAACAAGATTC-1,151509,Br5292,L1,51,113,8769,10037
151509_CCAAATCAAAGGGCAA-1,151509,Br5292,WM,72,22,11304,3714
151509_CCAAGCGTAACTCGTA-1,151509,Br5292,L1,33,71,6592,7121
151509_CCACATACTGCACCCA-1,151509,Br5292,L1,52,118,8891,10384
151509_CCACGAGAAGAGAATC-1,151509,Br5292,L2,17,75,4659,7400
151509_CCACGGAGCCATAAGA-1,151509,Br5292,L4,47,27,8282,4063
151509_CCACGGCAGGTGTAGG-1,151509,Br5292,L6,71,31,11183,4339
151509_CCACTCAGATCCGCAA-1,151509,Br5292,L4,72,80,11306,7743
151509_CCACTTTCCTTCTAGG-1,151509,Br5292,L3,77,113,11912,10035
151509_CCAGAAACTGATGCGA-1,151509,Br5292,L3,69,117,10945,10313
151509_CCAGCCTGGACCAATA-1,151509,Br5292,L2,37,65,7075,6704
151509_CCAGGCTGGCGTCTGA-1,151509,Br5292,L2,56,122,9374,10661
151509_CCAGTCTAGACGGCGC-1,151509,Br5292,L1,24,86,5505,8163
151509_CCATAGTCAGTAACCC-1,151509,Br5292,L1,15,17,4414,3371
151509_CCATATTGGATCATGA-1,151509,Br5292,L1,11,11,3931,2955
151509_CCATCCATACCAAGTC-1,151509,Br5292,L1,14,38,4294,4830
151509_CCATGGCAAACGCTCA-1,151509,Br5292,L6,74,40,11546,4964
151509_CCATGTTCATCTATAT-1,151509,Br5292,L6,68,28,10820,4131
151509_CCATTCCCTGCCCACA-1,151509,Br5292,L3,33,39,6591,4898
151509_CCCAAACATGCTGCTC-1,151509,Br5292,L1,34,88,6714,8301
151509_CCCAACATACGTCGCG-1,151509,Br5292,L3,43,35,7799,4619
151509_CCCAAGAATGCACGGT-1,151509,Br5292,L3,2,88,2846,8304
151509_CCCAAGACAGAGTATG-1,151509,Br5292,L3,4,50,3086,5664
151509_CCCACTCCACGGTATC-1,151509,Br5292,L5,49,3,8523,2396
151509_CCCGAAGTTTCGCGAA-1,151509,Br5292,L4,45,11,8040,2952
151509_CCCGGCACGTGTCAGG-1,151509,Br5292,L3,76,104,11791,9410
151509_CCCGTGACAGTGCCTT-1,151509,Br5292,L4,77,91,11911,8507
151509_CCCTAGGCAACAAGAG-1,151509,Br5292,L5,47,3,8281,2396
151509_CCCTATGTAGAGCAGA-1,151509,Br5292,L5,60,24,9853,3854
151509_CCCTCCTCGCTCGTAT-1,151509,Br5292,L1,50,106,8648,9551
151509_CCCTTCTCGTACGCGA-1,151509,Br5292,L2,2,36,2844,4692
151509_CCCTTTAATGGAGTTC-1,151509,Br5292,L3,63,109,10220,9758
151509_CCGAACACTGGGCCTC-1,151509,Br5292,L4,44,18,7919,3439
151509_CCGAGCTGTGCTTGTC-1,151509,Br5292,L3,18,112,4781,9970
151509_CCGATATGACGTAAGG-1,151509,Br5292,L2,55,127,9253,11009
151509_CCGCCACCACAATCCA-1,151509,Br5292,L3,4,66,3087,6776
151509_CCGCCGGTCAACACAC-1,151509,Br5292,L1,13,55,4174,6011
151509_CCGCCTTGCGATGTCG-1,151509,Br5292,L4,43,7,7798,2675
151509_CCGCGGAATGCGTCAC-1,151509,Br5292,L3,51,45,8767,5313
151509_CCGCGTAGGTAAGGGC-1,151509,Br5292,L3,30,22,6227,3717
151509_CCGCTATCAGCACCAG-1,151509,Br5292,L3,45,63,8042,6564
151509_CCGGAATGGTTTCAGT-1,151509,Br5292,L2,24,32,5503,4412
151509_CCGGAGGTCTTATGGT-1,151509,Br5292,L3,18,118,4781,10386
151509_CCGGCGTGAGACTCTG-1,151509,Br5292,L5,47,11,8282,2952
151509_CCGGGACCCGCAGAGA-1,151509,Br5292,L1,16,52,4537,5802
151509_CCGGGCGGTCTCGTCA-1,151509,Br5292,L1,32,76,6472,7468
151509_CCGGGCTGCTCCATAC-1,151509,Br5292,L1,36,86,6955,8162
151509_CCGTGAGGCATTCATG-1,151509,Br5292,L1,36,120,6957,10524
151509_CCGTGCCCATGACGGC-1,151509,Br5292,L1,12,48,4053,5525
151509_CCGTTTCCTTTCCGTG-1,151509,Br5292,L6,76,46,11788,5381
151509_CCTAAAGGCTGACGCT-1,151509,Br5292,L3,14,82,4296,7886
151509_CCTAAATTGTATCCTA-1,151509,Br5292,L1,52,114,8890,10106
151509_CCTACTGCGGCGGCCA-1,151509,Br5292,L3,22,126,5265,10942
151509_CCTACTGCTTACACTT-1,151509,Br5292,L1,27,49,5866,5593
151509_CCTAGGCGTAGCGATC-1,151509,Br5292,L1,36,88,6955,8301
151509_CCTAGGTAAAGGTAGC-1,151509,Br5292,L5,51,11,8765,2952
151509_CCTATATTTGTCCTGG-1,151509,Br5292,L4,62,52,10096,5799
151509_CCTATGGGTTACCGTC-1,151509,Br5292,L1,29,69,6109,6982
151509_CCTATGGTCAAAGCTG-1,151509,Br5292,L4,68,68,10822,6910
151509_CCTCACCAATCTTGAC-1,151509,Br5292,L1,17,35,4657,4621
151509_CCTCACCTTAGCATCG-1,151509,Br5292,L1,27,97,5868,8927
151509_CCTCCCGACAATCCCT-1,151509,Br5292,L3,9,63,3691,6567
151509_CCTCGCGCGATATAGG-1,151509,Br5292,L2,21,95,5143,8789
151509_CCTCTAATCTGCCAAG-1,151509,Br5292,L1,23,73,5384,7260
151509_CCTCTGGCCTAGACGG-1,151509,Br5292,L2,15,75,4417,7400
151509_CCTCTGTACTATTCTA-1,151509,Br5292,L3,53,61,9009,6425
151509_CCTGCGTTCTACGCTT-1,151509,Br5292,L3,32,14,6469,3162
151509_CCTGTTCAACCTCGGG-1,151509,Br5292,L5,71,51,11184,5729
151509_CCTTCCGCAACGCTGC-1,151509,Br5292,WM,71,15,11182,3228
151509_CCTTGACCACTTTATT-1,151509,Br5292,L2,55,109,9253,9759
151509_CGACCCTTAACGCCGG-1,151509,Br5292,L5,48,12,8403,3021
151509_CGACTCGGTACACGGT-1,151509,Br5292,L3,11,123,3935,10734
151509_CGACTTGCCGGGAAAT-1,151509,Br5292,WM,77,17,11908,3367
151509_CGAGACTACTGCTGCT-1,151509,Br5292,L3,72,98,11307,8993
151509_CGAGCGTTGATCAGCC-1,151509,Br5292,L1,12,46,4053,5386
151509_CGAGCTGGGCTTTAGG-1,151509,Br5292,L1,17,67,4658,6844
151509_CGAGTACTAAAGAGGA-1,151509,Br5292,L3,45,35,8041,4619
151509_CGAGTTTATCGGACTG-1,151509,Br5292,L1,37,93,7077,8649
151509_CGATAGTCGTACTGCA-1,151509,Br5292,L3,66,88,10581,8299
151509_CGATATTAGCCGCAGG-1,151509,Br5292,L1,7,35,3448,4622
151509_CGATCCACCATTGTTG-1,151509,Br5292,L5,72,54,11305,5937
151509_CGATCCTCGCAACATA-1,151509,Br5292,L5,66,40,10579,4965
151509_CGATGGACCCTACGCC-1,151509,Br5292,L2,22,96,5264,8858
151509_CGATGTTGTTATCTAC-1,151509,Br5292,L6,58,12,9611,3021
151509_CGCAATTACTTTCGGT-1,151509,Br5292,L1,23,33,5382,4482
151509_CGCAGATCTTCACCCG-1,151509,Br5292,L3,25,113,5627,10039
151509_CGCATGGTGCGATGCT-1,151509,Br5292,L3,40,66,7438,6773
151509_CGCCCGCTTCCGTACA-1,151509,Br5292,L2,18,80,4780,7747
151509_CGCGGTAAGTCTAGCT-1,151509,Br5292,L2,30,118,6232,10386
151509_CGCGTGCTATCAACGA-1,151509,Br5292,L2,1,27,2723,4067
151509_CGCTACCGCCCTATGA-1,151509,Br5292,L3,2,42,2844,5109
151509_CGCTGGTGACTACCCT-1,151509,Br5292,L1,48,98,8406,8995
151509_CGGAAAGAATCAAACG-1,151509,Br5292,L4,58,48,9613,5521
151509_CGGAACGTAAACATAG-1,151509,Br5292,L3,47,45,8283,5314
151509_CGGAGCAATTTAATCG-1,151509,Br5292,L3,54,60,9130,6355
151509_CGGAGCTTATAACACC-1,151509,Br5292,L3,10,86,3813,8164
151509_CGGCAGGGTCGGGTTG-1,151509,Br5292,L1,32,94,6472,8718
151509_CGGCCAGAGCGACCAT-1,151509,Br5292,L5,67,49,10700,5590
151509_CGGCCCAACCTGTAGT-1,151509,Br5292,L2,28,112,5990,9969
151509_CGGCTCTAAAGCTGCA-1,151509,Br5292,L1,46,110,8165,9829
151509_CGGGAACGCCCTGCAT-1,151509,Br5292,WM,71,9,11182,2811
151509_CGGGAAGTACCGTGGC-1,151509,Br5292,WM,70,12,11061,3020
151509_CGGGTGTACCCATTTA-1,151509,Br5292,L1,32,86,6472,8163
151509_CGGTATGGGCACTCTG-1,151509,Br5292,L5,75,77,11669,7534
151509_CGGTCCATGAGACTCC-1,151509,Br5292,L3,20,118,5023,10386
151509_CGGTGAAGACTAAAGT-1,151509,Br5292,L3,35,23,6832,3786
151509_CGGTGGGCTCCAGCCT-1,151509,Br5292,L3,15,99,4418,9067
151509_CGGTGTACTTGATCCC-1,151509,Br5292,L1,17,31,4657,4344
151509_CGGTTCAAGTAGGTGT-1,151509,Br5292,L2,24,98,5506,8997
151509_CGGTTCCGGCTTCTTG-1,151509,Br5292,L1,9,29,3690,4205
151509_CGTACCGAAAGTCTAG-1,151509,Br5292,L1,10,12,3810,3024
151509_CGTAGAGAGTAATTAT-1,151509,Br5292,L3,67,87,10702,8230
151509_CGTCAAATGGTCGCAG-1,151509,Br5292,L3,20,124,5023,10803
151509_CGTCAATCTTTAACAT-1,151509,Br5292,L1,11,9,3931,2816
151509_CGTCACGTCCATTGGT-1,151509,Br5292,L3,47,51,8283,5730
151509_CGTCAGTTTATCGTCT-1,151509,Br5292,L3,2,60,2845,6359
151509_CGTCCAGATGGCTCCA-1,151509,Br5292,L1,12,0,4051,2191
151509_CGTCCTCATCGCGTGC-1,151509,Br5292,L3,71,111,11187,9896
151509_CGTGCCCGACATTTGT-1,151509,Br5292,L3,1,59,2724,6290
151509_CGTGGAAGCCTCGTAC-1,151509,Br5292,L1,48,120,8407,10523
151509_CGTGTCTCGTTACGAC-1,151509,Br5292,L5,60,34,9854,4549
151509_CGTTCATGGTGCGCGT-1,151509,Br5292,L4,48,20,8403,3577
151509_CGTTGAGCGACCGTCG-1,151509,Br5292,L3,44,74,7922,7328
151509_CGTTGAGTAATTGCGT-1,151509,Br5292,L3,11,101,3935,9206
151509_CGTTGCCCGCGTGGGA-1,151509,Br5292,L5,65,45,10459,5312
151509_CGTTGTCGGCAATTGA-1,151509,Br5292,L4,64,66,10339,6771
151509_CGTTTAAGCGGAGCAC-1,151509,Br5292,L1,13,59,4174,6289
151509_CGTTTCGCTCATTACA-1,151509,Br5292,L3,35,49,6833,5592
151509_CGTTTCGGTTATATGC-1,151509,Br5292,L3,74,116,11549,10243
151509_CTAAAGAATGCCTACT-1,151509,Br5292,L3,36,36,6953,4689
151509_CTAAATCCGGTGTACA-1,151509,Br5292,L5,61,35,9975,4618
151509_CTAACAGCACAATAAC-1,151509,Br5292,WM,61,1,9973,2256
151509_CTACGACTAGCTATAA-1,151509,Br5292,L3,38,24,7194,3856
151509_CTAGACATATATGTAG-1,151509,Br5292,L3,8,108,3572,9693
151509_CTAGATGTGAGTGTAA-1,151509,Br5292,L1,33,103,6594,9343
151509_CTAGCCACAGGCGAGC-1,151509,Br5292,L3,59,117,9736,10314
151509_CTAGCCCGGGAGACGA-1,151509,Br5292,WM,77,37,11909,4756
151509_CTAGCTTAATGGTCCC-1,151509,Br5292,L1,47,125,8287,10870
151509_CTAGGCGGCAGAGAAT-1,151509,Br5292,L2,4,32,3086,4414
151509_CTAGTGAAGGACAGGA-1,151509,Br5292,L3,34,38,6712,4828
151509_CTATCGCGTAGAGAAC-1,151509,Br5292,L3,58,118,9616,10383
151509_CTATGTCTATTGAAAC-1,151509,Br5292,L2,11,55,3933,6011
151509_CTATTCATGTGTCCCA-1,151509,Br5292,L3,52,62,8888,6494
151509_CTATTGTGTTTGGTCA-1,151509,Br5292,L3,13,101,4176,9206
151509_CTCATGGTAATTTGCG-1,151509,Br5292,L4,50,26,8645,3994
151509_CTCATTGCTCTAACAA-1,151509,Br5292,L3,60,78,9856,7605
151509_CTCCTAAGTTATGTCT-1,151509,Br5292,L1,12,30,4052,4274
151509_CTCCTGTTCAAGGCAG-1,151509,Br5292,L2,55,117,9253,10314
151509_CTCGAGACATACGATA-1,151509,Br5292,L6,55,7,9248,2674
151509_CTCGGGATAACACCTA-1,151509,Br5292,L2,31,121,6353,10594
151509_CTCGTTACGGCTACCA-1,151509,Br5292,L6,70,40,11063,4965
151509_CTCTCACAATCGATGA-1,151509,Br5292,L1,32,70,6471,7051
151509_CTCTGCGAAGCAAGCA-1,151509,Br5292,L1,12,50,4053,5664
151509_CTCTGGACGCCTGGTG-1,151509,Br5292,L1,32,62,6471,6496
151509_CTCTGTGCCTGCTATG-1,151509,Br5292,L3,2,48,2845,5525
151509_CTGAGCGAGACTTATT-1,151509,Br5292,L2,31,125,6353,10872
151509_CTGCACAACTACATAT-1,151509,Br5292,L3,50,76,8647,7467
151509_CTGCACCTAGTCCACA-1,151509,Br5292,L2,29,117,6111,10316
151509_CTGCGACCTCGCCGAA-1,151509,Br5292,L4,71,73,11185,7257
151509_CTGCTCTCAACACACC-1,151509,Br5292,L3,73,125,11429,10869
151509_CTGCTGTCTAACGAGC-1,151509,Br5292,L1,49,119,8528,10454
151509_CTGGCGACATAAGTCC-1,151509,Br5292,L2,17,81,4659,7816
151509_CTGGCGGGAATAAGTA-1,151509,Br5292,L1,20,22,5019,3718
151509_CTGGCTCCTGCGGGAT-1,151509,Br5292,L1,7,27,3448,4066
151509_CTGGCTGCTAACGTAA-1,151509,Br5292,L1,5,25,3206,3928
151509_CTGGGCACTAGTCGGA-1,151509,Br5292,L3,1,97,2726,8929
151509_CTGGGTAGGCAGTTAA-1,151509,Br5292,L2,43,79,7801,7676
151509_CTGGTTTCGAGCAAGA-1,151509,Br5292,L2,46,88,8164,8301
151509_CTTAATCGACTTAGTA-1,151509,Br5292,L5,76,64,11789,6631
151509_CTTAGTTGAGGAATCG-1,151509,Br5292,L6,67,33,10700,4479
151509_CTTCAACTCCACTTGG-1,151509,Br5292,L3,59,77,9735,7536
151509_CTTCACGCCCTGGTAC-1,151509,Br5292,WM,71,21,11183,3645
151509_CTTCGATTGCGCAAGC-1,151509,Br5292,L3,68,88,10823,8299
151509_CTTCTGGGCGTACCTA-1,151509,Br5292,L6,66,34,10579,4548
151509_CTTGTTGCTGAGTCAA-1,151509,Br5292,L1,38,80,7197,7745
151509_CTTTAGGAACACTGTT-1,151509,Br5292,L1,41,87,7560,8231
151509_GAAATACTAAACGTTT-1,151509,Br5292,L1,18,22,4777,3718
151509_GAAATATCACCATCAG-1,151509,Br5292,L3,33,23,6590,3787
151509_GAAATGGCGGTGTTAG-1,151509,Br5292,L2,30,52,6229,5801
151509_GAACCCTCTGTGTTCT-1,151509,Br5292,L3,59,67,9734,6841
151509_GAACGACCGAATGATA-1,151509,Br5292,L1,19,63,4900,6566
151509_GAACGATAAGTTAAAG-1,151509,Br5292,L3,27,123,5869,10733
151509_GAACGCGGGTCACACG-1,151509,Br5292,L1,48,114,8407,10106
151509_GAAGAAACGATATTGT-1,151509,Br5292,L5,59,29,9733,4201
151509_GAAGACTTCAATGCCG-1,151509,Br5292,L3,3,65,2966,6706
151509_GAAGCAAGGCAATGTT-1,151509,Br5292,L3,1,43,2723,5178
151509_GAAGCCGGGTAAGCTC-1,151509,Br5292,L3,23,3,5381,2398
151509_GAAGGAGTCGAGTGCG-1,151509,Br5292,L4,66,60,10580,6354
151509_GAAGGGCATAACCATG-1,151509,Br5292,L1,7,11,3447,2955
151509_GAAGTTTCCACTCAAT-1,151509,Br5292,L3,36,46,6954,5384
151509_GAATAGTGCTCGATTA-1,151509,Br5292,L5,60,36,9854,4688
151509_GAATATTCGGAGTCCC-1,151509,Br5292,L3,13,83,4175,7956
151509_GAATCGCCGGACACGG-1,151509,Br5292,L1,11,41,3932,5039
151509_GAATCTATACTCGGAC-1,151509,Br5292,L3,2,76,2846,7470
151509_GAATCTGAACATTCTC-1,151509,Br5292,L3,42,64,7680,6634
151509_GACAAGACGCCCGTGC-1,151509,Br5292,L3,69,123,10945,10730
151509_GACACAAGGGAAGAAA-1,151509,Br5292,L1,30,72,6230,7190
151509_GACACTTCCAATTACC-1,151509,Br5292,L3,70,96,11065,8854
151509_GACAGGTAATCCGTGT-1,151509,Br5292,L3,76,116,11791,10243
151509_GACATCGATTTATAAC-1,151509,Br5292,L3,52,50,8888,5661
151509_GACCGACGTGAAAGCA-1,151509,Br5292,L1,38,112,7198,9968
151509_GACCGCGTCTGACGTG-1,151509,Br5292,L1,50,112,8649,9967
151509_GACGGGTTGGCCCGTA-1,151509,Br5292,L4,61,51,9975,5729
151509_GACGTTGCTCGGCGGC-1,151509,Br5292,WM,73,31,11425,4339
151509_GACTAAGTAGGCTCAC-1,151509,Br5292,L2,27,43,5866,5176
151509_GACTCACCCACGTGAG-1,151509,Br5292,L1,38,106,7198,9551
151509_GACTCCTTCCAATTGA-1,151509,Br5292,L6,56,10,9369,2882
151509_GACTGATTGGTCACAA-1,151509,Br5292,L3,9,101,3693,9206
151509_GACTGCTGGTGAGAAA-1,151509,Br5292,L5,67,39,10700,4895
151509_GAGACCCTGCAACGCC-1,151509,Br5292,L3,11,111,3935,9901
151509_GAGACTGATGGGTAGA-1,151509,Br5292,L1,28,56,5987,6079
151509_GAGACTTCGCGACCGA-1,151509,Br5292,L3,53,57,9009,6147
151509_GAGAGCGCAGTCCCTG-1,151509,Br5292,L3,28,6,5985,2606
151509_GAGCCACGGTAGTAGG-1,151509,Br5292,L2,9,47,3690,5455
151509_GAGCGCGCACGAGTAG-1,151509,Br5292,L2,49,93,8527,8648
151509_GAGGAGATCCTCATGC-1,151509,Br5292,L1,12,8,4051,2746
151509_GAGGGCCATAATATTA-1,151509,Br5292,L3,20,122,5023,10664
151509_GAGGGTAGTAACAAAG-1,151509,Br5292,L5,63,31,10216,4340
151509_GAGGTACGCGTGTCCC-1,151509,Br5292,L4,67,67,10701,6840
151509_GAGTCAGACCAGAATC-1,151509,Br5292,L4,56,48,9371,5521
151509_GAGTGCACGGACAACA-1,151509,Br5292,L3,21,127,5144,11011
151509_GAGTGTCAACCAGAAA-1,151509,Br5292,L3,63,83,10218,7952
151509_GAGTGTGCGGTACCCA-1,151509,Br5292,L2,44,88,7922,8301
151509_GAGTTGATGGCAATTT-1,151509,Br5292,L5,51,19,8765,3507
151509_GATAGATAGTACAGTC-1,151509,Br5292,L3,73,97,11428,8924
151509_GATATCTCATGCAATA-1,151509,Br5292,L2,12,58,4054,6219
151509_GATCCCTTTATACTGC-1,151509,Br5292,L1,28,60,5987,6357
151509_GATCGGTGGCCATAAC-1,151509,Br5292,L1,28,68,5988,6913
151509_GATCTGCTATCTAAGG-1,151509,Br5292,L4,62,56,10096,6077
151509_GATTCCTATACGGCGC-1,151509,Br5292,L2,25,23,5623,3787
151509_GCAAATATTACGCTTT-1,151509,Br5292,L3,35,41,6833,5037
151509_GCAACCACGGCCGCGT-1,151509,Br5292,L3,43,29,7799,4203
151509_GCAAGATGTGTTCGCG-1,151509,Br5292,L3,11,105,3935,9484
151509_GCAAGTGTAAAGCATG-1,151509,Br5292,L5,67,45,10700,5312
151509_GCACAAGTGTCGGAAG-1,151509,Br5292,L2,10,64,3812,6636
151509_GCACGCCTACTTAGAT-1,151509,Br5292,L4,55,39,9250,4896
151509_GCACTAGTCGCGCTAT-1,151509,Br5292,L1,13,43,4174,5177
151509_GCAGATTAGGGATATC-1,151509,Br5292,L2,37,61,7075,6426
151509_GCAGCACACAGCCCAG-1,151509,Br5292,L3,38,42,7195,5106
151509_GCAGGAACTTAGATCT-1,151509,Br5292,L5,53,15,9007,3229
151509_GCAGTGCGGGCGGATG-1,151509,Br5292,L2,56,126,9374,10939
151509_GCAGTTCGATCCGAGC-1,151509,Br5292,L2,56,118,9374,10384
151509_GCATCGGCCGTGTAGG-1,151509,Br5292,L1,49,103,8527,9342
151509_GCATTCGAAATGAACA-1,151509,Br5292,L3,28,14,5985,3162
151509_GCATTTCCAAGGCTCC-1,151509,Br5292,L1,33,111,6594,9899
151509_GCCAATAGGGCATCTC-1,151509,Br5292,L2,25,103,5627,9344
151509_GCCAGGAAAGAACACT-1,151509,Br5292,L6,71,35,11183,4617
151509_GCCATCGATGCTGCAT-1,151509,Br5292,L1,32,110,6473,9830
151509_GCCCGATCTGTGGTCG-1,151509,Br5292,L3,53,63,9009,6564
151509_GCCCGTAATACCTTCT-1,151509,Br5292,L1,27,79,5867,7677
151509_GCCGGGTTAGGGTCGC-1,151509,Br5292,L3,41,59,7559,6287
151509_GCCGGTCGTATCTCTC-1,151509,Br5292,L5,70,54,11063,5937
151509_GCCTATAGTGTCAGGG-1,151509,Br5292,L1,29,91,6110,8510
151509_GCCTATCAGGTAAGAT-1,151509,Br5292,L3,60,126,9858,10939
151509_GCGACCCAACCATCTG-1,151509,Br5292,L5,59,33,9733,4479
151509_GCGACGGTAGTCTCCT-1,151509,Br5292,L5,73,71,11427,7118
151509_GCGAGAGGCCATGTAA-1,151509,Br5292,L3,21,113,5144,10039
151509_GCGATGTCTGTGCTTG-1,151509,Br5292,L2,18,0,4776,2190
151509_GCGCTAAGTATGCATG-1,151509,Br5292,L3,2,86,2846,8165
151509_GCGCTAATTGAATAGA-1,151509,Br5292,L1,34,70,6713,7051
151509_GCGCTATGCCGAGGCA-1,151509,Br5292,L3,43,47,7800,5453
151509_GCGCTGCTTTGCATTT-1,151509,Br5292,L1,28,94,5989,8719
151509_GCGCTGGCGGAAAGTC-1,151509,Br5292,L1,8,2,3568,2330
151509_GCGGAGAGGGAGAACG-1,151509,Br5292,L3,46,78,8164,7606
151509_GCGGCTCTGACGTACC-1,151509,Br5292,L3,38,38,7195,4828
151509_GCGGCTTTAGCAAGTT-1,151509,Br5292,L4,70,78,11064,7604
151509_GCGGGCGAGCCTTACC-1,151509,Br5292,L3,55,51,9250,5730
151509_GCGGTCCCGGTGAAGG-1,151509,Br5292,L3,17,119,4660,10456
151509_GCGTCCAGCTCGTGGC-1,151509,Br5292,L2,3,35,2965,4622
151509_GCGTCTAACCTCCTAA-1,151509,Br5292,L2,32,126,6474,10941
151509_GCGTGGTACTGGGTTA-1,151509,Br5292,L1,35,95,6835,8788
151509_GCTAAACCTGAGGTGA-1,151509,Br5292,L2,23,23,5382,3787
151509_GCTAACTGAAGTCTGA-1,151509,Br5292,L3,58,88,9614,8300
151509_GCTAAGTAGTTTCTCT-1,151509,Br5292,L1,34,80,6713,7746
151509_GCTAGACCGTCTACTG-1,151509,Br5292,L1,42,104,7681,9412
151509_GCTAGCTTGAATAGCT-1,151509,Br5292,L4,52,44,8887,5244
151509_GCTCATTACTGCATGT-1,151509,Br5292,L3,13,93,4176,8650
151509_GCTCCATGAGTGCAGA-1,151509,Br5292,L3,57,125,9495,10870
151509_GCTCCATGCAAAGCAA-1,151509,Br5292,L5,69,55,10942,6007
151509_GCTCGCGGTTCCGCTC-1,151509,Br5292,L3,25,13,5623,3093
151509_GCTGAATCTTCCAATC-1,151509,Br5292,L5,59,23,9732,3785
151509_GCTGCACGGTTTCTTA-1,151509,Br5292,L2,41,73,7559,7259
151509_GCTGCGCCTCCCACGT-1,151509,Br5292,L2,21,1,5139,2259
151509_GCTGGACCCAAAGTGG-1,151509,Br5292,L3,14,106,4297,9553
151509_GCTGGCGGCGCATGCT-1,151509,Br5292,L3,54,64,9130,6633
151509_GCTGGGAGCGCGTCAA-1,151509,Br5292,L6,73,33,11425,4478
151509_GCTGGTGACTCGTAGT-1,151509,Br5292,L3,11,117,3935,10317
151509_GCTTCGACGTTCAATC-1,151509,Br5292,WM,69,15,10941,3228
151509_GCTTTACACAACTGGG-1,151509,Br5292,L3,70,116,11066,10244
151509_GCTTTCAGAGGAGGTG-1,151509,Br5292,L1,33,95,6593,8788
151509_GGAAACCTTGTTGAAT-1,151509,Br5292,L3,20,106,5022,9553
151509_GGAAACTAAATGGGCC-1,151509,Br5292,L3,60,102,9857,9272
151509_GGACAAGTTGCAGTGA-1,151509,Br5292,L3,33,7,6589,2675
151509_GGACACCTCGGTGTTG-1,151509,Br5292,L5,75,63,11668,6562
151509_GGACGGGCGACCAACC-1,151509,Br5292,L3,67,117,10703,10313
151509_GGACGTCCATAGTTGG-1,151509,Br5292,L3,14,116,4298,10248
151509_GGACTAAGTCAGGAGT-1,151509,Br5292,L3,27,5,5864,2537
151509_GGAGGCCGAAGTCGTC-1,151509,Br5292,L1,40,116,7440,10246
151509_GGATACTCATGAATTG-1,151509,Br5292,L1,9,45,3690,5317
151509_GGATCCGGAATATACT-1,151509,Br5292,L1,34,82,6713,7885
151509_GGATCTACCGTTCGTC-1,151509,Br5292,WM,77,31,11908,4339
151509_GGATGACGCGAGTTTA-1,151509,Br5292,L3,37,45,7074,5314
151509_GGATTAAGCTAAGGTC-1,151509,Br5292,L3,7,87,3450,8234
151509_GGATTCAGTACGGTGG-1,151509,Br5292,L1,19,33,4898,4482
151509_GGATTCCGCTATACCC-1,151509,Br5292,L2,19,81,4901,7816
151509_GGCAAATTACTTTACT-1,151509,Br5292,L3,41,53,7558,5870
151509_GGCAATAGTCAATGAG-1,151509,Br5292,L1,30,70,6230,7051
151509_GGCACGCTGCTACAGT-1,151509,Br5292,L3,72,112,11307,9966
151509_GGCACTGCGGTGGTTT-1,151509,Br5292,L3,70,110,11066,9827
151509_GGCAGCAAACCTATGC-1,151509,Br5292,L2,51,103,8769,9342
151509_GGCATATCGGTTCTGC-1,151509,Br5292,L2,17,83,4659,7955
151509_GGCATTCCCTCCCTCG-1,151509,Br5292,L3,77,111,11912,9896
151509_GGCCCAGCTGGTTTGC-1,151509,Br5292,L4,70,74,11064,7326
151509_GGCGAGCGAAACGGCA-1,151509,Br5292,L5,51,7,8765,2674
151509_GGCGGAGTAATATTAG-1,151509,Br5292,L2,32,46,6470,5384
151509_GGCGGTAGGATCATTG-1,151509,Br5292,L1,31,69,6350,6982
151509_GGGAACCACCTGTTTC-1,151509,Br5292,L3,1,35,2723,4623
151509_GGGAATGAGCCCTCAC-1,151509,Br5292,L3,19,107,4902,9622
151509_GGGACCCGTATATCTT-1,151509,Br5292,L4,57,53,9492,5869
151509_GGGAGGATGCCCGAAA-1,151509,Br5292,L3,37,51,7075,5731
151509_GGGCACTATTGACCAT-1,151509,Br5292,WM,61,3,9973,2395
151509_GGGCAGACGTCACTGC-1,151509,Br5292,L5,48,4,8402,2466
151509_GGGCAGTCAACGCCAA-1,151509,Br5292,L4,69,79,10943,7674
151509_GGGCATGCATGTCGAG-1,151509,Br5292,L5,73,55,11426,6006
151509_GGGCGTTTACATTCAT-1,151509,Br5292,L6,66,26,10579,3993
151509_GGGTATTCTAGCAAAC-1,151509,Br5292,L5,55,15,9249,3229
151509_GGGTGCATATGAAAGC-1,151509,Br5292,L2,30,112,6231,9969
151509_GGGTTCAGACGAACAA-1,151509,Br5292,L1,19,19,4898,3510
151509_GGTACGTTGCGGCCGG-1,151509,Br5292,L3,66,112,10582,9966
151509_GGTATTGCCGAGTTTA-1,151509,Br5292,L2,33,53,6591,5870
151509_GGTCGGTCGTCCACAG-1,151509,Br5292,L4,56,52,9371,5799
151509_GGTGAACGGGCTAGCC-1,151509,Br5292,L1,8,32,3569,4414
151509_GGTGACTGATAGAGAG-1,151509,Br5292,L3,64,126,10341,10939
151509_GGTGCAGAGCCTATCG-1,151509,Br5292,L3,12,104,4056,9414
151509_GGTGCTGGTACACATT-1,151509,Br5292,L3,42,46,7679,5384
151509_GGTGTAGGTAAGTAAA-1,151509,Br5292,L5,70,50,11063,5659
151509_GGTGTTCTGTTTCTAC-1,151509,Br5292,L3,4,90,3088,8443
151509_GGTTAGTTACGGCGCC-1,151509,Br5292,L3,27,23,5865,3787
151509_GGTTCCACCCGCTTCT-1,151509,Br5292,L3,2,90,2846,8443
151509_GGTTCGCATTTGCCGT-1,151509,Br5292,L3,75,103,11670,9340
151509_GTAACTACGTAGACCT-1,151509,Br5292,WM,73,17,11424,3367
151509_GTAATCTGATTCTTCG-1,151509,Br5292,L3,50,44,8646,5244
151509_GTACGTTTGCCCGTCA-1,151509,Br5292,L3,44,68,7921,6912
151509_GTACTACGGCCTCGTT-1,151509,Br5292,L4,75,85,11669,8090
151509_GTACTCCTGGGTATGC-1,151509,Br5292,L2,26,102,5747,9274
151509_GTACTGAGGTCGTAAC-1,151509,Br5292,L1,11,47,3932,5455
151509_GTAGAAACGGGTGGAG-1,151509,Br5292,L2,24,16,5502,3301
151509_GTAGCTAGTAAGCGCG-1,151509,Br5292,L3,2,80,2846,7748
151509_GTAGGTGATCCGTGTA-1,151509,Br5292,L2,17,79,4659,7678
151509_GTAGTCGCGGGAATCA-1,151509,Br5292,L3,49,81,8526,7814
151509_GTAGTGAGCAACCTCA-1,151509,Br5292,L3,69,113,10945,10035
151509_GTAGTTCGAAGGCGAA-1,151509,Br5292,L5,65,39,10458,4896
151509_GTATAGGACTCAGTAG-1,151509,Br5292,L1,20,58,5020,6219
151509_GTATAGTGGCCCATGT-1,151509,Br5292,L3,4,92,3088,8582
151509_GTATCAAGGTACTTCC-1,151509,Br5292,L5,72,72,11306,7187
151509_GTATCTCAGTCTTGAC-1,151509,Br5292,L5,58,22,9612,3715
151509_GTATCTCGGGCGCTTT-1,151509,Br5292,WM,71,19,11183,3506
151509_GTATGACGTGGGAAAC-1,151509,Br5292,L1,7,29,3448,4205
151509_GTATTTAATGGCATAA-1,151509,Br5292,L1,52,120,8891,10523
151509_GTCAATTGTACTGAAG-1,151509,Br5292,L2,5,45,3207,5317
151509_GTCACCTGTCTATGTC-1,151509,Br5292,L3,3,97,2967,8929
151509_GTCCAGGCACGTGTGC-1,151509,Br5292,L6,70,44,11063,5243
151509_GTCCCAATCATCCCGC-1,151509,Br5292,L5,42,2,7677,2327
151509_GTCCGGACCTGAAATT-1,151509,Br5292,L3,54,88,9131,8300
151509_GTCCGTTAGAGGGCCT-1,151509,Br5292,L5,76,78,11789,7604
151509_GTCCTACAGGCGGCTC-1,151509,Br5292,L1,18,16,4777,3302
151509_GTCGAATTTGGGCGCT-1,151509,Br5292,WM,69,17,10941,3367
151509_GTCGCCGTTGTGTGTT-1,151509,Br5292,L4,57,43,9492,5174
151509_GTCGCGTAACCCGTTG-1,151509,Br5292,L2,39,75,7317,7398
151509_GTCGTATTGGCGTACA-1,151509,Br5292,L2,19,95,4901,8789
151509_GTCTACTCAATTACAA-1,151509,Br5292,L3,37,13,7073,3092
151509_GTCTATTGGTTCCGGT-1,151509,Br5292,L3,50,90,8648,8439
151509_GTCTCCCGAGTCCCGT-1,151509,Br5292,L3,72,110,11307,9827
151509_GTCTCGCCAACACGCC-1,151509,Br5292,L3,0,72,2604,7193
151509_GTCTTGAGGAGCAGTG-1,151509,Br5292,L1,38,116,7198,10246
151509_GTGAAACGGCGCCACC-1,151509,Br5292,L1,24,88,5505,8302
151509_GTGAACTCCCATTCGA-1,151509,Br5292,L1,30,104,6231,9413
151509_GTGAAGATTTCAAGTG-1,151509,Br5292,L3,21,103,5143,9344
151509_GTGAAGCCGTATAGTC-1,151509,Br5292,L3,21,107,5143,9622
151509_GTGAGATAACCTTATA-1,151509,Br5292,L6,69,41,10942,5034
151509_GTGAGTGGTACAACGC-1,151509,Br5292,L3,52,56,8888,6077
151509_GTGATCAAGCGTGCAC-1,151509,Br5292,L6,65,27,10458,4062
151509_GTGATCATAGATCTGC-1,151509,Br5292,L3,45,57,8042,6147
151509_GTGATTCGCCGCTCAA-1,151509,Br5292,L3,48,40,8404,4966
151509_GTGCAACAAATGTGGC-1,151509,Br5292,L1,14,62,4295,6497
151509_GTGCAGCGTAGAGTAG-1,151509,Br5292,L1,52,124,8891,10801
151509_GTGCCGCTTCAAAGGT-1,151509,Br5292,L3,44,44,7920,5244
151509_GTGCCTCAGTGTACGG-1,151509,Br5292,L3,11,93,3934,8650
151509_GTGCGGGTCTCCAAAT-1,151509,Br5292,L1,20,56,5020,6080
151509_GTGGAACCTACATGCG-1,151509,Br5292,L2,15,81,4417,7817
151509_GTGGACGCATTTGTCC-1,151509,Br5292,L3,56,64,9372,6633
151509_GTGGAGTCGGCGGTTG-1,151509,Br5292,L4,54,38,9129,4827
151509_GTGGCCTAATATCATT-1,151509,Br5292,L3,35,1,6831,2258
151509_GTGGCGTGCACCAGAG-1,151509,Br5292,L3,1,101,2726,9207
151509_GTGGGAAGACTGAATC-1,151509,Br5292,L4,45,15,8040,3230
151509_GTGGTGATGGTTTGTG-1,151509,Br5292,L2,54,126,9133,10939
151509_GTGGTGGCCAAGTGAA-1,151509,Br5292,L3,45,79,8043,7675
151509_GTGTGTCGACGTCGCT-1,151509,Br5292,L1,15,3,4414,2399
151509_GTTAAAGTAGGACTGG-1,151509,Br5292,L3,49,83,8526,7953
151509_GTTAACATCACTTAAA-1,151509,Br5292,L3,55,73,9251,7258
151509_GTTAATAGCGTCATTA-1,151509,Br5292,L3,73,121,11429,10591
151509_GTTACAATTGGTGACG-1,151509,Br5292,L3,37,33,7074,4481
151509_GTTAGCCGTAAATCAA-1,151509,Br5292,L2,30,110,6231,9830
151509_GTTATATCAGGAGCCA-1,151509,Br5292,L3,23,115,5385,10178
151509_GTTCATCGTTTGGCTG-1,151509,Br5292,L1,33,105,6594,9482
151509_GTTCGACAATTGTATA-1,151509,Br5292,L6,69,27,10941,4062
151509_GTTCGGGCGTACCATT-1,151509,Br5292,L1,32,108,6473,9691
151509_GTTCTTGTAACTCAAT-1,151509,Br5292,L5,75,61,11668,6423
151509_GTTGGATTCAGTGGCT-1,151509,Br5292,L3,16,96,4539,8858
151509_GTTGGATTTGCGTTGG-1,151509,Br5292,L3,36,50,6954,5662
151509_GTTGTTGCAAGATGGC-1,151509,Br5292,L3,63,121,10220,10591
151509_GTTTACGTTCCATCTG-1,151509,Br5292,L3,48,64,8405,6633
151509_GTTTATGGGATTTAGA-1,151509,Br5292,L2,22,8,5260,2746
151509_GTTTCCTGGAGGGTGA-1,151509,Br5292,L1,25,49,5624,5593
151509_GTTTGACCAAATCCTA-1,151509,Br5292,L1,30,58,6229,6218
151509_GTTTGGGCTTGTGAGC-1,151509,Br5292,L3,51,65,8767,6703
151509_GTTTGGTAGGGTCAAC-1,151509,Br5292,L3,53,59,9009,6286
151509_GTTTGGTGATCGGTGC-1,151509,Br5292,L5,66,38,10579,4826
151509_GTTTGTTAGCCAAGTA-1,151509,Br5292,L6,53,3,9006,2396
151509_TAAAGACAACCCTTTA-1,151509,Br5292,L1,40,118,7440,10385
151509_TAAATGCCGTCTCATG-1,151509,Br5292,L3,11,103,3935,9345
151509_TAACAAAGGGAGAAGC-1,151509,Br5292,L1,21,35,5140,4621
151509_TAACAGGTTCCCTTAG-1,151509,Br5292,L5,74,60,11547,6354
151509_TAACATACACGCGATC-1,151509,Br5292,L5,55,25,9249,3924
151509_TAACTATTACGCCAAA-1,151509,Br5292,L2,29,107,6110,9622
151509_TAAGCCCTTACGACCA-1,151509,Br5292,L3,14,114,4298,10109
151509_TAAGGGCCTGTCCGAT-1,151509,Br5292,L3,57,95,9494,8786
151509_TAAGTAACATCTTGAC-1,151509,Br5292,L3,46,40,8162,4966
151509_TAATACTAGAACAGAC-1,151509,Br5292,L4,69,77,10943,7535
151509_TAATAGAACAGAGTTA-1,151509,Br5292,L4,50,38,8645,4827
151509_TAATCAGGAATGCTGC-1,151509,Br5292,L3,0,108,2605,9693
151509_TAATCGATCCGTACGT-1,151509,Br5292,L1,25,93,5626,8649
151509_TAATTACGTCAGTAGA-1,151509,Br5292,L3,62,102,10098,9272
151509_TACAAGGGCTTCTTTA-1,151509,Br5292,L3,68,94,10823,8716
151509_TACATGACCTTATCCG-1,151509,Br5292,L3,23,5,5381,2537
151509_TACCAAATAGCCCAGA-1,151509,Br5292,L3,59,61,9734,6424
151509_TACCTACTCCCAGTAT-1,151509,Br5292,L3,58,62,9613,6494
151509_TACCTCACGCTTGTAC-1,151509,Br5292,L1,16,56,4537,6080
151509_TACCTCCACACCAATG-1,151509,Br5292,L6,65,29,10458,4201
151509_TACCTCTTTACCATCC-1,151509,Br5292,L3,66,122,10583,10661
151509_TACGCAGTTCTTTCCT-1,151509,Br5292,L3,41,51,7558,5731
151509_TACGCCATATTCTAAT-1,151509,Br5292,L3,40,58,7438,6217
151509_TACGCTATAGAAACCT-1,151509,Br5292,L1,34,104,6714,9413
151509_TACGCTGATAGTTGTA-1,151509,Br5292,WM,73,13,11424,3089
151509_TACGGCATGGACGCTA-1,151509,Br5292,L3,63,115,10220,10175
151509_TACGGGATGCTAGCAG-1,151509,Br5292,L1,21,83,5142,7955
151509_TACGTACTAGTGCTGA-1,151509,Br5292,L5,62,42,10096,5104
151509_TACTACGTGCAATGCG-1,151509,Br5292,L4,71,85,11185,8090
151509_TACTATGGTTCCTCAG-1,151509,Br5292,L4,57,47,9492,5452
151509_TACTGAGGGAAGAAAG-1,151509,Br5292,WM,60,6,9853,2604
151509_TACTGCATGATTAAAT-1,151509,Br5292,L6,77,51,11909,5728
151509_TACTGGACAGCTCGGC-1,151509,Br5292,L3,35,25,6832,3925
151509_TACTTGTTAGTAGTCC-1,151509,Br5292,L1,37,87,7076,8232
151509_TAGAATAGCCGATGAA-1,151509,Br5292,L3,62,100,10098,9133
151509_TAGAGCTACGAAGAAC-1,151509,Br5292,L1,13,53,4174,5872
151509_TAGAGGGAGTTTATCT-1,151509,Br5292,L5,73,65,11426,6701
151509_TAGATATGGACTGGAA-1,151509,Br5292,L3,49,53,8525,5869
151509_TAGATCCGAAGTCGCA-1,151509,Br5292,L3,10,72,3812,7192
151509_TAGCCATTTCAAAGTC-1,151509,Br5292,L1,43,89,7802,8370
151509_TAGCTAAGTCCGGGAG-1,151509,Br5292,L1,29,57,6108,6149
151509_TAGCTAGAAGGCATGA-1,151509,Br5292,L3,51,51,8767,5730
151509_TAGGATCTTAACCGCA-1,151509,Br5292,L5,76,70,11789,7048
151509_TAGGTCGCCGGAACTG-1,151509,Br5292,L1,32,100,6473,9135
151509_TAGGTGTTCCACAGAT-1,151509,Br5292,L4,60,60,9855,6355
151509_TAGTACCACAACTTTC-1,151509,Br5292,L6,63,13,10215,3090
151509_TAGTAGTTGCCGGACA-1,151509,Br5292,L5,77,73,11910,7256
151509_TAGTCCTGCACTAAGC-1,151509,Br5292,L6,69,25,10941,3923
151509_TAGTGCTTGAATCCTT-1,151509,Br5292,L1,10,4,3810,2469
151509_TATACACGCAAAGTAT-1,151509,Br5292,L1,18,36,4778,4691
151509_TATACGCGTCATCACT-1,151509,Br5292,L3,60,68,9855,6910
151509_TATATCATTGATCAGT-1,151509,Br5292,L3,30,6,6227,2606
151509_TATATGCTGGGTTGCC-1,151509,Br5292,L2,23,7,5381,2676
151509_TATATTCGCGTCGATA-1,151509,Br5292,L3,8,62,3570,6497
151509_TATCGATCTATGCATA-1,151509,Br5292,L2,22,88,5263,8302
151509_TATCTAGCCTAAAGGA-1,151509,Br5292,L3,34,12,6710,3023
151509_TATGGATGTGCTACGC-1,151509,Br5292,L1,26,54,5745,5940
151509_TATGGCCCGGCCTCGC-1,151509,Br5292,L3,30,30,6228,4273
151509_TATGGCTAGGCTAATT-1,151509,Br5292,L3,27,125,5869,10872
151509_TATGTAAAGTGCTTAA-1,151509,Br5292,L5,66,44,10579,5243
151509_TATTCCGAGCTGTTAT-1,151509,Br5292,L3,54,86,9131,8161
151509_TATTCGTGCCAGAATA-1,151509,Br5292,L2,34,64,6713,6634
151509_TCAAAGAGCTATCTGT-1,151509,Br5292,L5,49,5,8523,2535
151509_TCAAATTGTTGTGCCG-1,151509,Br5292,L4,68,78,10823,7604
151509_TCAAATTTGAGACTCA-1,151509,Br5292,L3,60,70,9855,7049
151509_TCAACATCGACCGAGA-1,151509,Br5292,L4,44,16,7919,3300
151509_TCAACCATGTTCGGGC-1,151509,Br5292,L1,25,51,5624,5732
151509_TCAACGAGGAGACAAA-1,151509,Br5292,L3,42,56,7679,6078
151509_TCAACGCAGGAAATAA-1,151509,Br5292,L4,49,31,8524,4341
151509_TCACAGATCCTCAAAC-1,151509,Br5292,L1,11,15,3931,3233
151509_TCACATCTTATCTGAT-1,151509,Br5292,L3,28,20,5986,3579
151509_TCAGAACGGCGGTAAT-1,151509,Br5292,L4,73,79,11427,7673
151509_TCAGAGGACGCGTTAG-1,151509,Br5292,L4,75,87,11669,8229
151509_TCAGCGCACGCCGTTT-1,151509,Br5292,L5,74,80,11548,7743
151509_TCAGGGTGTAACGTAA-1,151509,Br5292,L1,28,72,5988,7191
151509_TCAGTTACGGAATGAT-1,151509,Br5292,L3,3,75,2967,7401
151509_TCATACTTACAGATCC-1,151509,Br5292,L2,22,24,5261,3857
151509_TCCATTCCCACTAGAG-1,151509,Br5292,L3,18,126,4782,10942
151509_TCCATTGTGACCTCGT-1,151509,Br5292,L3,8,76,3571,7470
151509_TCCCAAACAGACAACG-1,151509,Br5292,L3,22,110,5264,9830
151509_TCCCAAAGACGAAGGA-1,151509,Br5292,L1,26,60,5746,6357
151509_TCCCGCCTATGTGCGT-1,151509,Br5292,L2,32,122,6473,10663
151509_TCCCGCGTACTCCTGG-1,151509,Br5292,L1,27,69,5867,6982
151509_TCCCGGGTGTGCTGCT-1,151509,Br5292,L3,34,34,6711,4551
151509_TCCCGTCAGTCCCGCA-1,151509,Br5292,L1,23,75,5384,7399
151509_TCCCGTCGCGTCATAG-1,151509,Br5292,L2,29,115,6111,10177
151509_TCCGAACTTGGCTTAC-1,151509,Br5292,L3,33,19,6590,3509
151509_TCCGCGGCAGCATCTG-1,151509,Br5292,L1,34,84,6714,8024
151509_TCCGCGGCCCAATGAA-1,151509,Br5292,L2,53,99,9011,9064
151509_TCCGGCTGTCGGGTCG-1,151509,Br5292,L3,59,127,9737,11008
151509_TCCGTTAAGCTAATAT-1,151509,Br5292,L2,52,100,8890,9134
151509_TCCTCGGGCTGGGCTT-1,151509,Br5292,L2,40,76,7438,7467
151509_TCCTCTCCAGTTGTCC-1,151509,Br5292,L3,30,20,6227,3578
151509_TCCTTTAAATCCGCTT-1,151509,Br5292,L3,56,92,9373,8578
151509_TCGAAATTTAGGACCA-1,151509,Br5292,L2,29,45,6108,5315
151509_TCGAAGAACCGAGCAC-1,151509,Br5292,L1,45,99,8044,9065
151509_TCGACTGACGATGGCT-1,151509,Br5292,L3,75,119,11670,10452
151509_TCGAGGGCAACAGACG-1,151509,Br5292,L3,57,119,9495,10453
151509_TCGAGTCTACGATTCG-1,151509,Br5292,L6,56,2,9369,2326
151509_TCGCAAAGATGCATTT-1,151509,Br5292,L3,47,75,8284,7397
151509_TCGCCGACATATTCGC-1,151509,Br5292,L3,66,86,10581,8160
151509_TCGCTGTGCGTAAATC-1,151509,Br5292,L1,17,41,4657,5038
151509_TCGGACGCCCAGCCCA-1,151509,Br5292,L1,33,79,6593,7676
151509_TCGGAGTACATGAGTA-1,151509,Br5292,L1,32,74,6471,7329
151509_TCGGATCTGGATGACC-1,151509,Br5292,WM,67,5,10699,2534
151509_TCGGCGAACCCAAACC-1,151509,Br5292,L1,49,105,8527,9481
151509_TCGTAAGACGACATTG-1,151509,Br5292,L1,27,77,5867,7538
151509_TCGTATAGTGCAATTA-1,151509,Br5292,L1,12,56,4053,6080
151509_TCGTGTATTGGTCACG-1,151509,Br5292,L1,53,117,9011,10314
151509_TCGTTCGTTATTATGT-1,151509,Br5292,L2,10,62,3812,6497
151509_TCTAAAGAACAGTCTC-1,151509,Br5292,L5,52,10,8886,2882
151509_TCTAATACTGCCTCAG-1,151509,Br5292,L5,57,25,9491,3924
151509_TCTCAAATCAATCGGG-1,151509,Br5292,L4,71,89,11186,8368
151509_TCTCATGAGATAGGGT-1,151509,Br5292,L3,49,87,8527,8231
151509_TCTCGTGTTACGAGGA-1,151509,Br5292,L5,45,5,8040,2535
151509_TCTGAATTCCGTACAA-1,151509,Br5292,L1,34,94,6714,8718
151509_TCTGACTGTAATGGTT-1,151509,Br5292,L1,6,14,3326,3164
151509_TCTGCCAGAAACTGCA-1,151509,Br5292,L2,41,79,7559,7676
151509_TCTGTGCCATCATAGT-1,151509,Br5292,L1,32,80,6472,7746
151509_TCTTACTTATGCCTCT-1,151509,Br5292,L1,45,93,8043,8648
151509_TCTTGGTAACACCAAA-1,151509,Br5292,L1,21,65,5142,6705
151509_TCTTTAGCAGGCGAAC-1,151509,Br5292,L1,34,116,6715,10246
151509_TCTTTCATCCGTCCTT-1,151509,Br5292,WM,66,4,10578,2464
151509_TGAAACCTCAACTCAC-1,151509,Br5292,L3,0,28,2602,4136
151509_TGAACAAGCAGGGACT-1,151509,Br5292,L5,66,36,10579,4687
151509_TGAATATGCTATAAAC-1,151509,Br5292,L3,16,114,4539,10109
151509_TGAATGAGATACAGCA-1,151509,Br5292,L3,17,125,4661,10873
151509_TGACATATATGACGAT-1,151509,Br5292,L4,38,2,7193,2328
151509_TGACCAAATCTTAAAC-1,151509,Br5292,L4,66,62,10580,6493
151509_TGACTATAATCCTTTC-1,151509,Br5292,L3,46,68,8163,6911
151509_TGACTCTAACTGGTAA-1,151509,Br5292,L3,67,123,10704,10730
151509_TGAGCGGAAAGTGTTC-1,151509,Br5292,L3,55,65,9251,6702
151509_TGATTTATTAGCTGTG-1,151509,Br5292,L3,38,34,7195,4550
151509_TGATTTCCTCCTGACG-1,151509,Br5292,L1,16,34,4536,4552
151509_TGCAACCCATCTGCGG-1,151509,Br5292,L3,60,90,9856,8438
151509_TGCAAGAATGACGTAA-1,151509,Br5292,L1,30,60,6229,6357
151509_TGCAATCTAACACGGT-1,151509,Br5292,L3,62,90,10098,8438
151509_TGCAGTGAGGCTCGGG-1,151509,Br5292,L3,15,121,4419,10595
151509_TGCCAGTACGTGGAGA-1,151509,Br5292,L3,51,71,8768,7119
151509_TGCCATTACTAAAGAA-1,151509,Br5292,L2,21,87,5143,8233
151509_TGCCGTGGATCGTCCT-1,151509,Br5292,L3,57,63,9492,6563
151509_TGCCGTGGGACCCAAT-1,151509,Br5292,L5,71,67,11185,6840
151509_TGCGAGATGGCGGCCA-1,151509,Br5292,L3,11,115,3935,10179
151509_TGCGGTGAAATTTCAT-1,151509,Br5292,L2,12,66,4054,6775
151509_TGCTGGTTGGACAATT-1,151509,Br5292,L1,21,41,5141,5038
151509_TGGAAACGGAGTGAAC-1,151509,Br5292,L1,6,16,3327,3302
151509_TGGAAGGATAAAGATG-1,151509,Br5292,L1,20,68,5021,6913
151509_TGGACACCGTTGCTTG-1,151509,Br5292,L2,20,10,5018,2885
151509_TGGACCACGGCGTTGA-1,151509,Br5292,L1,7,19,3448,3511
151509_TGGACGTAGGCGAATC-1,151509,Br5292,L1,9,7,3689,2677
151509_TGGATAGAGTAACAGA-1,151509,Br5292,L1,10,14,3810,3163
151509_TGGATGGCATCTTGGA-1,151509,Br5292,L6,77,47,11909,5450
151509_TGGCATGAAGTTTGGG-1,151509,Br5292,L6,56,12,9369,3021
151509_TGGCTACACTCTACCT-1,151509,Br5292,L3,64,100,10340,9133
151509_TGGCTCTTGTCGCGTA-1,151509,Br5292,L4,42,12,7677,3022
151509_TGGCTTGTACAAGCTT-1,151509,Br5292,L3,16,116,4539,10248
151509_TGGGAAATGCCTTTCC-1,151509,Br5292,L2,23,27,5382,4065
151509_TGGGATGCACTCATTC-1,151509,Br5292,L3,12,98,4055,8998
151509_TGGGCACGTTCTATGG-1,151509,Br5292,L2,15,73,4417,7261
151509_TGGTCGGGTACAGGGC-1,151509,Br5292,WM,75,15,11666,3228
151509_TGGTCTAGCTTACATG-1,151509,Br5292,L2,21,5,5139,2537
151509_TGGTTAACTTACATTT-1,151509,Br5292,L6,60,8,9853,2743
151509_TGGTTCGTAGCAAAGG-1,151509,Br5292,L1,23,55,5383,6010
151509_TGGTTTAAACGTGGGT-1,151509,Br5292,L3,24,112,5506,9969
151509_TGTACGCTATCAGCTT-1,151509,Br5292,L3,0,84,2604,8026
151509_TGTCCACGGCTCAACT-1,151509,Br5292,L3,65,101,10461,9202
151509_TGTCCGCAAACAATTC-1,151509,Br5292,L6,73,51,11426,5729
151509_TGTCGTTATCACATAT-1,151509,Br5292,L6,61,15,9974,3229
151509_TGTGAGACTAGCCCAA-1,151509,Br5292,L3,59,63,9734,6563
151509_TGTTCATAAATGTGCT-1,151509,Br5292,L3,26,8,5743,2745
151509_TGTTGTCAAGAAGTCT-1,151509,Br5292,L1,24,82,5505,7885
151509_TGTTTAATACTTCATC-1,151509,Br5292,L3,9,77,3692,7539
151509_TTAAAGTAAGTCGCCA-1,151509,Br5292,L3,69,105,10945,9480
151509_TTAACTCACGCGTGGA-1,151509,Br5292,L2,24,14,5502,3162
151509_TTAATTGCTTTGGGTG-1,151509,Br5292,L3,62,76,10097,7466
151509_TTAATTTCAGACGCGG-1,151509,Br5292,L1,17,69,4658,6983
151509_TTACAACTACGCATCC-1,151509,Br5292,L1,24,52,5504,5802
151509_TTACATCGTGGCCTGG-1,151509,Br5292,L1,20,36,5019,4691
151509_TTACATGCCACAACTA-1,151509,Br5292,L1,41,103,7560,9343
151509_TTACGTAGCGCGTGCT-1,151509,Br5292,L3,2,100,2847,9137
151509_TTACTATCGGCTTCTC-1,151509,Br5292,L3,34,16,6711,3300
151509_TTACTCCGGCCGGGAA-1,151509,Br5292,L1,34,78,6713,7607
151509_TTACTGTCTAGAGCTC-1,151509,Br5292,L3,19,115,4902,10178
151509_TTACTGTTTCTCTACG-1,151509,Br5292,L3,2,68,2845,6915
151509_TTAGATAGGTCGATAC-1,151509,Br5292,L1,13,21,4173,3649
151509_TTAGCGAATAGATAGG-1,151509,Br5292,L4,77,95,11911,8784
151509_TTAGGTCATAACCGAC-1,151509,Br5292,L4,58,38,9612,4827
151509_TTAGTAGGGCGGCGGG-1,151509,Br5292,L3,34,26,6711,3995
151509_TTAGTTATTCGTGGCA-1,151509,Br5292,L2,47,91,8285,8509
151509_TTATAGGTAATTGTCT-1,151509,Br5292,L3,61,73,9976,7258
151509_TTATGCGTCCCGGTCC-1,151509,Br5292,L2,7,45,3449,5317
151509_TTATTAGAGCGTGTTC-1,151509,Br5292,L3,46,70,8163,7050
151509_TTATTATCTGGAAGGC-1,151509,Br5292,L2,55,121,9253,10592
151509_TTCACGGTCGTCACGT-1,151509,Br5292,WM,71,27,11183,4062
151509_TTCAGCCCTGGTCCAC-1,151509,Br5292,L2,47,85,8285,8092
151509_TTCAGTTCAAGAGGAG-1,151509,Br5292,L6,72,38,11304,4826
151509_TTCAGTTTGTGGCAGC-1,151509,Br5292,L3,27,7,5864,2676
151509_TTCCACATTTCTCGTC-1,151509,Br5292,L3,1,77,2725,7540
151509_TTCCAGTGGGTTTCGT-1,151509,Br5292,L6,75,47,11667,5451
151509_TTCCATCATGCGGTGA-1,151509,Br5292,L3,13,99,4176,9067
151509_TTCCATCGACAGCGTG-1,151509,Br5292,L3,61,107,9978,9619
151509_TTCCGCAGAGAAATAT-1,151509,Br5292,L2,21,101,5143,9205
151509_TTCCGCGTGAGGCGAT-1,151509,Br5292,L3,46,64,8163,6634
151509_TTCGCGCGCCATACGA-1,151509,Br5292,L4,59,47,9733,5452
151509_TTCGCTATCTGACGTG-1,151509,Br5292,L3,20,100,5022,9136
151509_TTCGGACTGATGCCTT-1,151509,Br5292,L3,7,99,3451,9068
151509_TTCGGACTGGGCATGG-1,151509,Br5292,WM,68,6,10819,2603
151509_TTCGGCTAGAGATGGT-1,151509,Br5292,L1,18,24,4777,3857
151509_TTCGGTGGAGACGCCC-1,151509,Br5292,L1,47,121,8286,10593
151509_TTCGTGCATGTTATAG-1,151509,Br5292,L6,77,61,11910,6423
151509_TTCTAACCGAAGCTTA-1,151509,Br5292,L1,34,90,6714,8440
151509_TTCTAGGCCAATTGTG-1,151509,Br5292,L1,22,44,5262,5246
151509_TTCTGACCGGGCTCAA-1,151509,Br5292,L3,52,84,8889,8022
151509_TTCTGCTAGACTCCAA-1,151509,Br5292,L2,28,106,5989,9552
151509_TTCTTCGCAATAGAGC-1,151509,Br5292,L3,1,85,2725,8096
151509_TTCTTGAGCCGCGCTA-1,151509,Br5292,L3,47,41,8283,5036
151509_TTCTTGTAACCTAATG-1,151509,Br5292,L1,23,35,5382,4621
151509_TTGAATCGTTGTATAA-1,151509,Br5292,L5,48,10,8402,2883
151509_TTGAATTCACGTGAGG-1,151509,Br5292,L1,39,97,7318,8926
151509_TTGACTACCATATGGT-1,151509,Br5292,L3,43,41,7799,5036
151509_TTGAGGCATTTAACTC-1,151509,Br5292,L3,7,91,3451,8512
151509_TTGCACAATTCAGAAA-1,151509,Br5292,L3,43,57,7800,6148
151509_TTGCAGGTCATGAAGT-1,151509,Br5292,L3,0,106,2605,9554
151509_TTGCCGGTGATCCCTC-1,151509,Br5292,L3,11,97,3934,8928
151509_TTGCCTTCTCGCCGGG-1,151509,Br5292,L3,68,104,10824,9410
151509_TTGCGCACAACCACGT-1,151509,Br5292,L3,76,106,11791,9549
151509_TTGCGGCATCAGAAAG-1,151509,Br5292,L4,53,45,9008,5313
151509_TTGCGTAGTTTGAGGA-1,151509,Br5292,L2,25,19,5623,3509
151509_TTGCTCCCATACCGGA-1,151509,Br5292,L1,22,72,5263,7191
151509_TTGCTGGCCGGGCTTC-1,151509,Br5292,L3,8,78,3571,7609
151509_TTGGACATGTGGCTTA-1,151509,Br5292,L3,41,29,7557,4203
151509_TTGGATTGGGTACCAC-1,151509,Br5292,L1,17,55,4658,6011
151509_TTGGGACACTGCCCGC-1,151509,Br5292,L1,28,70,5988,7052
151509_TTGGTATGGCTTGTGT-1,151509,Br5292,L2,33,117,6594,10316
151509_TTGGTCACACTCGTAA-1,151509,Br5292,L3,48,48,8404,5522
151509_TTGTAAGGACCTAAGT-1,151509,Br5292,L3,46,32,8162,4411
151509_TTGTATCACACAGAAT-1,151509,Br5292,L3,12,74,4054,7331
151509_TTGTCACCGCGGTATC-1,151509,Br5292,L6,53,5,9007,2535
151509_TTGTCTCGGCAAGATG-1,151509,Br5292,L6,75,41,11667,5034
151509_TTGTGAACCTAATCCG-1,151509,Br5292,L3,56,90,9373,8439
151509_TTGTGATCTGTTCAGT-1,151509,Br5292,L3,69,111,10945,9896
151509_TTGTGCGGAAGCGGAT-1,151509,Br5292,WM,60,2,9852,2326
151509_TTGTGGAGACAGCCGG-1,151509,Br5292,WM,76,12,11787,3019
151509_TTGTGGTATAGGTATG-1,151509,Br5292,L3,24,126,5507,10942
151509_TTGTGTATGCCACCAA-1,151509,Br5292,L3,56,60,9371,6355
151509_TTGTTGGCAATGACTG-1,151509,Br5292,WM,76,30,11787,4270
151509_TTGTTTGTGTAAATTC-1,151509,Br5292,L2,7,51,3449,5733
151510_AAACAGCTTTCAGAAG-1,151510,Br5292,L4,43,9,7811,2805
151510_AAACCGGGTAGGTACC-1,151510,Br5292,L3,42,28,7701,4121
151510_AAACTCGGTTCGCAAT-1,151510,Br5292,L4,66,70,10613,7006
151510_AAACTCGTGATATAAG-1,151510,Br5292,L3,23,113,5458,10021
151510_AAAGGCTCTCGCGCCG-1,151510,Br5292,L3,55,55,9281,5978
151510_AAAGGGATGTAGCAAG-1,151510,Br5292,L1,24,62,5551,6491
151510_AAAGGGCAGCTTGAAT-1,151510,Br5292,L1,24,26,5532,3999
151510_AAAGTTGACTCCCGTA-1,151510,Br5292,L1,42,96,7737,8827
151510_AAATAGGGTGCTATTG-1,151510,Br5292,L3,53,79,9052,7641
151510_AAATCTAGCCCTGCTA-1,151510,Br5292,L2,53,101,9064,9163
151510_AAATGACTGATCAAAC-1,151510,Br5292,L6,76,60,11812,6305
151510_AAATGATTCGATCAGC-1,151510,Br5292,L3,21,111,5216,9885
151510_AAATTACCTATCGATG-1,151510,Br5292,L2,26,94,5809,8703
151510_AAATTGATAGTCCTTT-1,151510,Br5292,L4,55,31,9268,4317
151510_AACACGAGACGCGGCC-1,151510,Br5292,L3,45,21,8059,3634
151510_AACACGCGGCCGCGAA-1,151510,Br5292,L3,6,34,3369,4569
151510_AACCATGGGATCGCTA-1,151510,Br5292,L1,14,30,4330,4285
151510_AACCCGAGCAGAATCG-1,151510,Br5292,L2,57,113,9552,9990
151510_AACCCTGGTGGAACCA-1,151510,Br5292,L3,8,70,3629,7059
151510_AACCGAGCTTGGTCAT-1,151510,Br5292,L1,24,70,5556,7044
151510_AACGATAATGCCGTAG-1,151510,Br5292,L3,53,73,9049,7225
151510_AACGATAGAAGGGCCG-1,151510,Br5292,L2,15,53,4463,5876
151510_AACGATATGTCAACTG-1,151510,Br5292,L1,24,76,5559,7460
151510_AACGCGAACGGCAACA-1,151510,Br5292,L2,8,22,3604,3737
151510_AACGGCCATCTCCGGT-1,151510,Br5292,L3,47,39,8309,4878
151510_AACGTACTGTGGGTAC-1,151510,Br5292,L3,48,42,8431,5085
151510_AACGTCAGACTAGTGG-1,151510,Br5292,L1,24,40,5540,4968
151510_AACGTGCGAAAGTCTC-1,151510,Br5292,L1,36,74,7003,7310
151510_AACTGAGTTATACTGA-1,151510,Br5292,L1,51,127,8837,10964
151510_AACTGGGTTCGAGCCG-1,151510,Br5292,L3,3,89,3037,8378
151510_AACTGGTGTGGGCCTT-1,151510,Br5292,L3,7,49,3497,5607
151510_AAGAAGGATCAGTTAG-1,151510,Br5292,L1,13,25,4207,3940
151510_AAGAGCTCTTTATCGG-1,151510,Br5292,L1,35,77,6884,7519
151510_AAGAGGCATGGATCGC-1,151510,Br5292,L1,36,80,7006,7725
151510_AAGATGGCACCGGACC-1,151510,Br5292,L4,59,39,9754,4867
151510_AAGATTGGCGGAACGT-1,151510,Br5292,L2,26,90,5807,8427
151510_AAGCATACTCTCCTGA-1,151510,Br5292,L3,53,69,9047,6949
151510_AAGCCGAAGCGGTTTA-1,151510,Br5292,L1,49,107,8586,9582
151510_AAGCGTCCCTCATCGA-1,151510,Br5292,L4,57,35,9511,4592
151510_AAGCTCTTTCATGGTG-1,151510,Br5292,L3,57,81,9535,7775
151510_AAGGCAGGCTGTCTCC-1,151510,Br5292,L1,42,118,7748,10350
151510_AAGGGACAGATTCTGT-1,151510,Br5292,L2,26,92,5808,8565
151510_AAGGTGATAAACCAGC-1,151510,Br5292,L1,44,92,7976,8549
151510_AAGTCAATTGTCGTCA-1,151510,Br5292,L1,45,101,8101,9170
151510_AAGTGCCTTGACTGTA-1,151510,Br5292,L1,44,104,7982,9379
151510_AAGTGTTTGGAGACGG-1,151510,Br5292,L3,52,80,8933,7711
151510_AAGTTCACTCCAAGCT-1,151510,Br5292,L3,57,85,9537,8052
151510_AAGTTCAGTCTGCGTA-1,151510,Br5292,L3,18,104,4851,9403
151510_AAGTTGTGATGTTATA-1,151510,Br5292,L3,66,106,10632,9497
151510_AATAACAACGCTCGGC-1,151510,Br5292,L3,36,30,6980,4265
151510_AATAACACTAGAACAA-1,151510,Br5292,L3,52,38,8910,4804
151510_AATACCGGAGGGCTGT-1,151510,Br5292,L5,67,37,10716,4721
151510_AATAGAACAGAGTGGC-1,151510,Br5292,L3,52,46,8915,5358
151510_AATCGAGGTCTCAAGG-1,151510,Br5292,L5,76,80,11823,7689
151510_AATCGGGACACTACGA-1,151510,Br5292,L3,8,60,3624,6367
151510_AATCGGTATAGCCCTC-1,151510,Br5292,L3,71,109,11236,9700
151510_AATCTAGGTTTACTTG-1,151510,Br5292,L5,52,16,8899,3282
151510_AATGGTCCACCGTTCA-1,151510,Br5292,L2,30,16,6250,3302
151510_AATGTTGTCGTGAGAC-1,151510,Br5292,L3,68,108,10874,9634
151510_AATTCTAGAGTTAGGC-1,151510,Br5292,L3,49,63,8562,6537
151510_AATTGAACGCTCTGGT-1,151510,Br5292,L2,45,83,8091,7925
151510_AATTGCAGCAATCGAC-1,151510,Br5292,L3,64,102,10389,9222
151510_AATTTGGTTCCAAAGA-1,151510,Br5292,L3,11,67,3989,6849
151510_ACAAACCATGCGTCCT-1,151510,Br5292,L6,64,16,10344,3271
151510_ACAAGGATGCTTTAGG-1,151510,Br5292,L3,61,87,10020,8187
151510_ACAATAGTCGTACGTT-1,151510,Br5292,L3,42,20,7697,3568
151510_ACACATGATCAAATCT-1,151510,Br5292,L6,60,16,9862,3274
151510_ACACCACATAATTAGC-1,151510,Br5292,L2,31,117,6423,10291
151510_ACACCGAGCGCTCTTT-1,151510,Br5292,L1,15,5,4438,2554
151510_ACACCTTAAGTAGGGC-1,151510,Br5292,L1,25,43,5662,5175
151510_ACACCTTACTACTTGC-1,151510,Br5292,L1,41,111,7624,9866
151510_ACAGCGCACCCGCAGC-1,151510,Br5292,L3,10,80,3875,7749
151510_ACAGGCACGGATCCTT-1,151510,Br5292,L3,69,95,10988,8733
151510_ACAGTAATACAACTTG-1,151510,Br5292,L4,46,14,8175,3149
151510_ACATAAGTCGTGGTGA-1,151510,Br5292,L6,59,9,9738,2791
151510_ACCAAACACCCAGCGA-1,151510,Br5292,L3,17,115,4736,10165
151510_ACCAACGCTTATTTAT-1,151510,Br5292,L3,53,49,9037,5564
151510_ACCAAGTCATCGGCAG-1,151510,Br5292,L3,70,106,11114,9494
151510_ACCACACGGTTGATGG-1,151510,Br5292,L5,75,79,11702,7620
151510_ACCACCCTCTCTTCTA-1,151510,Br5292,L3,23,121,5462,10575
151510_ACCAGGAGTGTGATCT-1,151510,Br5292,L3,3,55,3019,6026
151510_ACCCGAGCGAAATTAC-1,151510,Br5292,L5,61,29,9989,4173
151510_ACCCGATTGGTTCCGA-1,151510,Br5292,L6,69,35,10956,4581
151510_ACCCTATAGGACTGAG-1,151510,Br5292,L1,12,20,4084,3595
151510_ACCCTCCCGTCAGGGC-1,151510,Br5292,L3,69,99,10990,9010
151510_ACCCTTTAGTTCTCCA-1,151510,Br5292,L3,6,80,3393,7753
151510_ACCGAAGAGTCTGGTT-1,151510,Br5292,L5,57,11,9498,2931
151510_ACCTACAGTATGTGGT-1,151510,Br5292,L1,41,113,7625,10005
151510_ACCTCCGCCCTCGCTG-1,151510,Br5292,L2,55,107,9308,9577
151510_ACGAAATGGGCGGCAC-1,151510,Br5292,L2,32,24,6495,3854
151510_ACGACCCATGAGTTGC-1,151510,Br5292,L3,59,125,9799,10819
151510_ACGACTCTAGGGCCGA-1,151510,Br5292,L3,71,93,11227,8593
151510_ACGCAAACTAATAGAT-1,151510,Br5292,L4,63,47,10240,5417
151510_ACGCATACGTTTACTA-1,151510,Br5292,L3,56,102,9426,9230
151510_ACGCCCAGCTGTCGAT-1,151510,Br5292,L3,3,71,3027,7133
151510_ACGCGCTACACAGGGT-1,151510,Br5292,L3,41,31,7582,4330
151510_ACGCTTAGTGTCTCTC-1,151510,Br5292,L3,3,81,3033,7825
151510_ACGGAGCGCAAATTAC-1,151510,Br5292,L3,18,108,4853,9680
151510_ACGGCACTTGCTTGGG-1,151510,Br5292,L3,52,60,8922,6327
151510_ACGGCGACGATGGGAA-1,151510,Br5292,L3,49,77,8570,7506
151510_ACGGGTCATGTGACTT-1,151510,Br5292,L1,15,9,4440,2831
151510_ACGGTCACCGAGAACA-1,151510,Br5292,WM,71,13,11185,3057
151510_ACGTACAGATTTCTCT-1,151510,Br5292,L3,10,66,3868,6780
151510_ACGTAGATTGCTGATG-1,151510,Br5292,L1,33,67,6638,6828
151510_ACGTGCGCCTCGTGCA-1,151510,Br5292,L2,17,63,4709,6566
151510_ACGTTAATGTCGAAGA-1,151510,Br5292,L2,41,69,7602,6960
151510_ACGTTCGCAATCAATT-1,151510,Br5292,L2,33,113,6662,10012
151510_ACGTTCGTTCAGGAAA-1,151510,Br5292,L4,60,44,9877,5212
151510_ACTACATCCCGACAAG-1,151510,Br5292,L6,63,17,10224,3341
151510_ACTACCATCCGAGGGC-1,151510,Br5292,WM,74,28,11554,4092
151510_ACTCAGACCTGCTTCT-1,151510,Br5292,L2,9,43,3735,5190
151510_ACTCCCGTAGACTAGG-1,151510,Br5292,L3,21,123,5222,10715
151510_ACTCCCTAATGCTAAA-1,151510,Br5292,L3,57,69,9529,6945
151510_ACTCCGGCCGACCACT-1,151510,Br5292,L3,70,90,11105,8386
151510_ACTCTCTTATACACGA-1,151510,Br5292,L3,8,84,3636,8028
151510_ACTCTTCAGCTCCCGC-1,151510,Br5292,L2,36,126,7030,10909
151510_ACTCTTGTATAGTAAC-1,151510,Br5292,L1,36,70,7001,7033
151510_ACTGCGGACACACCGT-1,151510,Br5292,L1,37,119,7147,10423
151510_ACTGCTCGGAAGGATG-1,151510,Br5292,L5,53,9,9016,2796
151510_ACTGGGATGCCAGTGC-1,151510,Br5292,L6,73,53,11447,5823
151510_ACTGTAGCACTTTGGA-1,151510,Br5292,L1,27,39,5901,4896
151510_ACTGTCTTCTTTAGAA-1,151510,Br5292,L1,30,64,6275,6624
151510_ACTTAGTACGACAAGA-1,151510,Br5292,L1,14,32,4331,4424
151510_ACTTATACTTACCCGG-1,151510,Br5292,L1,36,90,7011,8417
151510_ACTTCCAGTGGAAGCT-1,151510,Br5292,L6,57,3,9494,2377
151510_ACTTCCATGCGGGACA-1,151510,Br5292,L3,61,85,10019,8049
151510_ACTTGACTCCCTCTTT-1,151510,Br5292,L2,42,72,7724,7166
151510_ACTTTACCCTCATGAA-1,151510,Br5292,L1,32,106,6538,9528
151510_AGAACACGGCGATGGT-1,151510,Br5292,WM,75,13,11667,3053
151510_AGAACGTGGTACATTC-1,151510,Br5292,L1,27,73,5918,7249
151510_AGAAGAGCGCCGTTCC-1,151510,Br5292,L1,38,88,7251,8277
151510_AGAATAAATCTTCAGG-1,151510,Br5292,L3,37,11,7090,2949
151510_AGACAGGCATCTCAGC-1,151510,Br5292,L2,55,125,9317,10822
151510_AGACGAAGTGCCGGTC-1,151510,Br5292,L1,49,97,8580,8890
151510_AGACGGGATTGGTATA-1,151510,Br5292,L3,1,79,2791,7688
151510_AGAGGTATCTCGGTCC-1,151510,Br5292,L3,3,51,3017,5749
151510_AGAGTATAGTGTTACG-1,151510,Br5292,L3,28,122,6065,10639
151510_AGATAACTTCAGGGCC-1,151510,Br5292,L1,32,44,6505,5238
151510_AGATACGACTTCATAT-1,151510,Br5292,L1,15,35,4453,4630
151510_AGATACTCAAGATCGA-1,151510,Br5292,L2,46,82,8211,7855
151510_AGCAAAGGCCGCTAGT-1,151510,Br5292,L3,60,72,9892,7150
151510_AGCACACGTTTAGACT-1,151510,Br5292,L6,68,26,10831,3959
151510_AGCACTACCGGCCTGT-1,151510,Br5292,L3,34,20,6733,3575
151510_AGCCCGGTAGCCTGTA-1,151510,Br5292,L4,61,49,10000,5557
151510_AGCCCTGTCGCACCGT-1,151510,Br5292,L1,41,121,7630,10558
151510_AGCCCTTGGACATCCC-1,151510,Br5292,L2,57,117,9554,10267
151510_AGCCGTGGCTAAATGT-1,151510,Br5292,L4,50,22,8661,3699
151510_AGCCTAATACCCACGT-1,151510,Br5292,L5,50,14,8657,3145
151510_AGCGGTTGCCGCTCTG-1,151510,Br5292,L3,18,116,4857,10233
151510_AGCGTCTGAACCCGCA-1,151510,Br5292,L3,6,36,3370,4708
151510_AGCGTTCCGATTTAAA-1,151510,Br5292,L3,2,92,2918,8587
151510_AGCTACGAATGGTGGT-1,151510,Br5292,L3,77,109,11958,9695
151510_AGCTCTTTACTCAGTT-1,151510,Br5292,L3,41,45,7590,5299
151510_AGCTTCTTCTCGAGCA-1,151510,Br5292,L3,68,100,10870,9080
151510_AGCTTGATCTTAACTT-1,151510,Br5292,L3,41,23,7578,3776
151510_AGGACGCTCGATGTTG-1,151510,Br5292,L3,18,98,4848,8988
151510_AGGACTTATAGGAGAA-1,151510,Br5292,L1,13,3,4196,2418
151510_AGGAGAGTCTGGCTAC-1,151510,Br5292,L3,26,126,5826,10918
151510_AGGATCACGCGATCTG-1,151510,Br5292,L4,48,16,8417,3285
151510_AGGATTGCTTACGACA-1,151510,Br5292,L2,30,120,6304,10499
151510_AGGCACGTGACTGTCC-1,151510,Br5292,L2,57,115,9553,10128
151510_AGGCAGATGCGTAAAC-1,151510,Br5292,L1,26,86,5805,8150
151510_AGGCCACCCGTTATGA-1,151510,Br5292,L1,28,38,6020,4826
151510_AGGCCCATTGTACAGG-1,151510,Br5292,L2,15,55,4464,6015
151510_AGGCGTCTATGGACGG-1,151510,Br5292,L3,16,112,4614,9958
151510_AGGCTTGCTAGACACC-1,151510,Br5292,L1,24,18,5528,3446
151510_AGGGAGACATACTTCG-1,151510,Br5292,L2,29,113,6180,10016
151510_AGGGTCAGTAACCCTA-1,151510,Br5292,L3,15,113,4494,10028
151510_AGGGTTCCCTTTGGTT-1,151510,Br5292,L1,30,88,6288,8285
151510_AGGTAGATCGAGATAT-1,151510,Br5292,L5,63,35,10233,4586
151510_AGGTGTATCGCCATGA-1,151510,Br5292,L3,37,17,7093,3365
151510_AGGTGTTGCCGACCAC-1,151510,Br5292,L3,65,123,10521,10675
151510_AGGTTGAGGCACGCTT-1,151510,Br5292,L1,22,74,5317,7323
151510_AGTAAGGGACAGAATC-1,151510,Br5292,L3,77,105,11956,9418
151510_AGTCCCGCCTTTAATT-1,151510,Br5292,L3,17,93,4725,8642
151510_AGTCGAATTAGCGTAA-1,151510,Br5292,L3,76,126,11847,10872
151510_AGTCTCACAAGACTAC-1,151510,Br5292,L4,54,30,9147,4249
151510_AGTCTTCTCCTCAAAT-1,151510,Br5292,L1,24,66,5553,6768
151510_AGTGATAACCTGCGCG-1,151510,Br5292,L3,59,89,9780,8327
151510_AGTGATTCAAGCAGGA-1,151510,Br5292,L1,33,87,6648,8213
151510_AGTGCTAAACACAGCA-1,151510,Br5292,L3,61,91,10022,8464
151510_AGTGCTTGCACGAATA-1,151510,Br5292,L1,41,89,7613,8344
151510_AGTGTGCTAAGATCGC-1,151510,Br5292,L1,14,10,4320,2901
151510_AGTTAAACACTTGCGA-1,151510,Br5292,L3,40,44,7469,5230
151510_AGTTGACATCGGCTGG-1,151510,Br5292,L1,10,26,3847,4012
151510_AGTTGACGGTCCTTGC-1,151510,Br5292,L4,65,63,10489,6522
151510_ATAAACGGACCCGTAA-1,151510,Br5292,L3,47,61,8320,6400
151510_ATAAAGGCTCGGTCGT-1,151510,Br5292,L1,34,50,6749,5651
151510_ATAAGGTGGAGAACAT-1,151510,Br5292,L3,50,72,8687,7159
151510_ATAAGTAGGGCGACTC-1,151510,Br5292,L1,36,108,7021,9663
151510_ATAATAGCTGTTGAAT-1,151510,Br5292,L3,47,63,8322,6539
151510_ATACGAAGGCTTTCCA-1,151510,Br5292,L1,37,123,7149,10700
151510_ATACGAGGTTTGTAAG-1,151510,Br5292,L6,75,49,11686,5544
151510_ATACGTACTTAGCCAC-1,151510,Br5292,L3,55,77,9292,7500
151510_ATACTAGCATGACCCT-1,151510,Br5292,L1,21,61,5190,6424
151510_ATAGAGTACTGGGACA-1,151510,Br5292,L1,26,48,5785,5520
151510_ATAGCCATAACAGTCA-1,151510,Br5292,L3,72,114,11359,10045
151510_ATAGGTTGGGCAGATG-1,151510,Br5292,L1,28,64,6034,6625
151510_ATAGTGAAGCGTTCTC-1,151510,Br5292,L2,41,57,7596,6129
151510_ATATAACACGGGCGCA-1,151510,Br5292,L3,66,94,10626,8667
151510_ATATACATGTATGGTA-1,151510,Br5292,L5,49,1,8530,2246
151510_ATATCGGTAGGGAGAT-1,151510,Br5292,L1,38,110,7262,9800
151510_ATATCGTGCCAGACCC-1,151510,Br5292,L3,3,79,3032,7686
151510_ATATTCAGTTAAACCT-1,151510,Br5292,L3,44,40,7948,4950
151510_ATATTGGAGAGGCCTT-1,151510,Br5292,L3,59,121,9797,10542
151510_ATCAAAGAGCCGTGGT-1,151510,Br5292,L6,76,62,11813,6443
151510_ATCAAGATCCCAGGAC-1,151510,Br5292,L5,72,58,11329,6170
151510_ATCAGCCTCATGCTGC-1,151510,Br5292,L3,57,87,9538,8191
151510_ATCAGCTCGTCCACTA-1,151510,Br5292,L4,49,15,8537,3215
151510_ATCAGTAGGCAGGGAT-1,151510,Br5292,L2,23,87,5444,8222
151510_ATCATCTGCCCAGTGT-1,151510,Br5292,L3,2,84,2914,8033
151510_ATCATGGACTACCGAC-1,151510,Br5292,L1,44,126,7993,10902
151510_ATCCAACGCAGTCATA-1,151510,Br5292,L1,25,37,5659,4760
151510_ATCGACCCAATACAGA-1,151510,Br5292,L2,43,63,7840,6543
151510_ATCGCTGCGTGCAGCA-1,151510,Br5292,L3,23,111,5457,9883
151510_ATCGGTTACCTAGTAA-1,151510,Br5292,L3,34,8,6727,2744
151510_ATCTACCATCTGCTCC-1,151510,Br5292,L3,70,88,11104,8248
151510_ATCTAGCTTGTGAGGG-1,151510,Br5292,L4,67,65,10731,6659
151510_ATCTGATAGTGTCTTA-1,151510,Br5292,L1,16,12,4562,3038
151510_ATCTGCTGTTATCGCC-1,151510,Br5292,L5,67,57,10727,6105
151510_ATCTGGGCTGTTCTTG-1,151510,Br5292,L3,61,69,10011,6941
151510_ATCTTATCGCACACCC-1,151510,Br5292,L3,64,104,10390,9361
151510_ATGACTATGCGACATT-1,151510,Br5292,L2,48,88,8455,8268
151510_ATGAGGAGTGTTAATC-1,151510,Br5292,L1,25,35,5658,4621
151510_ATGCACGCGCTGTTCA-1,151510,Br5292,L6,59,11,9739,2929
151510_ATGCCATTTGCGACCA-1,151510,Br5292,L1,43,91,7855,8480
151510_ATGCGAGTCCCACCAC-1,151510,Br5292,L1,48,104,8464,9375
151510_ATGGAAATTTAAGGAG-1,151510,Br5292,L5,53,7,9015,2658
151510_ATGGACTGCTTAGTTG-1,151510,Br5292,WM,75,39,11681,4852
151510_ATGGCGGAATAGTCGC-1,151510,Br5292,L2,34,124,6788,10772
151510_ATGGTATTGGGAACCG-1,151510,Br5292,L5,73,61,11451,6377
151510_ATGGTCGCGTGGTTTC-1,151510,Br5292,L2,45,85,8092,8063
151510_ATGTCTTGTTTGACTC-1,151510,Br5292,WM,74,34,11557,4507
151510_ATGTGAAAGCCTAATG-1,151510,Br5292,L3,46,22,8180,3702
151510_ATGTTGATTAGAGACT-1,151510,Br5292,L3,68,92,10866,8527
151510_ATTAATTCGGTCACTC-1,151510,Br5292,L3,14,66,4349,6777
151510_ATTACAACTACCGGCC-1,151510,Br5292,L3,11,87,3999,8233
151510_ATTAGATTCCTCAGCA-1,151510,Br5292,L2,25,105,5694,9466
151510_ATTAGATTGATAGCGG-1,151510,Br5292,L1,19,49,4942,5596
151510_ATTATAGCTACTTTAC-1,151510,Br5292,L2,33,115,6663,10150
151510_ATTATGAGACCCAATT-1,151510,Br5292,WM,66,12,10583,2992
151510_ATTCCCACATAAACAA-1,151510,Br5292,L1,26,24,5772,3859
151510_ATTCGTCCCGAGGTTA-1,151510,Br5292,L3,75,125,11726,10804
151510_ATTCGTGTACCCATTC-1,151510,Br5292,L4,77,97,11952,8864
151510_ATTCTTCGTACTTATG-1,151510,Br5292,L3,9,87,3758,8235
151510_ATTGCCTTTATGTTTG-1,151510,Br5292,L3,64,84,10380,7977
151510_ATTTATACTGGTAAAG-1,151510,Br5292,L5,75,75,11699,7344
151510_ATTTCCGGGTTCTGCG-1,151510,Br5292,L4,55,35,9270,4594
151510_ATTTGTCTTGGGAGCT-1,151510,Br5292,L1,40,84,7490,7999
151510_CAAACCATAAGCGTAT-1,151510,Br5292,L4,77,89,11948,8311
151510_CAAACGGTCGCACTTT-1,151510,Br5292,L1,30,40,6262,4963
151510_CAAACTCGCGACGCCG-1,151510,Br5292,L1,45,111,8106,9863
151510_CAAAGGTCATCTGAAA-1,151510,Br5292,L1,46,124,8233,10761
151510_CAAAGTCAGGTTAGCT-1,151510,Br5292,L1,9,11,3718,2975
151510_CAACGGTTCTTGATAC-1,151510,Br5292,L1,18,38,4816,4835
151510_CAACTCCTTGATCCCG-1,151510,Br5292,L1,18,46,4820,5389
151510_CAAGAGGGCGGAGTAC-1,151510,Br5292,L2,46,74,8207,7301
151510_CAAGCAACGTCGGAGT-1,151510,Br5292,L2,32,38,6502,4822
151510_CAAGCGGCACATAATT-1,151510,Br5292,L3,54,72,9169,7155
151510_CAAGGTCCTATAGGCT-1,151510,Br5292,L1,34,110,6781,9803
151510_CAAGTGTGGTTGCAAA-1,151510,Br5292,L1,40,94,7495,8691
151510_CAATACGAGAGTCTGA-1,151510,Br5292,L1,44,120,7990,10486
151510_CAATATTCTTGACCTA-1,151510,Br5292,L4,54,40,9152,4941
151510_CAATGCGAGAAGTATC-1,151510,Br5292,L3,54,82,9174,7847
151510_CAATGGTCGGCCTGGG-1,151510,Br5292,L3,6,56,3381,6092
151510_CAATGTGCCAACCCTT-1,151510,Br5292,L1,37,115,7145,10147
151510_CACAAACCGCAGAACT-1,151510,Br5292,L3,71,115,11239,10116
151510_CACAAGCTAAGAAAGG-1,151510,Br5292,WM,67,15,10705,3199
151510_CACACACGCTAACGAG-1,151510,Br5292,L2,55,103,9306,9300
151510_CACACAGCTTGCGCTC-1,151510,Br5292,L1,47,115,8349,10138
151510_CACAGCACCCACGGCA-1,151510,Br5292,L1,31,59,6393,6277
151510_CACAGTTCGCTTCCCA-1,151510,Br5292,L2,54,114,9191,10062
151510_CACATATTAGCAGGAT-1,151510,Br5292,L2,47,73,8327,7231
151510_CACATCGTGCACGCGC-1,151510,Br5292,L4,60,38,9874,4797
151510_CACATCTCACCGACGA-1,151510,Br5292,L3,57,75,9532,7360
151510_CACCATGATCGCAAAG-1,151510,Br5292,L3,12,114,4134,10100
151510_CACCCACACGTCACCC-1,151510,Br5292,L1,17,43,4698,5182
151510_CACCCGGTTTGTGACT-1,151510,Br5292,L3,53,39,9031,4872
151510_CACCCTTGGTGAGACC-1,151510,Br5292,L4,50,16,8658,3283
151510_CACCGCCAGAAGGTTT-1,151510,Br5292,L1,27,59,5911,6280
151510_CACCGGTAGAGACATT-1,151510,Br5292,WM,66,16,10585,3269
151510_CACCGTATCCCATCCG-1,151510,Br5292,L1,52,104,8945,9372
151510_CACCTAATCAGTTTAC-1,151510,Br5292,L2,20,72,5075,7186
151510_CACGTCGGCAACCTCT-1,151510,Br5292,L3,49,37,8549,4738
151510_CACGTCTATGATGTGG-1,151510,Br5292,L3,7,95,3522,8790
151510_CACTCAAGAGCTATGG-1,151510,Br5292,L2,39,57,7355,6131
151510_CACTCGAGCTGAACAA-1,151510,Br5292,L3,48,74,8448,7299
151510_CACTCGGTTAGGAGGA-1,151510,Br5292,L3,35,13,6850,3090
151510_CAGAGCATGAGCTTGC-1,151510,Br5292,L1,26,70,5796,7043
151510_CAGATAATGGGCGGGT-1,151510,Br5292,L3,66,102,10630,9220
151510_CAGCAGTCCAGACTAT-1,151510,Br5292,L1,50,100,8702,9097
151510_CAGCTCGACAAGTTAA-1,151510,Br5292,L1,28,90,6048,8425
151510_CAGGAAGACTTTATAT-1,151510,Br5292,L3,13,85,4239,8093
151510_CAGGCCAGTACCACCT-1,151510,Br5292,WM,71,17,11187,3333
151510_CAGTAATCCCTCCCAG-1,151510,Br5292,L1,21,25,5171,3933
151510_CAGTACATTCTCTAAA-1,151510,Br5292,L3,20,102,5091,9263
151510_CAGTAGCCCACGCGGT-1,151510,Br5292,L2,25,91,5687,8497
151510_CAGTCTCTCGGCTAAT-1,151510,Br5292,L2,6,28,3366,4154
151510_CAGTGAATAAATGACT-1,151510,Br5292,L1,25,83,5683,7943
151510_CAGTGTCCGCAGAATG-1,151510,Br5292,L1,15,37,4454,4769
151510_CATAACGGACAGTCGT-1,151510,Br5292,L1,36,94,7013,8694
151510_CATACACGGTTCCCAC-1,151510,Br5292,L4,61,55,10003,5972
151510_CATAGCCGCCCGGGAT-1,151510,Br5292,L1,26,22,5771,3721
151510_CATAGCGTTGCCCACC-1,151510,Br5292,L3,54,42,9153,5079
151510_CATATACTACTGATAA-1,151510,Br5292,L3,18,102,4850,9264
151510_CATATGTCAGGCTACG-1,151510,Br5292,L4,48,24,8421,3839
151510_CATCAAACTGGCGCCC-1,151510,Br5292,L3,15,117,4497,10305
151510_CATCATTACCCTGAGG-1,151510,Br5292,L2,52,94,8940,8680
151510_CATCCCGAGATTCATA-1,151510,Br5292,L3,69,115,10998,10117
151510_CATCTTACACCACCTC-1,151510,Br5292,L1,37,99,7136,9039
151510_CATGAACCTCTTATCA-1,151510,Br5292,L3,5,69,3267,6993
151510_CATGATACGGTGAAAC-1,151510,Br5292,L5,76,76,11820,7412
151510_CATGCACATGAGAGGC-1,151510,Br5292,WM,73,21,11430,3608
151510_CATGCACGTGTTACTG-1,151510,Br5292,L3,3,91,3038,8517
151510_CATGCTGGCTCCAATT-1,151510,Br5292,L3,12,60,4105,6363
151510_CATGGGTCGGGTGTGG-1,151510,Br5292,L2,21,85,5202,8085
151510_CATGGTAAGTAGCGTT-1,151510,Br5292,L2,45,73,8086,7233
151510_CATTCACTGACAGCTA-1,151510,Br5292,L3,5,67,3266,6854
151510_CATTCCCTAAGTACAA-1,151510,Br5292,L1,12,18,4083,3457
151510_CATTCGTCGTAGCGGT-1,151510,Br5292,L3,62,122,10159,10608
151510_CATTGATGAACACGCC-1,151510,Br5292,L3,23,119,5461,10436
151510_CCAAAGCAGTTGGTTG-1,151510,Br5292,L1,10,10,3838,2905
151510_CCAACCTTATGTAACT-1,151510,Br5292,L5,67,41,10718,4998
151510_CCAACGCTTGCCAGGG-1,151510,Br5292,L3,10,100,3886,9133
151510_CCAAGACTTCTGCGAA-1,151510,Br5292,L1,20,62,5070,6494
151510_CCAGAAAGCAACTCAT-1,151510,Br5292,L3,52,36,8909,4666
151510_CCAGCCTGGACCAATA-1,151510,Br5292,L1,37,65,7118,6686
151510_CCAGCTACGCCTCATA-1,151510,Br5292,L2,9,35,3731,4636
151510_CCAGTCCATTATTCGA-1,151510,Br5292,L1,10,22,3844,3735
151510_CCATGCCCTAGATTTC-1,151510,Br5292,L3,56,98,9424,8953
151510_CCATGGCCCTTGTACC-1,151510,Br5292,L2,32,22,6494,3715
151510_CCATTGTTTCCTCCAT-1,151510,Br5292,L3,29,123,6186,10708
151510_CCCAACATACGTCGCG-1,151510,Br5292,L3,43,35,7825,4605
151510_CCCAATTTCACAACTT-1,151510,Br5292,L3,39,33,7342,4470
151510_CCCACTCCACGGTATC-1,151510,Br5292,L5,49,3,8531,2385
151510_CCCAGTTAAGGCGCCG-1,151510,Br5292,L1,42,82,7729,7858
151510_CCCGCGCAATGCACCC-1,151510,Br5292,L1,19,23,4929,3796
151510_CCCGGTGTATCGGAAT-1,151510,Br5292,L5,53,17,9020,3350
151510_CCCGTAAGTCTAGGCC-1,151510,Br5292,L3,40,28,7460,4123
151510_CCCGTCAGCGTCTGAC-1,151510,Br5292,L1,23,51,5425,5730
151510_CCCTGATGTAACTCGT-1,151510,Br5292,L1,14,16,4323,3316
151510_CCCTGGGAGGGATCCT-1,151510,Br5292,L5,76,72,11818,7135
151510_CCCTGGTATGGGCGGC-1,151510,Br5292,L3,6,72,3389,7199
151510_CCCTTTAATGGAGTTC-1,151510,Br5292,L3,63,109,10272,9708
151510_CCCTTTGACAGGTCTT-1,151510,Br5292,L3,50,56,8679,6052
151510_CCGAACCTTCCCGGCC-1,151510,Br5292,L3,49,71,8567,7091
151510_CCGAAGCATTGACCAA-1,151510,Br5292,WM,61,5,9977,2512
151510_CCGACTCGCATAGTCT-1,151510,Br5292,L3,4,76,3150,7478
151510_CCGATTCGAGGGACCC-1,151510,Br5292,L3,38,20,7215,3571
151510_CCGCACACGAACGTGT-1,151510,Br5292,L1,45,123,8112,10693
151510_CCGCACTTGCAATGAC-1,151510,Br5292,L3,69,107,10994,9564
151510_CCGCATGTGGTACGAT-1,151510,Br5292,L3,56,66,9407,6738
151510_CCGCCACCACAATCCA-1,151510,Br5292,L3,4,66,3145,6786
151510_CCGCTATCAGCACCAG-1,151510,Br5292,L3,45,63,8081,6541
151510_CCGGCGCATATTGGAT-1,151510,Br5292,L2,14,56,4344,6085
151510_CCGGGCTAAGAATTTC-1,151510,Br5292,WM,70,20,11068,3542
151510_CCGTAAGTTGGTCCCA-1,151510,Br5292,L1,33,77,6643,7521
151510_CCGTGTTAAATTCCAT-1,151510,Br5292,L3,48,36,8428,4669
151510_CCGTTCCGAATCTCGG-1,151510,Br5292,L3,40,22,7457,3708
151510_CCTAAATTAACGGTTC-1,151510,Br5292,L2,42,68,7722,6889
151510_CCTAAATTGTATCCTA-1,151510,Br5292,L1,52,114,8950,10064
151510_CCTAACCCAAACAAGT-1,151510,Br5292,L2,49,89,8576,8336
151510_CCTAACTAAGGCTCTA-1,151510,Br5292,L3,21,93,5206,8639
151510_CCTACTCAACACGATT-1,151510,Br5292,L3,63,119,10278,10400
151510_CCTAGTTAGTCGCATG-1,151510,Br5292,L3,12,72,4112,7194
151510_CCTATAATGAGTGCCC-1,151510,Br5292,L3,55,81,9294,7777
151510_CCTATCTATATCGGAA-1,151510,Br5292,L2,19,77,4957,7533
151510_CCTATGGTCAAAGCTG-1,151510,Br5292,L4,68,68,10853,6866
151510_CCTATGTCCACTCCAC-1,151510,Br5292,L3,62,92,10143,8532
151510_CCTCACGTCAGCTAAT-1,151510,Br5292,L3,60,122,9918,10610
151510_CCTCATGCAGCTACGA-1,151510,Br5292,L2,10,30,3849,4289
151510_CCTCCGACAATTCAAG-1,151510,Br5292,L2,33,33,6620,4476
151510_CCTCGCCAGCAAATTA-1,151510,Br5292,L2,18,74,4835,7327
151510_CCTCGCGCTGTGCGAT-1,151510,Br5292,L3,57,59,9524,6253
151510_CCTCGGATGCTACCTG-1,151510,Br5292,L3,32,10,6487,2885
151510_CCTCTACAAGGATTGG-1,151510,Br5292,L6,67,27,10711,4029
151510_CCTCTATCGATTAGCA-1,151510,Br5292,L4,52,26,8904,3974
151510_CCTGCTACAACCATAC-1,151510,Br5292,L3,77,107,11957,9556
151510_CCTGGAAACGTTCTGC-1,151510,Br5292,L1,39,113,7384,10006
151510_CCTGGCTAGACCCGCC-1,151510,Br5292,L1,29,43,6143,5171
151510_CCTGGTCGAATGTGGG-1,151510,Br5292,L3,59,69,9770,6943
151510_CCTGTACTCACGCCCA-1,151510,Br5292,L3,40,24,7458,3846
151510_CCTGTCGCCCGTAAAT-1,151510,Br5292,L1,36,62,6996,6480
151510_CCTTCTTGATCCAGTG-1,151510,Br5292,L2,19,73,4955,7257
151510_CCTTTAAGGGAGCACT-1,151510,Br5292,L4,58,50,9639,5629
151510_CGAAGACGGTGAGTGC-1,151510,Br5292,L3,33,3,6604,2399
151510_CGAAGATCAGTTTCAT-1,151510,Br5292,L5,74,70,11576,6999
151510_CGAAGCCACAGCATGG-1,151510,Br5292,WM,72,8,11303,2710
151510_CGAATCTGCTCGACGC-1,151510,Br5292,L6,62,22,10106,3688
151510_CGACATGCGATCTTCT-1,151510,Br5292,L3,8,64,3626,6644
151510_CGACGCATCCGTACCT-1,151510,Br5292,L5,50,10,8655,2868
151510_CGACTCAGGATGTTAT-1,151510,Br5292,L2,23,89,5445,8360
151510_CGACTTGCCGGGAAAT-1,151510,Br5292,WM,77,17,11910,3328
151510_CGAGACCCTAGAGTGT-1,151510,Br5292,L2,43,61,7839,6404
151510_CGAGAGCTTTCACTAC-1,151510,Br5292,L3,64,88,10382,8253
151510_CGAGATTTCGCTCGGG-1,151510,Br5292,L1,42,116,7747,10211
151510_CGAGCACTTCAAGTTT-1,151510,Br5292,L1,23,25,5411,3931
151510_CGAGGATCGGGAACGA-1,151510,Br5292,L3,28,118,6063,10363
151510_CGAGGGACTGCGGTCG-1,151510,Br5292,L1,38,78,7246,7585
151510_CGATAGTCGTACTGCA-1,151510,Br5292,L3,66,88,10623,8252
151510_CGATCCTCGCAACATA-1,151510,Br5292,L5,66,40,10597,4930
151510_CGATGGACCCTACGCC-1,151510,Br5292,L3,22,96,5328,8846
151510_CGATTCGCCTGGCTGC-1,151510,Br5292,L3,57,73,9531,7222
151510_CGCAAACACGAGTTAC-1,151510,Br5292,L1,27,37,5899,4758
151510_CGCAATCGATCATTAG-1,151510,Br5292,L2,24,0,5519,2200
151510_CGCAATTACTTTCGGT-1,151510,Br5292,L1,23,33,5416,4485
151510_CGCACGTGCGCTATCA-1,151510,Br5292,L1,39,99,7377,9038
151510_CGCCATCCGATTATGA-1,151510,Br5292,L1,24,80,5561,7736
151510_CGCCCTAATTGTTCAA-1,151510,Br5292,WM,67,11,10702,2922
151510_CGCGGCTCAACTTGAA-1,151510,Br5292,L1,43,97,7858,8895
151510_CGCGGTAAGTCTAGCT-1,151510,Br5292,L2,30,118,6303,10361
151510_CGCTATACCGCCCACT-1,151510,Br5292,L1,14,36,4334,4701
151510_CGCTCTCCGTAGATTA-1,151510,Br5292,L2,33,37,6622,4752
151510_CGCTGGTGACTACCCT-1,151510,Br5292,L1,48,98,8460,8960
151510_CGCTGTGACGCCGCAC-1,151510,Br5292,L1,25,47,5664,5452
151510_CGCTTCCACTGAAATC-1,151510,Br5292,L1,18,42,4818,5112
151510_CGCTTCGGTCTAAGAC-1,151510,Br5292,L3,66,104,10631,9359
151510_CGCTTTCATACCGGTG-1,151510,Br5292,L2,14,50,4341,5669
151510_CGGAAATTTCACATCC-1,151510,Br5292,L3,4,82,3154,7893
151510_CGGACGTTACTTGAAG-1,151510,Br5292,L4,42,6,7689,2599
151510_CGGATAAGCGGACATG-1,151510,Br5292,L1,19,17,4926,3381
151510_CGGCAAACATCGTGCG-1,151510,Br5292,L3,52,66,8925,6742
151510_CGGCACCGTTAGCGCC-1,151510,Br5292,L3,11,89,4000,8371
151510_CGGCAGGGTCGGGTTG-1,151510,Br5292,L1,32,94,6532,8698
151510_CGGCCCAACCTGTAGT-1,151510,Br5292,L2,28,112,6059,9947
151510_CGGCTCTTCGTCGAAC-1,151510,Br5292,L3,8,86,3637,8166
151510_CGGTACGGCAAACCCA-1,151510,Br5292,L5,53,1,9011,2243
151510_CGGTAGAGGTGCAGGT-1,151510,Br5292,L2,22,92,5326,8569
151510_CGGTATAGGTATTAGC-1,151510,Br5292,L3,11,99,4005,9063
151510_CGGTCAAGTGGGAACC-1,151510,Br5292,L1,26,80,5802,7735
151510_CGGTCCATGAGACTCC-1,151510,Br5292,L3,20,118,5099,10370
151510_CGGTTATCCAACAGTG-1,151510,Br5292,L1,30,98,6293,8977
151510_CGGTTCAAGTAGGTGT-1,151510,Br5292,L2,24,98,5570,8982
151510_CGGTTCCGGCTTCTTG-1,151510,Br5292,L2,9,29,3728,4221
151510_CGGTTTACTGAACATT-1,151510,Br5292,WM,66,2,10577,2300
151510_CGGTTTATGAAGGAAC-1,151510,Br5292,L3,10,104,3888,9410
151510_CGTAACTTCGACACTT-1,151510,Br5292,L5,68,50,10843,5620
151510_CGTAGCGAATTGTCAG-1,151510,Br5292,L3,13,71,4232,7124
151510_CGTCGCATGTGAGCCA-1,151510,Br5292,L3,65,77,10496,7491
151510_CGTCGTCCTTCGCGAA-1,151510,Br5292,L3,56,76,9412,7430
151510_CGTCTTGAGTGTGACG-1,151510,Br5292,L1,41,125,7632,10835
151510_CGTGACCAGTCCTCTG-1,151510,Br5292,L4,63,55,10244,5971
151510_CGTGCACACCACTGTA-1,151510,Br5292,L3,72,90,11346,8384
151510_CGTGCAGACTGGGACA-1,151510,Br5292,L1,40,74,7484,7307
151510_CGTGCTGGCCTAGTCG-1,151510,Br5292,L1,9,19,3722,3529
151510_CGTGGCCGAATATCTA-1,151510,Br5292,L1,47,101,8342,9169
151510_CGTGTGTTAAACCCTG-1,151510,Br5292,L2,32,116,6543,10220
151510_CGTTCATGGTGCGCGT-1,151510,Br5292,L4,48,20,8419,3562
151510_CTAAATCCGGTGTACA-1,151510,Br5292,L5,61,35,9993,4588
151510_CTAACCGCGCGCCCGT-1,151510,Br5292,L3,37,35,7103,4610
151510_CTAATTTCAACAACAC-1,151510,Br5292,L1,21,27,5172,4071
151510_CTACGAACTAGGTCGA-1,151510,Br5292,L3,5,73,3269,7269
151510_CTACTCAAGGTATAGT-1,151510,Br5292,L4,60,42,9876,5074
151510_CTACTCTAGGCCCGGC-1,151510,Br5292,L2,31,25,6375,3924
151510_CTACTGCCACCTGACC-1,151510,Br5292,L1,27,63,5913,6557
151510_CTAGCATAGTATAATG-1,151510,Br5292,L1,34,66,6758,6758
151510_CTAGCCCGGGAGACGA-1,151510,Br5292,WM,77,37,11920,4712
151510_CTAGTAGAAAGGGATT-1,151510,Br5292,L3,63,81,10258,7770
151510_CTATAAGTAGGGTTTG-1,151510,Br5292,WM,73,11,11425,2916
151510_CTATTTGGTTACGGAT-1,151510,Br5292,L1,36,82,7007,7864
151510_CTCAGGACTCACCTGT-1,151510,Br5292,L1,16,30,4571,4283
151510_CTCATAAATGTGTATA-1,151510,Br5292,L3,74,106,11595,9490
151510_CTCCGCCCACATGAGG-1,151510,Br5292,L3,43,39,7827,4882
151510_CTCCGGCCTAATATGC-1,151510,Br5292,L1,19,59,4948,6288
151510_CTCCGGCTTGTAGACA-1,151510,Br5292,L1,15,19,4445,3523
151510_CTCCTAGTAATCGTGA-1,151510,Br5292,WM,76,24,11793,3813
151510_CTCGAATGGAACGTAT-1,151510,Br5292,L3,6,100,3404,9137
151510_CTCGAGGCAAGTTTCA-1,151510,Br5292,WM,72,32,11316,4371
151510_CTCGGGATAACACCTA-1,151510,Br5292,L2,31,121,6425,10567
151510_CTCGTGGCACTGAAAG-1,151510,Br5292,L6,76,58,11811,6166
151510_CTCTAACACCGGCAGC-1,151510,Br5292,L4,76,86,11826,8104
151510_CTCTACACTGGCGATT-1,151510,Br5292,L3,43,17,7816,3359
151510_CTCTACATCCTGCGTG-1,151510,Br5292,L5,72,66,11334,6724
151510_CTCTAGCCCTCGGAAA-1,151510,Br5292,L3,66,90,10624,8390
151510_CTCTGCAGGCATTCTT-1,151510,Br5292,WM,71,23,11190,3749
151510_CTCTTGTCCCGCTTGG-1,151510,Br5292,L3,54,58,9162,6186
151510_CTGACATAGAAATAGA-1,151510,Br5292,L1,51,119,8833,10411
151510_CTGCACCTGGAACCGC-1,151510,Br5292,L2,15,49,4461,5599
151510_CTGCCAAGGTTGGAAG-1,151510,Br5292,L2,21,77,5198,7532
151510_CTGCCCACGAAGCGTT-1,151510,Br5292,L3,32,6,6485,2608
151510_CTGCCTAGCCACCAAG-1,151510,Br5292,L3,8,80,3634,7751
151510_CTGGCGATTTACATGT-1,151510,Br5292,L3,73,107,11476,9560
151510_CTGGCTGGTTGTCAGT-1,151510,Br5292,L3,54,56,9161,6048
151510_CTGGGTTGAGTTAAAG-1,151510,Br5292,L5,53,11,9017,2935
151510_CTGGTAACACATAGAA-1,151510,Br5292,L1,42,88,7733,8274
151510_CTGGTTCAACGCATCA-1,151510,Br5292,L2,8,38,3612,4844
151510_CTGGTTCGCGAGCTAC-1,151510,Br5292,L1,42,124,7752,10765
151510_CTGGTTTCGAGCAAGA-1,151510,Br5292,L2,46,88,8214,8270
151510_CTGTGCAGGGTAGGTC-1,151510,Br5292,L2,42,70,7723,7028
151510_CTGTGGTCGGGAGATA-1,151510,Br5292,L3,55,89,9299,8331
151510_CTGTTCATCTCACGGG-1,151510,Br5292,L1,22,34,5296,4555
151510_CTTAATCGACTTAGTA-1,151510,Br5292,L6,76,64,11814,6581
151510_CTTACACTGGGAAATA-1,151510,Br5292,L1,16,48,4581,5529
151510_CTTACTGACTCCTCTG-1,151510,Br5292,L3,68,126,10883,10880
151510_CTTAGCCCGGATAGTG-1,151510,Br5292,L2,27,9,5885,2820
151510_CTTAGGTATAGACCAG-1,151510,Br5292,L6,63,15,10223,3202
151510_CTTAGTTGAGGAATCG-1,151510,Br5292,L6,67,33,10714,4444
151510_CTTATGCGCTCAGGGC-1,151510,Br5292,L4,43,11,7812,2944
151510_CTTATGTTGACTACCA-1,151510,Br5292,L1,13,27,4208,4079
151510_CTTCACGCCCTGGTAC-1,151510,Br5292,WM,71,21,11189,3610
151510_CTTCAGTTGGACAACG-1,151510,Br5292,L4,73,91,11467,8453
151510_CTTCGTAGATAGGTGA-1,151510,Br5292,L3,39,45,7349,5300
151510_CTTCTTACGTCGTATA-1,151510,Br5292,L2,14,60,4346,6361
151510_CTTGAGTTAGGGTAAT-1,151510,Br5292,L1,39,93,7374,8622
151510_CTTGGCCAAGCTGGGA-1,151510,Br5292,L4,61,57,10004,6111
151510_CTTGTTGCTGAGTCAA-1,151510,Br5292,L1,38,80,7247,7724
151510_CTTTAACTTTCAAAGG-1,151510,Br5292,L1,23,67,5434,6838
151510_CTTTGGCGCTTTATAC-1,151510,Br5292,L3,32,18,6492,3438
151510_GAAACAGCCATGCAGT-1,151510,Br5292,L2,13,61,4226,6432
151510_GAAATACTAAACGTTT-1,151510,Br5292,L1,18,22,4808,3728
151510_GAAATGGCGGTGTTAG-1,151510,Br5292,L1,30,52,6269,5793
151510_GAAATTAGCACGGATA-1,151510,Br5292,L3,18,96,4847,8849
151510_GAACACACATCAACCA-1,151510,Br5292,L1,22,50,5304,5662
151510_GAACATTAGTATGTTA-1,151510,Br5292,L3,14,122,4379,10652
151510_GAACGACCGAATGATA-1,151510,Br5292,L1,19,63,4950,6564
151510_GAACGTTTGTATCCAC-1,151510,Br5292,L3,77,123,11966,10664
151510_GAACTGTGGAGAGACA-1,151510,Br5292,L4,68,66,10852,6727
151510_GAAGGCTACCATTGTT-1,151510,Br5292,L3,25,119,5702,10434
151510_GAAGTCTCCCTAGCGA-1,151510,Br5292,L1,37,91,7132,8486
151510_GAAGTGATTTATCGTG-1,151510,Br5292,L2,39,47,7350,5439
151510_GAATAGTGCTCGATTA-1,151510,Br5292,L5,60,36,9873,4658
151510_GAATGTGGTCCGGATT-1,151510,Br5292,L2,43,81,7849,7788
151510_GACAAACATATGCAGG-1,151510,Br5292,L1,44,100,7980,9102
151510_GACACCCAAAGACGCG-1,151510,Br5292,WM,75,37,11679,4714
151510_GACAGGTAATCCGTGT-1,151510,Br5292,L3,76,116,11841,10180
151510_GACATCGATTTATAAC-1,151510,Br5292,L3,52,50,8917,5635
151510_GACATTTCGCCCAGCC-1,151510,Br5292,WM,72,16,11307,3263
151510_GACCAGAGCCCTGTAG-1,151510,Br5292,L1,31,47,6386,5446
151510_GACCAGGTCATTCATA-1,151510,Br5292,L3,3,69,3026,6994
151510_GACCGTTACATGCGAC-1,151510,Br5292,L3,38,6,7208,2602
151510_GACGCCTGTTGCAGGG-1,151510,Br5292,L1,11,31,3970,4357
151510_GACGGGCATCGAATTT-1,151510,Br5292,L3,75,107,11716,9558
151510_GACGTTCGTAAATACA-1,151510,Br5292,L3,24,116,5580,10228
151510_GACGTTGCTCGGCGGC-1,151510,Br5292,WM,73,31,11435,4300
151510_GACTAACACAGCACCT-1,151510,Br5292,L3,8,90,3639,8443
151510_GACTAAGATCATGCAC-1,151510,Br5292,L1,23,53,5426,5869
151510_GACTACAAAGCGGTGG-1,151510,Br5292,L4,49,21,8540,3630
151510_GACTAGGCCGTTAGGT-1,151510,Br5292,L3,66,78,10617,7560
151510_GACTCGCGGGAATGAC-1,151510,Br5292,L2,28,96,6051,8840
151510_GACTGCGGCACGTGTA-1,151510,Br5292,L2,27,15,5888,3235
151510_GACTGCTGGTGAGAAA-1,151510,Br5292,L5,67,39,10717,4860
151510_GACTGGGCGCCGCAAC-1,151510,Br5292,L3,6,94,3401,8722
151510_GACTTCAACGCATCAA-1,151510,Br5292,L3,74,94,11589,8659
151510_GAGATGGGAGTCGACA-1,151510,Br5292,L3,52,72,8928,7157
151510_GAGCTCAACATGAGCG-1,151510,Br5292,L5,73,69,11456,6930
151510_GAGGAATATCTCTTTG-1,151510,Br5292,L6,71,45,11202,5271
151510_GAGGAGATCCTCATGC-1,151510,Br5292,L1,12,8,4078,2765
151510_GAGGTCCGTTCGCTGT-1,151510,Br5292,WM,76,34,11798,4505
151510_GAGTAAGGCCACGGGA-1,151510,Br5292,L4,48,14,8416,3147
151510_GAGTATGCGCGTGCAT-1,151510,Br5292,L3,63,71,10252,7078
151510_GAGTCCACCAGGTTTA-1,151510,Br5292,L4,77,93,11950,8588
151510_GAGTCCGCTTACCGGA-1,151510,Br5292,L3,46,58,8198,6194
151510_GAGTCTTGTAAAGGAC-1,151510,Br5292,L5,47,1,8289,2248
151510_GAGTGCACGGACAACA-1,151510,Br5292,L3,21,127,5224,10992
151510_GAGTTGATGGCAATTT-1,151510,Br5292,L4,51,19,8780,3490
151510_GATAGTGCGAGTAAGT-1,151510,Br5292,L5,68,44,10840,5205
151510_GATATGAGACACTAAC-1,151510,Br5292,L1,39,81,7368,7792
151510_GATATTGAGATTGGCG-1,151510,Br5292,L1,34,100,6776,9111
151510_GATATTTCCTACATGG-1,151510,Br5292,L3,17,89,4723,8366
151510_GATCCGAATATAAGTG-1,151510,Br5292,L2,36,124,7029,10770
151510_GATCGCGGGCTCTCCA-1,151510,Br5292,L2,36,52,6991,5788
151510_GATCGCTACCCGATTT-1,151510,Br5292,L1,50,98,8701,8958
151510_GATCGCTATATCTCAG-1,151510,Br5292,L5,61,25,9987,3896
151510_GATCGGCGATAAGTCG-1,151510,Br5292,L1,20,14,5044,3173
151510_GATCTAACCGTATTCA-1,151510,Br5292,L5,52,6,8894,2590
151510_GATCTCGACGCTGTGG-1,151510,Br5292,L1,50,118,8712,10342
151510_GATCTTCATTGTCCTC-1,151510,Br5292,L1,19,9,4921,2827
151510_GATGACGATGATCGCG-1,151510,Br5292,L3,19,113,4976,10025
151510_GATGCCAGCAGAAGGC-1,151510,Br5292,L1,23,17,5407,3377
151510_GATGCCTTCTGCGGCA-1,151510,Br5292,L5,58,14,9620,3138
151510_GATGCGTCCTGCATTC-1,151510,Br5292,L2,37,57,7114,6133
151510_GATGTAACGAACCACC-1,151510,Br5292,L4,51,21,8781,3629
151510_GATGTGTTGTCACAAG-1,151510,Br5292,L3,6,78,3392,7614
151510_GATGTTTGTGCGAGAT-1,151510,Br5292,L1,20,30,5053,4280
151510_GATTAACCGAAAGCCC-1,151510,Br5292,L3,55,93,9301,8608
151510_GATTACTGAATTTGGG-1,151510,Br5292,L3,41,39,7586,4883
151510_GATTCGACGGTTCACG-1,151510,Br5292,L2,41,71,7603,7098
151510_GATTGCTCCAGTTGCA-1,151510,Br5292,L5,63,27,10229,4033
151510_GATTTAGTGCGTACTG-1,151510,Br5292,L3,15,127,4502,10997
151510_GATTTGCGCTAACACC-1,151510,Br5292,L6,75,51,11687,5683
151510_GCAACAGCAGTATGCG-1,151510,Br5292,L1,46,106,8224,9516
151510_GCACACAGCTATTACC-1,151510,Br5292,L5,72,70,11336,7000
151510_GCACGCCTACTTAGAT-1,151510,Br5292,L4,55,39,9272,4871
151510_GCACTGTGCAAATGTA-1,151510,Br5292,L2,9,33,3730,4498
151510_GCAGCTGTCAACGCAT-1,151510,Br5292,L4,71,87,11224,8178
151510_GCATGAGGGACGCGGC-1,151510,Br5292,L1,30,90,6289,8423
151510_GCATGCTAATAACGAT-1,151510,Br5292,L3,67,95,10747,8735
151510_GCATTGACTTGCGGAA-1,151510,Br5292,L5,50,4,8652,2453
151510_GCATTGTAATTCATAT-1,151510,Br5292,L3,41,21,7577,3638
151510_GCCAACCATTTCCGGA-1,151510,Br5292,L2,26,106,5815,9534
151510_GCCAGGAGTAACCGAT-1,151510,Br5292,L2,21,89,5204,8362
151510_GCCCGAGAGTCTAAAT-1,151510,Br5292,WM,62,10,10100,2857
151510_GCCCGATGCCCAGTTC-1,151510,Br5292,WM,73,19,11429,3470
151510_GCCCTAGCCGTCGCGA-1,151510,Br5292,L5,54,16,9140,3280
151510_GCCGCATTAGTCCGGC-1,151510,Br5292,L3,35,17,6852,3366
151510_GCCTATTCCGATATAG-1,151510,Br5292,L1,24,30,5535,4276
151510_GCCTCAGGTACCGGTC-1,151510,Br5292,WM,76,20,11791,3536
151510_GCCTTGTATATGCAGT-1,151510,Br5292,L1,17,15,4684,3244
151510_GCGACGGTAGTCTCCT-1,151510,Br5292,L5,73,71,11457,7069
151510_GCGAGAAACGGGAGTT-1,151510,Br5292,L1,13,13,4201,3110
151510_GCGAGAGGCCATGTAA-1,151510,Br5292,L3,21,113,5217,10023
151510_GCGAGTTCTGCAAAGA-1,151510,Br5292,L1,35,63,6877,6550
151510_GCGATTGTTAACGTTA-1,151510,Br5292,L1,37,77,7125,7517
151510_GCGCAAGAGCGCGCTG-1,151510,Br5292,L1,40,100,7498,9106
151510_GCGCTAAGTATGCATG-1,151510,Br5292,L3,2,86,2915,8172
151510_GCGCTGCTTTGCATTT-1,151510,Br5292,L1,28,94,6050,8702
151510_GCGGACCGCGTTGTGG-1,151510,Br5292,L3,51,43,8793,5151
151510_GCGGAGAGGGAGAACG-1,151510,Br5292,L2,46,78,8209,7578
151510_GCGGCTCTGACGTACC-1,151510,Br5292,L3,38,38,7225,4817
151510_GCGGGCAGACGGGTGA-1,151510,Br5292,L5,75,69,11696,6928
151510_GCGGTCCCGGTGAAGG-1,151510,Br5292,L3,17,119,4738,10442
151510_GCGGTCTTGCTTTCAC-1,151510,Br5292,L4,72,82,11342,7831
151510_GCGTCCCTAAGACATA-1,151510,Br5292,L5,64,42,10358,5070
151510_GCGTCGTAACATGGTC-1,151510,Br5292,L5,74,76,11580,7414
151510_GCGTTATATTTGGAAC-1,151510,Br5292,L3,31,13,6369,3093
151510_GCTACGACTTATTGGG-1,151510,Br5292,L2,43,69,7843,6958
151510_GCTAGTTTCATTGAGG-1,151510,Br5292,L1,17,37,4695,4767
151510_GCTCTTTCCGCTAGTG-1,151510,Br5292,L4,64,54,10364,5900
151510_GCTGAACTCTCCAGGG-1,151510,Br5292,L1,40,120,7509,10490
151510_GCTGAATCTTCCAATC-1,151510,Br5292,L5,59,23,9745,3760
151510_GCTGAGCAACGGTTCT-1,151510,Br5292,L1,19,7,4920,2689
151510_GCTGCGAAGAATTATT-1,151510,Br5292,L6,74,46,11564,5338
151510_GCTGCTCTCCGGACAC-1,151510,Br5292,L1,31,63,6395,6554
151510_GCTGGTTTAGGCCATA-1,151510,Br5292,L6,60,14,9861,3136
151510_GCTGTATTACTGGCCC-1,151510,Br5292,L3,46,38,8188,4810
151510_GCTTAGGGAAGCGGTA-1,151510,Br5292,L3,12,124,4139,10792
151510_GCTTCCAGCTTAGATT-1,151510,Br5292,L2,8,16,3600,3322
151510_GCTTCCATGTAACCGC-1,151510,Br5292,L3,74,102,11593,9213
151510_GCTTGGATCGATTAGG-1,151510,Br5292,L1,31,97,6413,8906
151510_GCTTTATTAAGTTACC-1,151510,Br5292,L5,77,79,11942,7619
151510_GGAAACCTTGTTGAAT-1,151510,Br5292,L3,20,106,5093,9539
151510_GGAACGGCCTGCAGCC-1,151510,Br5292,L2,25,15,5647,3237
151510_GGACACCTCGGTGTTG-1,151510,Br5292,L5,75,63,11693,6513
151510_GGACCAACAGGATAAC-1,151510,Br5292,L3,51,67,8805,6812
151510_GGACCTACGGTAACGT-1,151510,Br5292,L3,17,109,4733,9750
151510_GGACGGGCGACCAACC-1,151510,Br5292,L3,67,117,10758,10258
151510_GGACTAAGTCAGGAGT-1,151510,Br5292,L3,27,5,5883,2543
151510_GGACTCGACAGCGCAT-1,151510,Br5292,L5,68,46,10841,5343
151510_GGACTCTTCCGGTTGA-1,151510,Br5292,L2,57,123,9557,10682
151510_GGATCAAAGGACGAGG-1,151510,Br5292,L3,6,52,3379,5815
151510_GGATCCGGAATATACT-1,151510,Br5292,L1,34,82,6766,7866
151510_GGATCTACCGTTCGTC-1,151510,Br5292,WM,77,31,11917,4297
151510_GGATGACGCGAGTTTA-1,151510,Br5292,L2,37,45,7108,5302
151510_GGATGTCCTTACCGCA-1,151510,Br5292,L1,35,91,6891,8488
151510_GGATTAATCATGGACC-1,151510,Br5292,L4,71,75,11218,7347
151510_GGATTCCGCTATACCC-1,151510,Br5292,L2,19,81,4959,7810
151510_GGCACTCCACTGGGCA-1,151510,Br5292,L2,34,46,6747,5374
151510_GGCAGAGAGATCGGGA-1,151510,Br5292,L3,35,3,6845,2398
151510_GGCAGCAAACCTATGC-1,151510,Br5292,L1,51,103,8824,9303
151510_GGCATTGAACATCTCA-1,151510,Br5292,L5,74,58,11570,6168
151510_GGCCAATTGTATAGAC-1,151510,Br5292,L3,74,98,11591,8936
151510_GGCCCAGCTGGTTTGC-1,151510,Br5292,L4,70,74,11097,7279
151510_GGCCGCAGGAACCGCA-1,151510,Br5292,L3,68,116,10878,10187
151510_GGCGGAGTAATATTAG-1,151510,Br5292,L1,32,46,6506,5376
151510_GGCGGGCTCTAAGAGT-1,151510,Br5292,L1,53,127,9078,10962
151510_GGCGGTTTGCCGGTGC-1,151510,Br5292,L1,15,11,4441,2969
151510_GGCTAAAGGGCGGGTC-1,151510,Br5292,L3,19,99,4969,9056
151510_GGCTACTATACACTCC-1,151510,Br5292,L5,64,44,10359,5208
151510_GGCTCGTGCCACCAGC-1,151510,Br5292,L1,20,38,5057,4833
151510_GGCTGTCCTACTGCGG-1,151510,Br5292,L6,76,50,11807,5613
151510_GGGAAAGAATGCCAAC-1,151510,Br5292,L3,70,108,11115,9632
151510_GGGAACGGTTTCAGAT-1,151510,Br5292,L5,64,32,10352,4378
151510_GGGAAGACGGTCTGTC-1,151510,Br5292,L3,64,76,10375,7423
151510_GGGAATTCTGTCCAGT-1,151510,Br5292,L3,28,4,6003,2473
151510_GGGACAGAGTTACTCC-1,151510,Br5292,L5,57,19,9503,3485
151510_GGGACCCGTATATCTT-1,151510,Br5292,L3,57,53,9520,5838
151510_GGGCCCTTATCTATAC-1,151510,Br5292,L3,33,5,6605,2538
151510_GGGCCTATTTAAGTAT-1,151510,Br5292,L3,13,117,4256,10307
151510_GGGCGAATTTCTCCAC-1,151510,Br5292,L1,17,7,4680,2691
151510_GGGCGCAGCGTTACTC-1,151510,Br5292,L2,34,120,6786,10495
151510_GGGTCATGCGTACCAT-1,151510,Br5292,L1,22,14,5285,3171
151510_GGGTGACACCTTAACT-1,151510,Br5292,L3,46,56,8197,6055
151510_GGGTGTTTCAGCTATG-1,151510,Br5292,L2,16,68,4591,6913
151510_GGTAACTATGTATCTG-1,151510,Br5292,L2,12,44,4097,5256
151510_GGTACACCAGATTTAT-1,151510,Br5292,L3,26,118,5822,10364
151510_GGTACATCTGGGACGA-1,151510,Br5292,L3,38,18,7214,3433
151510_GGTACGTTGCGGCCGG-1,151510,Br5292,L3,66,112,10635,9912
151510_GGTACTAAGTGCTTTG-1,151510,Br5292,L1,51,123,8835,10687
151510_GGTAGGCCAATATCAC-1,151510,Br5292,L6,74,54,11568,5891
151510_GGTATTGCCGAGTTTA-1,151510,Br5292,L1,33,53,6630,5860
151510_GGTCACGTTAGATTCA-1,151510,Br5292,L3,6,38,3371,4846
151510_GGTCAGTGGGTCCCAC-1,151510,Br5292,L3,48,62,8441,6469
151510_GGTCGGTAATTAGACA-1,151510,Br5292,L1,12,36,4093,4702
151510_GGTCTGAGAATCTGGA-1,151510,Br5292,L1,30,80,6283,7731
151510_GGTGAACGGGCTAGCC-1,151510,Br5292,L2,8,32,3609,4429
151510_GGTGATGAAGGAAGTG-1,151510,Br5292,L3,31,1,6362,2263
151510_GGTGCAGAGCCTATCG-1,151510,Br5292,L3,12,104,4128,9408
151510_GGTGCTGGTACACATT-1,151510,Br5292,L3,42,46,7710,5367
151510_GGTGGACTGCTCTGGC-1,151510,Br5292,L3,55,85,9296,8054
151510_GGTGGGATTAGGTCCC-1,151510,Br5292,WM,76,32,11797,4367
151510_GGTGTTCTGTTTCTAC-1,151510,Br5292,L3,4,90,3158,8447
151510_GGTTCGGATTATACTA-1,151510,Br5292,L3,39,7,7329,2671
151510_GGTTTAATTACCATCG-1,151510,Br5292,L5,63,39,10236,4863
151510_GGTTTGACAAGAAGCT-1,151510,Br5292,L3,12,112,4133,9962
151510_GTAACAGGTTAACGGC-1,151510,Br5292,L6,76,54,11809,5889
151510_GTAACTACGTAGACCT-1,151510,Br5292,WM,73,17,11428,3332
151510_GTAACTGCCCAAGGAG-1,151510,Br5292,L5,66,46,10600,5345
151510_GTAATAAAGGGCTCCC-1,151510,Br5292,L1,31,103,6416,9322
151510_GTACACTTACCTGAAG-1,151510,Br5292,L1,36,64,6997,6618
151510_GTAGCGCTGTTGTAGT-1,151510,Br5292,L3,6,50,3378,5677
151510_GTAGCTTCCTCTTGTT-1,151510,Br5292,L1,31,89,6409,8353
151510_GTAGTCTACGATATTG-1,151510,Br5292,L3,63,77,10256,7493
151510_GTAGTTTAAGCACACG-1,151510,Br5292,WM,73,23,11431,3747
151510_GTATTAAGGCGTCTAA-1,151510,Br5292,L1,20,26,5051,4003
151510_GTCAAAGAAGTGGTGT-1,151510,Br5292,L5,56,18,9382,3416
151510_GTCAGAATAGTCTATG-1,151510,Br5292,L2,30,32,6258,4409
151510_GTCAGTTTGGTAGTCG-1,151510,Br5292,L2,29,13,6128,3095
151510_GTCATGCACCTCCGTT-1,151510,Br5292,L1,29,61,6153,6417
151510_GTCATTAGAGCGAACG-1,151510,Br5292,L1,37,67,7119,6825
151510_GTCCTATTGTTGTGGT-1,151510,Br5292,L3,29,7,6125,2680
151510_GTCGTACCATCTCGGG-1,151510,Br5292,L3,46,62,8201,6471
151510_GTCGTACCTACGATTG-1,151510,Br5292,L3,37,9,7089,2811
151510_GTCTATACACGCATGG-1,151510,Br5292,L6,74,50,11566,5614
151510_GTCTCAAGGCCCGGCT-1,151510,Br5292,L3,60,66,9889,6735
151510_GTCTCCGCCTCAATAC-1,151510,Br5292,L5,71,61,11210,6378
151510_GTCTGGGCGGTCGAGA-1,151510,Br5292,L3,46,44,8191,5225
151510_GTCTGTAGGTTGAACA-1,151510,Br5292,L6,73,39,11440,4854
151510_GTGACGAGGGTGACCC-1,151510,Br5292,L2,32,114,6542,10082
151510_GTGAGTCGACTAATAG-1,151510,Br5292,L3,71,113,11238,9977
151510_GTGAGTGGTACAACGC-1,151510,Br5292,L3,52,56,8920,6050
151510_GTGCCAAACGTTTCGA-1,151510,Br5292,WM,76,18,11790,3398
151510_GTGCCTGAGACCAAAC-1,151510,Br5292,L3,69,89,10984,8318
151510_GTGCGAAATCGAACAC-1,151510,Br5292,L3,45,43,8070,5157
151510_GTGCGGGTCTCCAAAT-1,151510,Br5292,L1,20,56,5067,6079
151510_GTGCGTGTATATGAGC-1,151510,Br5292,L1,41,83,7610,7928
151510_GTGGAGCATGTCGGCC-1,151510,Br5292,L2,37,125,7150,10839
151510_GTGGGCTTAGACACAC-1,151510,Br5292,L1,29,39,6141,4894
151510_GTGTACCTTGGCTACG-1,151510,Br5292,L1,26,78,5801,7596
151510_GTGTATGACTTTAAAG-1,151510,Br5292,L3,5,41,3252,5055
151510_GTGTCGTATAGCGTTC-1,151510,Br5292,L3,54,76,9171,7432
151510_GTGTGAATAACTTAGG-1,151510,Br5292,L1,33,83,6646,7936
151510_GTGTTACTATGCGTCC-1,151510,Br5292,L2,41,75,7605,7375
151510_GTTAAGGGTGCGATGT-1,151510,Br5292,L3,61,71,10012,7080
151510_GTTAAGTTAGAGTGGG-1,151510,Br5292,L1,36,116,7025,10217
151510_GTTACCTACAACTTGC-1,151510,Br5292,L3,47,67,8324,6816
151510_GTTAGAGTGTGCCGCT-1,151510,Br5292,L3,7,75,3511,7406
151510_GTTAGCCCATGACATC-1,151510,Br5292,L4,67,75,10736,7351
151510_GTTCGACAATTGTATA-1,151510,Br5292,L6,69,27,10952,4027
151510_GTTCGCTGAGACGTCT-1,151510,Br5292,L2,53,109,9068,9717
151510_GTTCGGGCGTACCATT-1,151510,Br5292,L1,32,108,6539,9667
151510_GTTCTTCCCTCGATGT-1,151510,Br5292,L2,15,51,4462,5738
151510_GTTCTTGTAACTCAAT-1,151510,Br5292,L5,75,61,11692,6375
151510_GTTGCGCTAACATTAC-1,151510,Br5292,L1,41,119,7628,10420
151510_GTTTGGTAGGGTCAAC-1,151510,Br5292,L3,53,59,9042,6257
151510_TAAACCCAGGAGGGCA-1,151510,Br5292,L4,54,36,9150,4664
151510_TAAATGGGCTACTGAG-1,151510,Br5292,L3,63,127,10282,10953
151510_TAAATTTAGTAACACC-1,151510,Br5292,L6,71,39,11199,4856
151510_TAACCTAGGGAGTCCA-1,151510,Br5292,L3,60,106,9910,9503
151510_TAACTATCGAAGGTCC-1,151510,Br5292,L1,24,34,5537,4553
151510_TAAGGAACTTGTGGGA-1,151510,Br5292,L1,16,40,4576,4976
151510_TAAGGCATAACATCAA-1,151510,Br5292,L4,57,49,9518,5561
151510_TAAGTAAATGTGCCGC-1,151510,Br5292,L3,5,97,3282,8930
151510_TAATAAACAAGGAGAT-1,151510,Br5292,L3,17,91,4724,8504
151510_TAATACACAGTAGTAT-1,151510,Br5292,L1,20,64,5071,6633
151510_TAATAGCTAAATGATG-1,151510,Br5292,L3,26,124,5825,10780
151510_TAATTACGTCAGTAGA-1,151510,Br5292,L3,62,102,10148,9224
151510_TAATTTCCGTCCAGTA-1,151510,Br5292,L4,40,0,7445,2185
151510_TACAAGGGCTTCTTTA-1,151510,Br5292,L3,68,94,10867,8665
151510_TACACCTCTTCGAATC-1,151510,Br5292,L3,71,91,11226,8455
151510_TACATGCCGGAATTGT-1,151510,Br5292,L2,54,122,9195,10616
151510_TACCGCGGACTTGCAG-1,151510,Br5292,L1,33,97,6654,8905
151510_TACCGTGCCTCGGACC-1,151510,Br5292,L3,51,69,8806,6950
151510_TACCTACTCCCAGTAT-1,151510,Br5292,L3,58,62,9646,6460
151510_TACCTCACGCTTGTAC-1,151510,Br5292,L2,16,56,4585,6083
151510_TACGAACACGACTTCA-1,151510,Br5292,L1,31,53,6390,5861
151510_TACGAGAACTTCACGT-1,151510,Br5292,L2,35,39,6864,4889
151510_TACGATGTTGATCATC-1,151510,Br5292,L2,35,35,6862,4612
151510_TACGCCGAGGGTACCC-1,151510,Br5292,L4,56,34,9390,4524
151510_TACGCTGCACGGTCGT-1,151510,Br5292,L3,75,117,11722,10250
151510_TACGGGTAATAACATA-1,151510,Br5292,L4,72,88,11345,8246
151510_TACTATGGTTCCTCAG-1,151510,Br5292,L4,57,47,9517,5422
151510_TACTCGTTTGAATCAA-1,151510,Br5292,L4,72,86,11344,8108
151510_TACTCTCCGAACAAAT-1,151510,Br5292,L2,21,81,5200,7808
151510_TACTGCATGATTAAAT-1,151510,Br5292,L6,77,51,11928,5681
151510_TACTGGACAGCTCGGC-1,151510,Br5292,L3,35,25,6856,3920
151510_TACTTAAACATGTACA-1,151510,Br5292,L3,66,108,10633,9636
151510_TAGAAGAAGGGTTACA-1,151510,Br5292,L3,65,125,10522,10813
151510_TAGAATTAAGGGCAAC-1,151510,Br5292,L3,10,76,3873,7472
151510_TAGACGAAACGCCAAT-1,151510,Br5292,L3,63,73,10253,7216
151510_TAGAGCTACGAAGAAC-1,151510,Br5292,L2,13,53,4222,5878
151510_TAGCAACCTGTCACAA-1,151510,Br5292,L1,22,26,5292,4001
151510_TAGCGTCCGGTGTGGT-1,151510,Br5292,L3,53,77,9051,7502
151510_TAGCTAAGTCCGGGAG-1,151510,Br5292,L1,29,57,6151,6140
151510_TAGCTAGAAGGCATGA-1,151510,Br5292,L3,51,51,8797,5705
151510_TAGCTCACTGTGTTTG-1,151510,Br5292,L3,71,121,11242,10531
151510_TAGCTCGCCTGATAAC-1,151510,Br5292,L3,50,58,8680,6190
151510_TAGGCATGTTACGCCA-1,151510,Br5292,L2,23,85,5443,8083
151510_TAGGCTAAAGTGGCAC-1,151510,Br5292,L3,65,99,10508,9014
151510_TAGGTTCGAGTTCGTC-1,151510,Br5292,L1,35,67,6879,6827
151510_TAGTCGGGATTCTTCG-1,151510,Br5292,L1,12,4,4076,2488
151510_TAGTCTTTCCGAATTG-1,151510,Br5292,L1,50,116,8711,10204
151510_TATAAATCCACAAGCT-1,151510,Br5292,L1,20,44,5060,5249
151510_TATACACAGACGCCTT-1,151510,Br5292,L3,50,60,8681,6328
151510_TATACTCATGCGGCAA-1,151510,Br5292,L1,20,18,5047,3449
151510_TATAGGGTACTCATGA-1,151510,Br5292,L3,36,20,6974,3573
151510_TATATATCGAGAAATG-1,151510,Br5292,L5,60,28,9868,4105
151510_TATATCAAAGTGATCT-1,151510,Br5292,L6,71,37,11198,4718
151510_TATCAAAGGTCTGTAA-1,151510,Br5292,L2,26,6,5763,2613
151510_TATCACCCAACCGACC-1,151510,Br5292,L2,24,100,5571,9121
151510_TATCACTTCGAGTAAC-1,151510,Br5292,L3,17,99,4728,9058
151510_TATCCATCTCGGTTAG-1,151510,Br5292,L6,61,17,9983,3343
151510_TATCCCTCGATCTGCA-1,151510,Br5292,L4,76,84,11825,7966
151510_TATCTACCACAGCGGG-1,151510,Br5292,L2,42,60,7718,6336
151510_TATCTGAGCCGATATT-1,151510,Br5292,WM,64,8,10340,2717
151510_TATGAAGAATTAAGGT-1,151510,Br5292,L3,67,99,10749,9012
151510_TATTATGTTTGCCTGC-1,151510,Br5292,L5,57,17,9501,3346
151510_TATTCCTCCGCCCACT-1,151510,Br5292,L3,48,32,8426,4393
151510_TATTTAGTCTAGATCG-1,151510,Br5292,L1,18,58,4827,6219
151510_TCAACATCGACCGAGA-1,151510,Br5292,L3,44,16,7936,3289
151510_TCAAGAAATACTAGCT-1,151510,Br5292,L1,34,108,6780,9665
151510_TCAAGGTTACTACACC-1,151510,Br5292,L1,47,103,8343,9307
151510_TCACGATGTCCGTGGA-1,151510,Br5292,L4,52,28,8905,4112
151510_TCACGGTCATCGCACA-1,151510,Br5292,L1,23,45,5422,5315
151510_TCAGACGCTATAGAAG-1,151510,Br5292,L3,48,72,8447,7161
151510_TCAGATGGAGACGTAG-1,151510,Br5292,L3,13,127,4261,10999
151510_TCAGTAGGGACTATAA-1,151510,Br5292,L3,46,48,8193,5502
151510_TCATAAGTCCAAGAAG-1,151510,Br5292,L3,62,124,10160,10747
151510_TCCAATAAAGGCTACC-1,151510,Br5292,L4,63,53,10243,5832
151510_TCCACATCGTATATTG-1,151510,Br5292,L4,69,67,10973,6796
151510_TCCAGAGCACCGGTTC-1,151510,Br5292,L2,40,70,7482,7030
151510_TCCATTCCCACTAGAG-1,151510,Br5292,L3,18,126,4863,10925
151510_TCCCAAAGCCCTAAAT-1,151510,Br5292,L1,39,117,7387,10283
151510_TCCCTCTTCTCAAGGG-1,151510,Br5292,L3,65,115,10516,10121
151510_TCCCTTGTCTGAAACT-1,151510,Br5292,L3,67,115,10757,10119
151510_TCCGATGGTGCGACAT-1,151510,Br5292,L1,25,53,5667,5867
151510_TCCGATTACATTGCCG-1,151510,Br5292,L2,32,32,6499,4407
151510_TCCGGCCTAGCGTACA-1,151510,Br5292,L2,28,98,6052,8978
151510_TCCGGGCTTGACGGGA-1,151510,Br5292,L3,66,96,10627,8805
151510_TCCGGTTCGTCCGGTC-1,151510,Br5292,L3,51,53,8798,5843
151510_TCCGTAACCACAATCC-1,151510,Br5292,L1,20,16,5046,3311
151510_TCCGTTTAGCCTTGAA-1,151510,Br5292,L1,29,89,6168,8355
151510_TCCTACATCCACGGCC-1,151510,Br5292,L2,46,84,8212,7993
151510_TCCTCGGGCTGGGCTT-1,151510,Br5292,L1,40,76,7485,7445
151510_TCCTGCCAACTGGAGA-1,151510,Br5292,L3,12,90,4121,8439
151510_TCCTTTAAATCCGCTT-1,151510,Br5292,L3,56,92,9421,8538
151510_TCGAATCGCAGGGTAG-1,151510,Br5292,L6,75,53,11688,5821
151510_TCGACAACTGAACCCG-1,151510,Br5292,L5,57,15,9500,3208
151510_TCGCAAAGATGCATTT-1,151510,Br5292,L2,47,75,8328,7369
151510_TCGCATCCCTAAGTGT-1,151510,Br5292,L1,15,31,4451,4354
151510_TCGCCGAAGTTGCGTC-1,151510,Br5292,L3,45,37,8067,4741
151510_TCGCCGGATGGGCAAG-1,151510,Br5292,L2,26,4,5762,2475
151510_TCGCGTAGCAGTGTCC-1,151510,Br5292,L3,57,99,9545,9021
151510_TCGCTAAACCGCTATC-1,151510,Br5292,L3,19,89,4964,8364
151510_TCGCTCGATATATTCC-1,151510,Br5292,L1,29,63,6154,6555
151510_TCGCTCGGCACCAGCG-1,151510,Br5292,L3,24,108,5576,9674
151510_TCGCTGCCAATGCTGT-1,151510,Br5292,L4,68,80,10859,7696
151510_TCGCTTAATTACGAAG-1,151510,Br5292,L3,13,121,4258,10584
151510_TCGGACGCCCAGCCCA-1,151510,Br5292,L1,33,79,6644,7659
151510_TCGGAGTACATGAGTA-1,151510,Br5292,L1,32,74,6521,7314
151510_TCGGCGAACCCAAACC-1,151510,Br5292,L1,49,105,8584,9444
151510_TCGGTGACCGCTCCGG-1,151510,Br5292,L3,15,109,4492,9752
151510_TCGTAACTCCCAAGAC-1,151510,Br5292,L3,67,119,10759,10396
151510_TCGTCTTAGGCGTTAA-1,151510,Br5292,L3,53,83,9055,7917
151510_TCGTGTCACGCTGACA-1,151510,Br5292,L3,43,23,7819,3774
151510_TCGTTAGGAGTCCCTA-1,151510,Br5292,L3,52,54,8919,5911
151510_TCGTTCGTTATTATGT-1,151510,Br5292,L3,10,62,3866,6504
151510_TCGTTGACAGGGTCCC-1,151510,Br5292,L3,28,2,6001,2335
151510_TCTACGCACGATCTCC-1,151510,Br5292,WM,75,29,11675,4160
151510_TCTAGCAATCTCCGCC-1,151510,Br5292,L3,46,30,8184,4256
151510_TCTAGCATGCCCAGAA-1,151510,Br5292,L3,48,66,8444,6746
151510_TCTAGTTATCAGAAGA-1,151510,Br5292,L1,34,54,6751,5928
151510_TCTATTACGCTGGCGA-1,151510,Br5292,L1,14,34,4332,4562
151510_TCTATTACTAGAGGAT-1,151510,Br5292,L3,41,15,7574,3222
151510_TCTCAAATCAATCGGG-1,151510,Br5292,L3,71,89,11225,8316
151510_TCTCATGAGATAGGGT-1,151510,Br5292,L2,49,87,8575,8198
151510_TCTCCCTGGGCAGCGT-1,151510,Br5292,L3,54,80,9173,7709
151510_TCTCGAGGAGGTTCGC-1,151510,Br5292,L1,52,112,8949,9925
151510_TCTGCGAATCGTTCGC-1,151510,Br5292,L3,17,123,4741,10719
151510_TCTGTTACCCAGCATA-1,151510,Br5292,L3,51,35,8788,4597
151510_TCTTCGAATAGACGTT-1,151510,Br5292,L1,39,71,7362,7100
151510_TCTTTAGCAGGCGAAC-1,151510,Br5292,L2,34,116,6784,10219
151510_TGAAACTTATGCAAGC-1,151510,Br5292,L3,11,73,3992,7264
151510_TGAACTGCTATGACTT-1,151510,Br5292,L4,39,1,7326,2255
151510_TGACGAATATTTCCCT-1,151510,Br5292,L3,44,22,7939,3704
151510_TGACTCTAACTGGTAA-1,151510,Br5292,L3,67,123,10761,10673
151510_TGAGATCAAATACTCA-1,151510,Br5292,L3,7,63,3505,6575
151510_TGAGATTAGGCCCTAA-1,151510,Br5292,L3,16,94,4605,8713
151510_TGAGCGGAAAGTGTTC-1,151510,Br5292,L3,55,65,9286,6670
151510_TGAGGCATGTACTGTG-1,151510,Br5292,L6,56,8,9376,2724
151510_TGATAGCGGGATTCTA-1,151510,Br5292,L2,28,12,6007,3027
151510_TGATCAGGGAACTGCT-1,151510,Br5292,L3,42,24,7699,3844
151510_TGATGTCAATTAAGTG-1,151510,Br5292,L3,59,103,9788,9296
151510_TGCAACTACTGGTTGA-1,151510,Br5292,L3,69,91,10985,8456
151510_TGCAATTTGGGCACGG-1,151510,Br5292,L3,14,104,4369,9406
151510_TGCATGTGACCCATAG-1,151510,Br5292,L6,68,38,10837,4789
151510_TGCCAAAGTCAGACTT-1,151510,Br5292,L3,43,19,7817,3497
151510_TGCCGAAAGCGTATTC-1,151510,Br5292,L2,33,119,6665,10427
151510_TGCCGTGGATCGTCCT-1,151510,Br5292,L3,57,63,9526,6530
151510_TGCCTAATTGAAGATT-1,151510,Br5292,L2,55,105,9307,9438
151510_TGCGAATATGGGATTT-1,151510,Br5292,L4,45,13,8054,3080
151510_TGCGCGATTAACGGAG-1,151510,Br5292,L1,27,41,5902,5035
151510_TGCGTAAGAACCTGAT-1,151510,Br5292,L3,43,43,7829,5158
151510_TGCGTGATTGGGTGTC-1,151510,Br5292,L1,11,17,3962,3388
151510_TGCTCGGTGGGTCACC-1,151510,Br5292,L4,66,72,10614,7144
151510_TGCTGGTTGGACAATT-1,151510,Br5292,L1,21,41,5179,5040
151510_TGGAATTAGACGCTTT-1,151510,Br5292,L2,26,18,5769,3444
151510_TGGACCAATCTAAGAT-1,151510,Br5292,L3,62,80,10137,7702
151510_TGGAGAATAATCGTCC-1,151510,Br5292,L6,72,44,11322,5201
151510_TGGCAACTCGCGCGCC-1,151510,Br5292,L2,22,86,5323,8153
151510_TGGCCAATTTGGTACT-1,151510,Br5292,L5,49,11,8535,2938
151510_TGGCTACACTCTACCT-1,151510,Br5292,L3,64,100,10388,9084
151510_TGGCTTGTACAAGCTT-1,151510,Br5292,L3,16,116,4616,10235
151510_TGGGAAATGCCTTTCC-1,151510,Br5292,L1,23,27,5413,4069
151510_TGGGCAATAGTTGGGT-1,151510,Br5292,L1,46,108,8225,9654
151510_TGGGTGGGATGTCATT-1,151510,Br5292,L3,10,112,3892,9964
151510_TGGGTGTTAAGTAGAA-1,151510,Br5292,L5,72,68,11335,6862
151510_TGGTAAGCAGGATTGA-1,151510,Br5292,L3,41,11,7572,2946
151510_TGGTCGATATACCTCT-1,151510,Br5292,L6,73,37,11439,4716
151510_TGGTTAACTTACATTT-1,151510,Br5292,L6,60,8,9858,2721
151510_TGGTTAAGGGCGCTGG-1,151510,Br5292,L3,26,114,5820,10088
151510_TGTACTGTGCCAAAGT-1,151510,Br5292,L3,5,43,3253,5193
151510_TGTACTTCCGGGCATG-1,151510,Br5292,L3,70,114,11118,10047
151510_TGTAGTGATCTATAAT-1,151510,Br5292,L2,35,33,6861,4474
151510_TGTATTTACCTAATGC-1,151510,Br5292,L3,10,102,3887,9272
151510_TGTCCACGGCTCAACT-1,151510,Br5292,L3,65,101,10509,9152
151510_TGTCCGTGGCGCCTTT-1,151510,Br5292,L2,30,18,6251,3440
151510_TGTGACTACGCCAGTC-1,151510,Br5292,L1,21,73,5196,7255
151510_TGTGAGACTAGCCCAA-1,151510,Br5292,L3,59,63,9767,6528
151510_TGTGGCTCCCACCAAC-1,151510,Br5292,L1,44,118,7989,10348
151510_TGTGGTAGGGTGCCTT-1,151510,Br5292,L1,53,125,9077,10824
151510_TGTGGTTGCTAAAGCT-1,151510,Br5292,L5,65,49,10482,5553
151510_TGTTATTGTATGTGGC-1,151510,Br5292,L1,44,86,7972,8133
151510_TGTTCATAAATGTGCT-1,151510,Br5292,L2,26,8,5764,2752
151510_TGTTCCGGCCTGAGCT-1,151510,Br5292,L5,70,66,11093,6725
151510_TGTTCGTATTGCGGTG-1,151510,Br5292,L3,49,61,8561,6399
151510_TGTTCTCATACTATAG-1,151510,Br5292,L3,71,127,11245,10946
151510_TGTTTGAGATCGTCAG-1,151510,Br5292,L1,49,115,8590,10136
151510_TTAAACAGAGTCCCGC-1,151510,Br5292,L2,9,27,3727,4082
151510_TTAAACCTGGTTCCTT-1,151510,Br5292,L2,26,12,5766,3029
151510_TTAACGTTAAAGCCTG-1,151510,Br5292,L3,36,4,6966,2466
151510_TTAACTCACGCGTGGA-1,151510,Br5292,L1,24,14,5526,3169
151510_TTAATTTCAGACGCGG-1,151510,Br5292,L2,17,69,4712,6982
151510_TTACTGGGATATTTCA-1,151510,Br5292,L3,44,54,7956,5919
151510_TTAGAGTATTGTCGAG-1,151510,Br5292,WM,76,22,11792,3675
151510_TTAGCAACATGGATGT-1,151510,Br5292,L1,20,28,5052,4141
151510_TTAGCCATAGGGCTCG-1,151510,Br5292,WM,76,28,11795,4090
151510_TTAGCGAATAGATAGG-1,151510,Br5292,L4,77,95,11951,8726
151510_TTAGCTCTGTAATCCG-1,151510,Br5292,L3,31,15,6370,3232
151510_TTAGTTCAAGTGTTCG-1,151510,Br5292,L3,22,112,5337,9953
151510_TTATAGATGCACATTA-1,151510,Br5292,L3,5,53,3259,5885
151510_TTATAGGTAATTGTCT-1,151510,Br5292,L3,61,73,10013,7218
151510_TTATATACGCTGTCAC-1,151510,Br5292,L1,38,74,7244,7308
151510_TTATCTGACATTAGGA-1,151510,Br5292,L4,46,8,8172,2733
151510_TTATCTGTATCATAAC-1,151510,Br5292,L1,22,60,5310,6354
151510_TTATGAATGAAAGGGA-1,151510,Br5292,L2,41,63,7599,6544
151510_TTATGTTTGCGATAGA-1,151510,Br5292,L2,26,20,5770,3582
151510_TTCAACGACCCGACCG-1,151510,Br5292,L1,20,48,5062,5526
151510_TTCAAGCCGAGCTGAG-1,151510,Br5292,L3,13,75,4234,7400
151510_TTCACTCGAGCACCTA-1,151510,Br5292,L3,55,69,9288,6947
151510_TTCAGAGTAACCTGAC-1,151510,Br5292,L2,6,22,3363,3739
151510_TTCAGTTTGTGGCAGC-1,151510,Br5292,L2,27,7,5884,2682
151510_TTCATGGCGCAACAGG-1,151510,Br5292,L2,19,75,4956,7395
151510_TTCCAATCTGGCTATC-1,151510,Br5292,L3,48,46,8433,5361
151510_TTCCCGGCGCCAATAG-1,151510,Br5292,L4,46,12,8174,3010
151510_TTCCGCAGAGAAATAT-1,151510,Br5292,L3,21,101,5211,9192
151510_TTCCGGCTCGACTTCT-1,151510,Br5292,L3,12,110,4132,9824
151510_TTCGCGCGCCATACGA-1,151510,Br5292,L4,59,47,9758,5421
151510_TTCGGACTGATGCCTT-1,151510,Br5292,L3,7,99,3524,9067
151510_TTCGGCAACCCGCTGA-1,151510,Br5292,L3,16,88,4602,8297
151510_TTCGGGCGCTAGTCTT-1,151510,Br5292,L4,55,37,9271,4732
151510_TTCGGGTTGCCACGGG-1,151510,Br5292,L3,61,117,10036,10263
151510_TTCTAACCGAAGCTTA-1,151510,Br5292,L1,34,90,6770,8419
151510_TTCTACCTCAATCGGT-1,151510,Br5292,WM,69,23,10950,3750
151510_TTCTAGGCCAATTGTG-1,151510,Br5292,L1,22,44,5301,5247
151510_TTCTATTAAACGCAGC-1,151510,Br5292,L5,67,55,10726,5967
151510_TTCTGCGGGTTAGCGG-1,151510,Br5292,L1,40,80,7488,7722
151510_TTCTTCGCAATAGAGC-1,151510,Br5292,L3,1,85,2794,8104
151510_TTCTTGTGTCCATCAG-1,151510,Br5292,L3,30,8,6245,2748
151510_TTGAACGAATCCTTTG-1,151510,Br5292,L1,19,21,4928,3658
151510_TTGAAGTGCATCTACA-1,151510,Br5292,L3,77,127,11968,10940
151510_TTGACAGGAGCTCCCG-1,151510,Br5292,L1,47,99,8340,9030
151510_TTGACCATGTTCTCCG-1,151510,Br5292,L1,24,78,5560,7598
151510_TTGACCGTGTTAATGA-1,151510,Br5292,L3,50,34,8667,4529
151510_TTGACGATTCAGCACG-1,151510,Br5292,L3,9,51,3739,5743
151510_TTGAGAGTACTGCTAA-1,151510,Br5292,L3,44,38,7947,4811
151510_TTGAGTCCCGCTGCTG-1,151510,Br5292,L1,39,119,7388,10422
151510_TTGATCTAACTTTGTC-1,151510,Br5292,L1,29,47,6146,5448
151510_TTGCACGGAGCAGCAC-1,151510,Br5292,L1,21,59,5189,6286
151510_TTGCCTAATCCAAAGT-1,151510,Br5292,WM,69,21,10949,3612
151510_TTGCCTTCTCGCCGGG-1,151510,Br5292,L3,68,104,10872,9357
151510_TTGCGCACAACCACGT-1,151510,Br5292,L3,76,106,11836,9488
151510_TTGCTCATAGTACGTG-1,151510,Br5292,L3,67,107,10753,9566
151510_TTGCTCCCATACCGGA-1,151510,Br5292,L1,22,72,5316,7185
151510_TTGCTGCACCTATCCA-1,151510,Br5292,L1,22,20,5288,3586
151510_TTGGACCATCTGGCAA-1,151510,Br5292,L1,51,105,8825,9442
151510_TTGGACCTATAACAGT-1,151510,Br5292,L3,56,86,9417,8122
151510_TTGGATATCGTCTACG-1,151510,Br5292,L3,48,52,8436,5777
151510_TTGGCGATCCGAATAT-1,151510,Br5292,L2,35,121,6907,10564
151510_TTGGGAAGACGAGCCG-1,151510,Br5292,L4,68,64,10851,6589
151510_TTGGGTTTATTCAGCG-1,151510,Br5292,L3,15,125,4501,10859
151510_TTGGTCACACTCGTAA-1,151510,Br5292,L3,48,48,8434,5500
151510_TTGGTTCGCTCAAAGG-1,151510,Br5292,L1,39,125,7391,10837
151510_TTGGTTGCGGTGCGCG-1,151510,Br5292,L4,53,23,9023,3765
151510_TTGTATCACACAGAAT-1,151510,Br5292,L3,12,74,4113,7332
151510_TTGTCACCGCGGTATC-1,151510,Br5292,L5,53,5,9013,2519
151510_TTGTCTCGGCAAGATG-1,151510,Br5292,L6,75,41,11682,4991
151510_TTGTTCTAGATACGCT-1,151510,Br5292,L1,21,3,5159,2410
151510_TTGTTTCATTAGTCTA-1,151510,Br5292,L5,60,30,9870,4243
151510_TTGTTTGTGTAAATTC-1,151510,Br5292,L3,7,51,3499,5745
151669_AAACAGAGCGACTCCT-1,151669,Br5595,L3,14,94,4192,9620
151669_AAACCCGAACGAAATC-1,151669,Br5595,L3,45,115,7908,11058
151669_AAACGGGCGTACGGGT-1,151669,Br5595,L6,65,91,10300,9401
151669_AAACTGCTGGCTCCAA-1,151669,Br5595,L5,45,67,7901,7754
151669_AAAGGCTACGGACCAT-1,151669,Br5595,WM,62,54,9935,6855
151669_AAAGGCTCTCGCGCCG-1,151669,Br5595,L6,55,55,9097,6925
151669_AAAGTAGCATTGCTCA-1,151669,Br5595,L5,51,27,8614,4999
151669_AAATAAGGTAGTGCCC-1,151669,Br5595,L3,31,115,6231,11062
151669_AAATCGTGTACCACAA-1,151669,Br5595,L5,44,56,7780,6997
151669_AAATGCTCGTTACGTT-1,151669,Br5595,L3,16,24,4421,4801
151669_AAATTACCTATCGATG-1,151669,Br5595,L3,26,94,5629,9617
151669_AAATTTACCGAAATCC-1,151669,Br5595,L3,6,90,3233,9347
151669_AAATTTGCGGGTGTGG-1,151669,Br5595,L5,47,33,8136,5413
151669_AACACGACTGTACTGA-1,151669,Br5595,L3,9,65,3588,7625
151669_AACACGCGGCCGCGAA-1,151669,Br5595,L3,6,34,3225,5492
151669_AACAGGATGGGCCGCG-1,151669,Br5595,L3,29,31,5979,5279
151669_AACCGAGCTTGGTCAT-1,151669,Br5595,L3,24,70,5386,7966
151669_AACCGTTGTGTTTGCT-1,151669,Br5595,L3,12,64,3948,7556
151669_AACCTTTACGACGTCT-1,151669,Br5595,L3,16,92,4431,9482
151669_AACGATAATGCCGTAG-1,151669,Br5595,L6,53,73,8860,8165
151669_AACGATATGTCAACTG-1,151669,Br5595,L3,24,76,5387,8379
151669_AACGCATGATCTGGGT-1,151669,Br5595,L3,20,104,4912,10307
151669_AACGCGGTCTCCAGCC-1,151669,Br5595,L3,23,65,5265,7622
151669_AACGTACTGTGGGTAC-1,151669,Br5595,L5,48,42,8257,6032
151669_AACGTGATGAAGGACA-1,151669,Br5595,L3,9,83,3591,8864
151669_AACGTGCGAAAGTCTC-1,151669,Br5595,L3,36,74,6824,8238
151669_AACTCCAGAGCGTGTT-1,151669,Br5595,L6,60,92,9701,9471
151669_AACTTGCCCGTATGCA-1,151669,Br5595,L3,29,27,5979,5004
151669_AAGAAATCACCAGATT-1,151669,Br5595,L3,20,126,4915,11822
151669_AAGAAGGATCAGTTAG-1,151669,Br5595,L3,13,25,4062,4870
151669_AAGACCCAACTGAACA-1,151669,Br5595,WM,60,54,9696,6855
151669_AAGACTGCAAGCTACT-1,151669,Br5595,L3,36,68,6823,7825
151669_AAGAGATGAATCGGTA-1,151669,Br5595,L3,27,27,5739,5005
151669_AAGAGGATGTACGCGA-1,151669,Br5595,L4,39,29,7177,5139
151669_AAGAGGCATGGATCGC-1,151669,Br5595,L3,36,80,6825,8651
151669_AAGCACCCTGCGTATC-1,151669,Br5595,L6,59,73,9579,8163
151669_AAGCCGAAGCGGTTTA-1,151669,Br5595,L4,49,107,8386,10506
151669_AAGCTCGTGCCAAGTC-1,151669,Br5595,L3,35,73,6704,8169
151669_AAGGCTGTGCTCATCG-1,151669,Br5595,L3,30,46,6101,6312
151669_AAGGGAACGACTGGCT-1,151669,Br5595,L6,63,21,10050,4582
151669_AAGGGACAGATTCTGT-1,151669,Br5595,L3,26,92,5629,9480
151669_AAGGTATCCTAATATA-1,151669,Br5595,L3,25,81,5507,8723
151669_AAGTAGAAGACCGGGT-1,151669,Br5595,L3,19,47,4784,6383
151669_AAGTCAATTGTCGTCA-1,151669,Br5595,L3,45,101,7906,10094
151669_AAGTGAGTCGGGTTTA-1,151669,Br5595,WM,62,48,9935,6441
151669_AAGTTTATGGGCCCAA-1,151669,Br5595,WM,68,70,10656,7954
151669_AATAAGTCCTCGAGAC-1,151669,Br5595,L3,5,71,3110,8039
151669_AATAATCTTCGTATCG-1,151669,Br5595,L3,52,122,8747,11538
151669_AATAGAATCTGTTTCA-1,151669,Br5595,L5,48,86,8263,9061
151669_AATATCAAGGTCGGAT-1,151669,Br5595,L3,8,42,3465,6042
151669_AATCGCGCAGAGGACT-1,151669,Br5595,L3,42,114,7548,10990
151669_AATCTATGCCGGAGCC-1,151669,Br5595,L3,26,110,5631,10719
151669_AATCTGCGTTGGGACG-1,151669,Br5595,L3,32,92,6347,9478
151669_AATGAGTTCGCATATG-1,151669,Br5595,L3,15,21,4301,4595
151669_AATGATGATACGCTAT-1,151669,Br5595,L3,23,93,5269,9549
151669_AATGATGCGACTCCTG-1,151669,Br5595,L3,25,101,5510,10099
151669_AATGTATGGCACTGTA-1,151669,Br5595,L6,65,9,10288,3756
151669_AATTGCAGCAATCGAC-1,151669,Br5595,L6,64,102,10182,10158
151669_AATTTGGGACATAGTA-1,151669,Br5595,L3,13,91,4071,9414
151669_AATTTGGTTCCAAAGA-1,151669,Br5595,L3,11,67,3828,7762
151669_ACAAATGGTAGTGTTT-1,151669,Br5595,L4,44,84,7784,8924
151669_ACAAGGAAATCCGCCC-1,151669,Br5595,L5,49,75,8381,8303
151669_ACAAGGATGCTTTAGG-1,151669,Br5595,L6,61,87,9820,9127
151669_ACAATCCATTTAAACC-1,151669,Br5595,L3,36,32,6818,5347
151669_ACAATCGATCTTTATA-1,151669,Br5595,L3,2,62,2750,7420
151669_ACAATGAATACGGAGA-1,151669,Br5595,L6,57,31,9333,5272
151669_ACAATTTGGCCATATT-1,151669,Br5595,L3,43,123,7670,11609
151669_ACACAAAGACGGGTGG-1,151669,Br5595,L3,24,56,5384,7002
151669_ACACACCAGGACCAGT-1,151669,Br5595,L4,44,90,7785,9337
151669_ACACATGATCAAATCT-1,151669,Br5595,L5,60,16,9690,4239
151669_ACACCACATAATTAGC-1,151669,Br5595,L3,31,117,6231,11199
151669_ACACCCAGCATGCAGC-1,151669,Br5595,L3,24,50,5383,6589
151669_ACACCTTAAGTAGGGC-1,151669,Br5595,L3,25,43,5502,6107
151669_ACACGGCACTATGCAT-1,151669,Br5595,L3,7,71,3350,8039
151669_ACACGGGAACTTAGGG-1,151669,Br5595,L3,27,71,5745,8034
151669_ACACGTAGGCCACAAG-1,151669,Br5595,L5,58,110,9464,10711
151669_ACAGAACTGAGAACAA-1,151669,Br5595,L5,52,24,8733,4792
151669_ACAGTAATACAACTTG-1,151669,Br5595,L4,46,14,8013,4105
151669_ACAGTATACCGTGGGA-1,151669,Br5595,L3,19,119,4794,11340
151669_ACATCAGCTGGGACGC-1,151669,Br5595,L3,32,12,6336,3971
151669_ACATCGGTCAGCCGCG-1,151669,Br5595,L4,41,37,7418,5689
151669_ACCAACGCTTATTTAT-1,151669,Br5595,L6,53,49,8857,6513
151669_ACCAAGAACGCGTGTC-1,151669,Br5595,L3,17,49,4544,6522
151669_ACCAGTGCGGGAGACG-1,151669,Br5595,L4,48,94,8264,9612
151669_ACCATCCGCCAACTAG-1,151669,Br5595,L4,44,12,7773,3968
151669_ACCCAACGCCCGTGGC-1,151669,Br5595,L3,30,86,6107,9066
151669_ACCCGGAGCACCACAA-1,151669,Br5595,L4,59,123,9586,11605
151669_ACCCGGTTACACTTCC-1,151669,Br5595,L5,42,48,7539,6446
151669_ACCCGTGTCATCAGTA-1,151669,Br5595,L6,58,54,9456,6856
151669_ACCCTATAGGACTGAG-1,151669,Br5595,L3,12,20,3941,4526
151669_ACCGAAAGGGCCCTGC-1,151669,Br5595,L3,9,53,3587,6799
151669_ACCGGGCCTTTGTTGA-1,151669,Br5595,L4,46,98,8025,9888
151669_ACCTAAGTACCTTTCA-1,151669,Br5595,L5,50,30,8495,5205
151669_ACCTACAGTATGTGGT-1,151669,Br5595,L3,41,113,7429,10921
151669_ACCTCCGTTATTCACC-1,151669,Br5595,L3,34,112,6590,10854
151669_ACGATACATAGAACTA-1,151669,Br5595,L3,22,80,5148,8654
151669_ACGATGGATCCGATGC-1,151669,Br5595,L3,10,70,3709,7969
151669_ACGCCAGATGATTTCT-1,151669,Br5595,L3,17,73,4548,8174
151669_ACGCCGCTAGACGACC-1,151669,Br5595,L4,43,71,7662,8030
151669_ACGCGAAGTCAGACGA-1,151669,Br5595,L5,49,59,8379,7202
151669_ACGCGCTACACAGGGT-1,151669,Br5595,L4,41,31,7417,5276
151669_ACGCTTAGTGTCTCTC-1,151669,Br5595,L3,3,81,2872,8728
151669_ACGGAATTTAGCAAAT-1,151669,Br5595,L3,15,27,4302,5008
151669_ACGGAGCGCAAATTAC-1,151669,Br5595,L3,18,108,4673,10583
151669_ACGGCACTTGCTTGGG-1,151669,Br5595,L6,52,60,8738,7270
151669_ACGGCCAACATGGACT-1,151669,Br5595,L6,53,55,8858,6926
151669_ACGGGCGTATGCGACA-1,151669,Br5595,L3,24,118,5393,11270
151669_ACGTAGATTGCTGATG-1,151669,Br5595,L3,33,67,6464,7757
151669_ACGTTCGTTCAGGAAA-1,151669,Br5595,WM,60,44,9694,6167
151669_ACTAAGGACGCACACC-1,151669,Br5595,L3,11,127,3837,11893
151669_ACTACATCCCGACAAG-1,151669,Br5595,L6,63,17,10050,4307
151669_ACTACGCGTTAGAATT-1,151669,Br5595,WM,60,56,9696,6993
151669_ACTCAGACCTGCTTCT-1,151669,Br5595,L3,9,43,3585,6111
151669_ACTCCCTAATGCTAAA-1,151669,Br5595,L6,57,69,9339,7888
151669_ACTCGTCAGTAATCCC-1,151669,Br5595,L3,36,78,6825,8513
151669_ACTCTCTGACTTAGGT-1,151669,Br5595,L4,42,78,7543,8512
151669_ACTCTCTTATACACGA-1,151669,Br5595,L3,8,84,3471,8933
151669_ACTGTATACGCGAGCA-1,151669,Br5595,L3,10,36,3704,5628
151669_ACTGTCCAGGATTATA-1,151669,Br5595,L3,33,55,6462,6931
151669_ACTGTCTTCTTTAGAA-1,151669,Br5595,L3,30,64,6104,7551
151669_ACTTACCGGGCGCGCA-1,151669,Br5595,L3,11,95,3832,9690
151669_ACTTACGCATCCACGC-1,151669,Br5595,L6,58,78,9460,8508
151669_ACTTAGTACGACAAGA-1,151669,Br5595,L3,14,32,4183,5352
151669_ACTTCGCTAGCGAGTG-1,151669,Br5595,L3,31,127,6233,11888
151669_AGAACCCAGCGTGACA-1,151669,Br5595,L3,44,124,7789,11678
151669_AGAAGGTTGCCGAATT-1,151669,Br5595,L5,42,44,7538,6171
151669_AGACAGGCATCTCAGC-1,151669,Br5595,L3,55,125,9107,11744
151669_AGACCAAACCACACCT-1,151669,Br5595,L5,51,9,8611,3759
151669_AGACCCGCCCTCCTCG-1,151669,Br5595,L3,26,56,5623,7001
151669_AGACGGGATTGGTATA-1,151669,Br5595,L3,1,79,2632,8591
151669_AGAGATCTCTAAAGCG-1,151669,Br5595,L4,40,18,7295,4382
151669_AGAGCGCTTGTAACGG-1,151669,Br5595,L3,19,127,4795,11891
151669_AGAGCGGGCTAATCAT-1,151669,Br5595,L3,16,64,4427,7555
151669_AGAGCGTACAAGCTCG-1,151669,Br5595,L3,24,28,5380,5074
151669_AGATACCAGCACTTCA-1,151669,Br5595,L3,16,118,4435,11272
151669_AGATGACTCGCCCACG-1,151669,Br5595,L3,21,55,5024,6934
151669_AGATTCACAACCGATA-1,151669,Br5595,L5,53,13,8851,4034
151669_AGCAAAGGCCGCTAGT-1,151669,Br5595,WM,60,72,9698,8094
151669_AGCATCATTTCGAAAG-1,151669,Br5595,L5,53,19,8852,4447
151669_AGCATCGTCGATAATT-1,151669,Br5595,L3,22,52,5144,6727
151669_AGCCACAGGTTACCCG-1,151669,Br5595,L6,63,89,10060,9264
151669_AGCCCGGTAGCCTGTA-1,151669,Br5595,WM,61,49,9815,6511
151669_AGCGACAGGAACGGTC-1,151669,Br5595,L5,51,37,8615,5687
151669_AGCGACCAACGATATT-1,151669,Br5595,L3,25,55,5504,6933
151669_AGCGCGGGTGCCAATG-1,151669,Br5595,L3,24,92,5389,9480
151669_AGCGGACACTTCGTAG-1,151669,Br5595,WM,62,62,9937,7405
151669_AGCGGGTCTGACACTC-1,151669,Br5595,WM,66,66,10416,7680
151669_AGCGGTTGCCGCTCTG-1,151669,Br5595,L3,18,116,4674,11134
151669_AGCGTCTGAACCCGCA-1,151669,Br5595,L3,6,36,3225,5629
151669_AGCTATTTAATCCAAC-1,151669,Br5595,L3,16,74,4428,8243
151669_AGCTCCTTCGCACATC-1,151669,Br5595,L5,52,86,8742,9060
151669_AGCTCGTTGATGGAAA-1,151669,Br5595,L3,16,124,4435,11685
151669_AGCTCTAGACGTTCCA-1,151669,Br5595,L3,38,76,7064,8375
151669_AGCTCTTTACTCAGTT-1,151669,Br5595,L4,41,45,7419,6240
151669_AGCTTATAGAGACCTG-1,151669,Br5595,L3,5,47,3107,6387
151669_AGGAAGCTGTCCGCCG-1,151669,Br5595,WM,61,65,9817,7612
151669_AGGACAGTCGAATCCC-1,151669,Br5595,L4,43,85,7664,8993
151669_AGGACGACCCATTAGA-1,151669,Br5595,L5,43,45,7658,6240
151669_AGGACGCTCGATGTTG-1,151669,Br5595,L3,18,98,4671,9895
151669_AGGAGACATCCACAGT-1,151669,Br5595,L3,24,122,5393,11545
151669_AGGAGGCCTTCGCGCG-1,151669,Br5595,L5,52,98,8744,9886
151669_AGGCAGATGCGTAAAC-1,151669,Br5595,L3,26,86,5628,9067
151669_AGGCGTCTATGGACGG-1,151669,Br5595,L3,16,112,4434,10859
151669_AGGCTTCCCGAAGAAG-1,151669,Br5595,L5,50,42,8496,6031
151669_AGGGCAGCGGCGTGGT-1,151669,Br5595,L3,8,74,3470,8245
151669_AGGGCGTGATCGGCTA-1,151669,Br5595,L3,17,45,4544,6246
151669_AGGGTTTAGTTCGGGA-1,151669,Br5595,L3,33,63,6463,7481
151669_AGGTCAGGTGAGAGTG-1,151669,Br5595,L4,46,20,8014,4518
151669_AGGTCGCCTCCCAACA-1,151669,Br5595,L4,61,121,9825,11467
151669_AGGTGGTGACCTTCGC-1,151669,Br5595,WM,64,56,10175,6992
151669_AGGTTGAGGCACGCTT-1,151669,Br5595,L3,22,74,5147,8241
151669_AGGTTTCACACACCTT-1,151669,Br5595,L4,41,67,7422,7755
151669_AGTAACGTTCATCCTG-1,151669,Br5595,L3,5,91,3113,9416
151669_AGTACATCATTTATCA-1,151669,Br5595,L3,29,109,5991,10649
151669_AGTACGGCCCGTATCG-1,151669,Br5595,L3,35,11,6695,3901
151669_AGTACTCTTATGCCCA-1,151669,Br5595,L5,56,88,9222,9197
151669_AGTAGCGTGAACGAAC-1,151669,Br5595,L3,2,72,2751,8109
151669_AGTAGCTAGACGCCGA-1,151669,Br5595,L3,4,102,2995,10174
151669_AGTAGGTAACATACAT-1,151669,Br5595,L3,13,51,4066,6660
151669_AGTCAACACCACCATC-1,151669,Br5595,L4,41,47,7419,6378
151669_AGTCAAGATGACACTT-1,151669,Br5595,L4,48,90,8264,9336
151669_AGTCACTAGCTCTCGA-1,151669,Br5595,L5,55,99,9103,9954
151669_AGTCAGCCACCGCCTG-1,151669,Br5595,L3,16,28,4422,5076
151669_AGTCCATTGGCTGATG-1,151669,Br5595,L3,42,100,7546,10026
151669_AGTCGGCCCAAACGAC-1,151669,Br5595,L3,25,39,5501,5831
151669_AGTCGTATAAAGCAGA-1,151669,Br5595,WM,65,81,10299,8712
151669_AGTCGTCGACCACCAA-1,151669,Br5595,L5,57,91,9342,9403
151669_AGTCTTCTCCTCAAAT-1,151669,Br5595,L3,24,66,5385,7690
151669_AGTGACCTACTTTACG-1,151669,Br5595,L5,44,52,7779,6721
151669_AGTGAGGGTTTCTGAC-1,151669,Br5595,L3,8,88,3472,9209
151669_AGTGATTCAAGCAGGA-1,151669,Br5595,L3,33,87,6466,9134
151669_AGTGCTAAACACAGCA-1,151669,Br5595,L6,61,91,9821,9402
151669_AGTGCTTGCACGAATA-1,151669,Br5595,L3,41,89,7425,9269
151669_AGTTAAGTCAACCGCT-1,151669,Br5595,L5,51,25,8614,4861
151669_AGTTACCGCACATGGT-1,151669,Br5595,L3,26,14,5617,4110
151669_AGTTCCTATTTATGTT-1,151669,Br5595,L4,43,65,7661,7617
151669_AGTTCTGCGTTGTATC-1,151669,Br5595,L3,13,19,4061,4457
151669_AGTTTCGCAGGTCGGA-1,151669,Br5595,L3,12,62,3947,7418
151669_AGTTTGCACCTGCCTC-1,151669,Br5595,L6,58,74,9459,8232
151669_ATAAACGTTGCACCAC-1,151669,Br5595,L5,57,107,9344,10504
151669_ATAACGCCGGAGGGTC-1,151669,Br5595,L3,35,81,6705,8720
151669_ATAACGGAGTCCAACG-1,151669,Br5595,L3,25,75,5506,8310
151669_ATAAGGTGGAGAACAT-1,151669,Br5595,L5,50,72,8501,8097
151669_ATACCAGGCTAATAGA-1,151669,Br5595,L3,9,55,3587,6937
151669_ATACCTAACCAAGAAA-1,151669,Br5595,L6,58,64,9458,7544
151669_ATACGTTATGCACGGA-1,151669,Br5595,WM,63,63,10057,7474
151669_ATACTGCCTTACACCG-1,151669,Br5595,L6,58,84,9461,8921
151669_ATAGACAACGGGACCT-1,151669,Br5595,L3,28,92,5868,9479
151669_ATAGACGAAGAGAAAG-1,151669,Br5595,L3,33,45,6460,6242
151669_ATAGGCTAGCTTCGCA-1,151669,Br5595,L3,25,97,5510,9824
151669_ATAGTGAAGCGTTCTC-1,151669,Br5595,L4,41,57,7420,7066
151669_ATATACGCTCGTGACG-1,151669,Br5595,L5,62,108,9943,10572
151669_ATATCGTGCCAGACCC-1,151669,Br5595,L3,3,79,2872,8590
151669_ATATTCAGTTAAACCT-1,151669,Br5595,L5,44,40,7777,5895
151669_ATCAGCTCGTCCACTA-1,151669,Br5595,L5,49,15,8373,4173
151669_ATCAGTAGGCAGGGAT-1,151669,Br5595,L3,23,87,5269,9136
151669_ATCATAGCCCTATGTA-1,151669,Br5595,L5,62,106,9943,10434
151669_ATCATCCAATATTTGT-1,151669,Br5595,L4,39,59,7181,7205
151669_ATCATGGACTACCGAC-1,151669,Br5595,L3,44,126,7790,11816
151669_ATCCAACGCAGTCATA-1,151669,Br5595,L3,25,37,5501,5694
151669_ATCCAATGGAGGGTCC-1,151669,Br5595,L4,43,27,7656,5001
151669_ATCCAGAGCAACAACC-1,151669,Br5595,L5,50,52,8498,6720
151669_ATCCAGGATTCGTGAA-1,151669,Br5595,L4,40,46,7299,6309
151669_ATCGTTAGCTAGCGGA-1,151669,Br5595,L5,58,98,9463,9885
151669_ATCGTTCACTTTCGCC-1,151669,Br5595,L3,10,94,3712,9621
151669_ATCTCCCACGGAATAT-1,151669,Br5595,L5,60,108,9704,10572
151669_ATCTGACATGGAAGGA-1,151669,Br5595,WM,63,41,10053,5959
151669_ATCTGATAGTGTCTTA-1,151669,Br5595,L3,16,12,4419,3975
151669_ATCTTATCGCACACCC-1,151669,Br5595,L6,64,104,10182,10296
151669_ATCTTGACCTGCAACG-1,151669,Br5595,L3,26,44,5622,6175
151669_ATGAAGCCAAGGAGCC-1,151669,Br5595,L3,22,46,5143,6314
151669_ATGACGCCGGCTCTAA-1,151669,Br5595,L3,16,58,4426,7141
151669_ATGACGCGTTCTATCC-1,151669,Br5595,L5,52,30,8734,5205
151669_ATGACTATCAGCTGTG-1,151669,Br5595,WM,63,43,10054,6097
151669_ATGAGGGCAGCGGCTA-1,151669,Br5595,L3,42,120,7549,11403
151669_ATGCCGGTTGATGGGA-1,151669,Br5595,L3,19,83,4789,8862
151669_ATGCGACAGTCCCATT-1,151669,Br5595,L3,35,71,6704,8032
151669_ATGCGAGTCCCACCAC-1,151669,Br5595,L4,48,104,8266,10300
151669_ATGCTTAGGAGTTGAT-1,151669,Br5595,L5,56,112,9225,10849
151669_ATGGCGGAATAGTCGC-1,151669,Br5595,L3,34,124,6592,11681
151669_ATGGCTGGAAATGGCC-1,151669,Br5595,L3,9,93,3593,9553
151669_ATGTGAAAGCCTAATG-1,151669,Br5595,L5,46,22,8014,4656
151669_ATGTGTAGTTTAGTCA-1,151669,Br5595,L3,5,59,3108,7213
151669_ATTAATACTACGCGGG-1,151669,Br5595,L3,22,66,5146,7691
151669_ATTAGGCGATGCTTTC-1,151669,Br5595,L3,37,71,6943,8031
151669_ATTATGAGACCCAATT-1,151669,Br5595,L6,66,12,10408,3962
151669_ATTCAGTAGCAGGGTC-1,151669,Br5595,L3,27,25,5739,4867
151669_ATTCCTAAGACGTGGA-1,151669,Br5595,L3,15,107,4313,10515
151669_ATTCCTCCGCCAGTGC-1,151669,Br5595,L3,23,39,5262,5832
151669_ATTCGACGCCGGGCCT-1,151669,Br5595,L3,36,26,6817,4933
151669_ATTCTCGTCTCTTTAG-1,151669,Br5595,L3,11,51,3826,6661
151669_ATTCTGAGTATGAACT-1,151669,Br5595,L3,6,86,3232,9072
151669_ATTGACGTAACTCGGT-1,151669,Br5595,L3,8,72,3470,8107
151669_ATTGCCTATTAGACCG-1,151669,Br5595,WM,67,25,10530,4857
151669_ATTGGGAATATCTTGG-1,151669,Br5595,L3,12,52,3946,6729
151669_ATTTGTCTTGGGAGCT-1,151669,Br5595,L3,40,84,7305,8925
151669_CAAACGGTCGCACTTT-1,151669,Br5595,L3,30,40,6100,5899
151669_CAAACGTGGTCTTGCG-1,151669,Br5595,L3,4,78,2991,8521
151669_CAAACTATTGAGCTTC-1,151669,Br5595,L3,11,75,3829,8313
151669_CAAAGGTCATCTGAAA-1,151669,Br5595,L3,46,124,8029,11677
151669_CAAATTGTCAGCAAGC-1,151669,Br5595,L3,13,67,4068,7762
151669_CAACACATCTCCTGCC-1,151669,Br5595,L3,32,120,6351,11406
151669_CAACCAGTGGCCTACC-1,151669,Br5595,L5,61,115,9825,11054
151669_CAACGGTTCTTGATAC-1,151669,Br5595,L3,18,38,4663,5764
151669_CAACTCCTTGATCCCG-1,151669,Br5595,L3,18,46,4664,6315
151669_CAACTGCTCATCCGAT-1,151669,Br5595,WM,59,55,9576,6924
151669_CAAGCACCAAATGCCT-1,151669,Br5595,L3,18,66,4667,7692
151669_CAATAAACCTTGGCCC-1,151669,Br5595,L3,26,74,5626,8240
151669_CAATATTGGACTAGTG-1,151669,Br5595,L3,8,18,3462,4390
151669_CAATCCATTATCCGTT-1,151669,Br5595,L3,0,100,2515,10037
151669_CAATCCCTATACCAGC-1,151669,Br5595,L3,12,88,3951,9208
151669_CAATGAGGTTCGACTA-1,151669,Br5595,L3,29,119,5992,11338
151669_CACACACGCTAACGAG-1,151669,Br5595,L5,55,103,9104,10230
151669_CACACGCGCTGTCTTA-1,151669,Br5595,L3,33,89,6467,9271
151669_CACAGAGACGAGGACG-1,151669,Br5595,L6,64,20,10170,4513
151669_CACAGCTAGGGAGTGA-1,151669,Br5595,L3,20,60,4905,7278
151669_CACAGTTCGCTTCCCA-1,151669,Br5595,L4,54,114,8986,10987
151669_CACATCGTGCACGCGC-1,151669,Br5595,L6,60,38,9694,5754
151669_CACATTCTTTCGATGG-1,151669,Br5595,L3,18,90,4670,9344
151669_CACCAGTCAGCATGCA-1,151669,Br5595,L6,60,22,9691,4652
151669_CACCCTTTCCTCGCTC-1,151669,Br5595,L3,8,40,3465,5904
151669_CACCGTTAGGGATCAC-1,151669,Br5595,L6,53,37,8855,5686
151669_CACCTAATAGAGTCGT-1,151669,Br5595,L3,17,25,4541,4869
151669_CACCTAATCAGTTTAC-1,151669,Br5595,L3,20,72,4907,8104
151669_CACGACTAAAGTTCTG-1,151669,Br5595,L3,3,49,2867,6525
151669_CACGCACAGCGCAGCT-1,151669,Br5595,L3,24,72,5386,8103
151669_CACGCGGAACTGTTGC-1,151669,Br5595,L3,42,98,7546,9889
151669_CACGGGATTGAGGGTT-1,151669,Br5595,L3,31,11,6216,3902
151669_CACGTCTATGATGTGG-1,151669,Br5595,L3,7,95,3353,9691
151669_CACTAAAGTTGCCTAT-1,151669,Br5595,L3,35,51,6701,6655
151669_CACTACGGGAGCTGCC-1,151669,Br5595,L5,59,107,9584,10504
151669_CACTACTCAGTTCTGT-1,151669,Br5595,L3,5,75,3111,8315
151669_CACTCAAGAGCTATGG-1,151669,Br5595,L4,39,57,7181,7067
151669_CACTCAGCTCTTGAGG-1,151669,Br5595,L3,11,71,3829,8038
151669_CACTCCTCTCGGTCGG-1,151669,Br5595,L3,15,87,4310,9138
151669_CACTGTCCAAGTGAGA-1,151669,Br5595,L3,19,43,4783,6108
151669_CACTTAATCAGACGGA-1,151669,Br5595,L3,34,48,6581,6449
151669_CAGAACTTAGCCCTCT-1,151669,Br5595,L5,53,85,8862,8991
151669_CAGAATAACACACGGA-1,151669,Br5595,L5,55,111,9105,10780
151669_CAGACCTGTAAGTGTT-1,151669,Br5595,L3,31,99,6229,9960
151669_CAGATACTAACATAGT-1,151669,Br5595,L3,26,46,5622,6313
151669_CAGATATGAAGATGAC-1,151669,Br5595,L6,67,19,10529,4444
151669_CAGATCATTTAAAGTC-1,151669,Br5595,L3,22,108,5152,10582
151669_CAGCAGTCTGTGCTGC-1,151669,Br5595,WM,62,74,9938,8231
151669_CAGCCCTCACAGGCAG-1,151669,Br5595,L3,3,63,2869,7489
151669_CAGCCTCCTGCAGAGG-1,151669,Br5595,L3,23,77,5267,8448
151669_CAGCCTCTCCTCAAGA-1,151669,Br5595,L3,15,95,4312,9689
151669_CAGCTCACTGAGACAT-1,151669,Br5595,L3,33,59,6462,7206
151669_CAGGAAGACTTTATAT-1,151669,Br5595,L3,13,85,4070,9001
151669_CAGGCAGTCTTACCAG-1,151669,Br5595,L6,65,85,10299,8988
151669_CAGGCGCACGGTGGTC-1,151669,Br5595,L6,56,28,9213,5066
151669_CAGTACATTCTCTAAA-1,151669,Br5595,L3,20,102,4911,10170
151669_CAGTACCAGTTTACGT-1,151669,Br5595,L5,48,18,8253,4380
151669_CAGTGTCCGCAGAATG-1,151669,Br5595,L3,15,37,4303,5696
151669_CAGTGTCGGCTGGCCC-1,151669,Br5595,L5,52,92,8743,9473
151669_CAGTTCCGCGGGTCGA-1,151669,Br5595,L3,26,26,5619,4936
151669_CATACGAACTAGCTGG-1,151669,Br5595,WM,65,31,10291,5270
151669_CATAGTAGCATAGTAG-1,151669,Br5595,L3,19,45,4783,6246
151669_CATAGTCCACAAGAAC-1,151669,Br5595,L5,45,31,7896,5275
151669_CATATGTCAGGCTACG-1,151669,Br5595,L5,48,24,8254,4793
151669_CATCCAATATAGTTTG-1,151669,Br5595,L6,66,18,10409,4375
151669_CATCGTCCGGTTACTA-1,151669,Br5595,L3,23,11,5258,3904
151669_CATCTAGTGAAGGGAA-1,151669,Br5595,L3,45,121,7909,11471
151669_CATGACTTCGCTGAAT-1,151669,Br5595,L3,40,106,7308,10440
151669_CATGATGCACAATTCT-1,151669,Br5595,L3,21,69,5026,7897
151669_CATGATGGAAGTTAGC-1,151669,Br5595,L3,45,103,7906,10232
151669_CATGGTCTAGATACCG-1,151669,Br5595,L3,26,66,5625,7690
151669_CATGTAGGAGCGCCAA-1,151669,Br5595,L3,15,111,4314,10790
151669_CATTCACTGACAGCTA-1,151669,Br5595,L3,5,67,3110,7764
151669_CATTGTGTGCTAGATC-1,151669,Br5595,L3,13,15,4060,4182
151669_CCAACCTTATGTAACT-1,151669,Br5595,WM,67,41,10532,5958
151669_CCAATTACGGGTCGAG-1,151669,Br5595,L3,19,93,4790,9550
151669_CCACCCAAGGAAAGTG-1,151669,Br5595,L3,37,75,6944,8306
151669_CCACGGAGCCATAAGA-1,151669,Br5595,L5,47,27,8135,5000
151669_CCAGCTACGCCTCATA-1,151669,Br5595,L3,9,35,3584,5560
151669_CCAGTCTAGACGGCGC-1,151669,Br5595,L3,24,86,5388,9067
151669_CCATACCTTTACTTGT-1,151669,Br5595,L3,30,102,6109,10167
151669_CCATCGCAGTTAAACT-1,151669,Br5595,L5,50,62,8499,7408
151669_CCATGCTCTGCAGGAA-1,151669,Br5595,L3,21,43,5023,6108
151669_CCATGGCCCTTGTACC-1,151669,Br5595,L3,32,22,6337,4659
151669_CCATTGTTTCCTCCAT-1,151669,Br5595,L3,29,123,5993,11613
151669_CCCAAGACAGAGTATG-1,151669,Br5595,L3,4,50,2987,6594
151669_CCCAATTTCACAACTT-1,151669,Br5595,L4,39,33,7177,5415
151669_CCCGGGTCGTTCAGGG-1,151669,Br5595,WM,65,57,10295,7060
151669_CCCGTTTCGCAGATGT-1,151669,Br5595,L4,52,106,8745,10437
151669_CCCTAGTGTCAGGTGT-1,151669,Br5595,L3,10,20,3702,4527
151669_CCCTGAAATGAGTTGA-1,151669,Br5595,L3,31,39,6220,5830
151669_CCCTGACTAACAAATT-1,151669,Br5595,L3,38,12,7055,3969
151669_CCGAACACTGGGCCTC-1,151669,Br5595,L4,44,18,7774,4381
151669_CCGACGTAAACACAAC-1,151669,Br5595,L3,13,97,4072,9827
151669_CCGACTCGCATAGTCT-1,151669,Br5595,L3,4,76,2991,8384
151669_CCGATCTCAACCTTAT-1,151669,Br5595,L3,37,101,6948,10096
151669_CCGCACACGAACGTGT-1,151669,Br5595,L3,45,123,7909,11609
151669_CCGCCACCACAATCCA-1,151669,Br5595,L3,4,66,2990,7695
151669_CCGCCGGAACTTCTCG-1,151669,Br5595,L5,54,12,8971,3965
151669_CCGCTGGTGCCATTCA-1,151669,Br5595,L3,6,74,3230,8245
151669_CCGCTTACCTCACTCT-1,151669,Br5595,L5,47,35,8136,5550
151669_CCGGGCTGCTCCATAC-1,151669,Br5595,L3,36,86,6826,9064
151669_CCGGGTTCGAGGTTAC-1,151669,Br5595,L4,38,32,7057,5346
151669_CCGGTTTGTAATTGTG-1,151669,Br5595,L6,56,42,9215,6030
151669_CCGTAAGTTGGTCCCA-1,151669,Br5595,L3,33,77,6465,8445
151669_CCGTACCCAAGCGCCA-1,151669,Br5595,L3,12,34,3943,5490
151669_CCGTGAGGCATTCATG-1,151669,Br5595,L3,36,120,6831,11405
151669_CCTACTGCGGCGGCCA-1,151669,Br5595,L3,22,126,5154,11821
151669_CCTCACCTGAGGGAGC-1,151669,Br5595,L3,28,102,5870,10167
151669_CCTCCCGACAATCCCT-1,151669,Br5595,L3,9,63,3588,7487
151669_CCTCGCGCTGTGCGAT-1,151669,Br5595,L6,57,59,9337,7200
151669_CCTCGGACCGGGATAG-1,151669,Br5595,L4,41,85,7424,8994
151669_CCTCTAATCTGCCAAG-1,151669,Br5595,L3,23,73,5267,8172
151669_CCTCTGGCCTAGACGG-1,151669,Br5595,L3,15,75,4309,8312
151669_CCTGAACGATATATTC-1,151669,Br5595,L3,37,85,6945,8995
151669_CCTGGCTAGACCCGCC-1,151669,Br5595,L3,29,43,5981,6106
151669_CCTGTGCGGATTGTAA-1,151669,Br5595,L3,3,99,2875,9967
151669_CCTTCAGTTAAAGTGA-1,151669,Br5595,WM,61,47,9815,6373
151669_CCTTGACCACTTTATT-1,151669,Br5595,L5,55,109,9105,10643
151669_CGAAGGGTTTCAGATT-1,151669,Br5595,L6,66,14,10409,4100
151669_CGAATGAAGTCATTGC-1,151669,Br5595,L6,62,20,9931,4514
151669_CGAATGACGCATAATG-1,151669,Br5595,WM,63,57,10056,7061
151669_CGAATTACATGGTGTT-1,151669,Br5595,L3,2,94,2754,9623
151669_CGACACGCTCCGACAG-1,151669,Br5595,L4,46,94,8025,9612
151669_CGACATGCGATCTTCT-1,151669,Br5595,L3,8,64,3469,7557
151669_CGACGCATCCGTACCT-1,151669,Br5595,L5,50,10,8492,3828
151669_CGAGAGATGTGAACCT-1,151669,Br5595,L3,29,73,5985,8171
151669_CGAGAGCTTTCACTAC-1,151669,Br5595,L6,64,88,10180,9195
151669_CGAGTTCTGTCCCACC-1,151669,Br5595,L3,27,85,5747,8997
151669_CGATCATTAGAGGCAC-1,151669,Br5595,L3,12,122,3956,11548
151669_CGATCCGACCCAGTGC-1,151669,Br5595,L4,38,50,7060,6585
151669_CGATGGACCCTACGCC-1,151669,Br5595,L3,22,96,5150,9756
151669_CGCAGAAACATTTGCG-1,151669,Br5595,L3,8,58,3468,7143
151669_CGCAGATCTTCACCCG-1,151669,Br5595,L3,25,113,5512,10926
151669_CGCATGGTGCGATGCT-1,151669,Br5595,L4,40,66,7302,7686
151669_CGCATTAGCTAATAGG-1,151669,Br5595,L3,27,57,5743,7070
151669_CGCCGTTCAGCATAGT-1,151669,Br5595,L5,58,104,9464,10298
151669_CGCGCATGTTTGATTG-1,151669,Br5595,L5,50,54,8498,6858
151669_CGCGCCCGACTTAATA-1,151669,Br5595,L3,21,75,5027,8311
151669_CGCGGCTCAACTTGAA-1,151669,Br5595,L3,43,97,7666,9819
151669_CGCGGTAAGTCTAGCT-1,151669,Br5595,L3,30,118,6112,11268
151669_CGCGGTACGGTATACA-1,151669,Br5595,L5,62,118,9945,11260
151669_CGCTGAGGACGTCCAA-1,151669,Br5595,L3,4,40,2986,5905
151669_CGCTTCCACTGAAATC-1,151669,Br5595,L3,18,42,4663,6040
151669_CGGAAAGAATCAAACG-1,151669,Br5595,L6,58,48,9455,6442
151669_CGGAGCTTATAACACC-1,151669,Br5595,L3,10,86,3711,9071
151669_CGGAGTCCTAACCTGG-1,151669,Br5595,L3,0,102,2516,10175
151669_CGGCAATAAGATCGCC-1,151669,Br5595,L5,54,108,8985,10574
151669_CGGCACCGTTAGCGCC-1,151669,Br5595,L3,11,89,3831,9277
151669_CGGCGCCATCAATCCC-1,151669,Br5595,L6,59,93,9582,9540
151669_CGGCTCTAAAGCTGCA-1,151669,Br5595,L3,46,110,8027,10714
151669_CGGGAGCTTCAGTGTA-1,151669,Br5595,L5,49,91,8384,9405
151669_CGGGCCATAGCCGCAC-1,151669,Br5595,L3,14,18,4181,4388
151669_CGGGCCTTCTTTGTAA-1,151669,Br5595,L4,41,55,7420,6929
151669_CGGGTGTACCCATTTA-1,151669,Br5595,L3,32,86,6347,9065
151669_CGGGTTTGTTAGGGCT-1,151669,Br5595,L5,56,114,9225,10987
151669_CGGTCAAGTGGGAACC-1,151669,Br5595,L3,26,80,5627,8653
151669_CGGTGCAGATAGAACG-1,151669,Br5595,L4,42,36,7537,5620
151669_CGGTGGGCTCCAGCCT-1,151669,Br5595,L3,15,99,4312,9964
151669_CGGTTCCGGCTTCTTG-1,151669,Br5595,L3,9,29,3583,5147
151669_CGTACCTGATAGGCCT-1,151669,Br5595,L3,22,68,5146,7828
151669_CGTAGAGAGTAATTAT-1,151669,Br5595,WM,67,87,10539,9125
151669_CGTAGCGCCGACGTTG-1,151669,Br5595,L3,7,53,3347,6800
151669_CGTCAGCTATTTACTC-1,151669,Br5595,L3,17,11,4539,3906
151669_CGTCAGTTTATCGTCT-1,151669,Br5595,L3,2,60,2749,7283
151669_CGTGCTGGCCTAGTCG-1,151669,Br5595,L3,9,19,3582,4458
151669_CGTGGAAGCCTCGTAC-1,151669,Br5595,L3,48,120,8268,11402
151669_CGTTGAGCGACCGTCG-1,151669,Br5595,L4,44,74,7782,8236
151669_CGTTGTAAGATTGATT-1,151669,Br5595,L3,26,108,5631,10581
151669_CGTTGTCGGCAATTGA-1,151669,Br5595,WM,64,66,10177,7680
151669_CGTTGTTTCAATTCCC-1,151669,Br5595,L3,34,40,6579,5898
151669_CGTTTCGCTCATTACA-1,151669,Br5595,L3,35,49,6701,6517
151669_CTAAACGGGTGTAATC-1,151669,Br5595,L3,4,42,2986,6043
151669_CTAAATCCGGTGTACA-1,151669,Br5595,L6,61,35,9813,5547
151669_CTAACGAAACTTGCTG-1,151669,Br5595,L3,30,94,6108,9616
151669_CTAATTTCAACAACAC-1,151669,Br5595,L3,21,27,5020,5006
151669_CTACGAACTAGGTCGA-1,151669,Br5595,L3,5,73,3110,8177
151669_CTACGTGTTGCCACCA-1,151669,Br5595,L3,6,24,3223,4803
151669_CTACTATCTTTCAGAG-1,151669,Br5595,L3,29,93,5988,9548
151669_CTACTCAAGGTATAGT-1,151669,Br5595,L6,60,42,9694,6029
151669_CTACTGCCACCTGACC-1,151669,Br5595,L3,27,63,5744,7483
151669_CTAGCCGATGTTATGA-1,151669,Br5595,L3,23,101,5271,10100
151669_CTAGTAGAAAGGGATT-1,151669,Br5595,WM,63,81,10059,8713
151669_CTAGTTGGGCCCGGTA-1,151669,Br5595,L3,26,68,5625,7827
151669_CTATAGGCGTTGATGT-1,151669,Br5595,WM,62,38,9933,5753
151669_CTATCGGGTCTCAACA-1,151669,Br5595,L3,35,69,6703,7894
151669_CTATGGGAAGCGGAAT-1,151669,Br5595,L5,54,104,8984,10299
151669_CTATGTCTATTGAAAC-1,151669,Br5595,L3,11,55,3827,6936
151669_CTATGTGAGTCACGGC-1,151669,Br5595,L4,45,17,7894,4312
151669_CTATTCATGTGTCCCA-1,151669,Br5595,L6,52,62,8739,7408
151669_CTCAACTAACCCGGAT-1,151669,Br5595,L6,63,85,10060,8988
151669_CTCACTTGGCTGGTAA-1,151669,Br5595,L4,40,26,7296,4932
151669_CTCATGGCTCACAATC-1,151669,Br5595,L3,13,63,4067,7486
151669_CTCATGGTAATTTGCG-1,151669,Br5595,L5,50,26,8494,4930
151669_CTCCCAATGAGTCGCG-1,151669,Br5595,L4,51,115,8627,11057
151669_CTCCCTCCTTTCGATC-1,151669,Br5595,L5,51,23,8613,4723
151669_CTCCGCCCACATGAGG-1,151669,Br5595,L5,43,39,7657,5827
151669_CTCCTAAGTTATGTCT-1,151669,Br5595,L3,12,30,3943,5215
151669_CTCCTCCAGCTCACAC-1,151669,Br5595,WM,62,50,9935,6579
151669_CTCGAATGGAACGTAT-1,151669,Br5595,L3,6,100,3234,10035
151669_CTCGAGGTCGAACAGT-1,151669,Br5595,L3,29,59,5983,7207
151669_CTCGCATTGCATAGCC-1,151669,Br5595,L5,60,12,9690,3964
151669_CTCGCCGAATGTAGGG-1,151669,Br5595,WM,60,64,9697,7543
151669_CTCGGGATAACACCTA-1,151669,Br5595,L3,31,121,6232,11475
151669_CTCGTTTCTAATGTTT-1,151669,Br5595,L3,22,104,5151,10307
151669_CTCTACACTGGCGATT-1,151669,Br5595,L4,43,17,7654,4312
151669_CTCTAGCCCTCGGAAA-1,151669,Br5595,L6,66,90,10420,9332
151669_CTCTATTTGGCTGCAG-1,151669,Br5595,L5,48,68,8260,7822
151669_CTCTTCTGGAAGTTAG-1,151669,Br5595,WM,62,40,9933,5891
151669_CTGAATCCGAGACCTC-1,151669,Br5595,L5,47,53,8139,6789
151669_CTGAGCAAGTAACAAG-1,151669,Br5595,L3,15,25,4301,4870
151669_CTGCAAGCACGTTCCG-1,151669,Br5595,L5,61,111,9824,10779
151669_CTGCAGAGAATCAGAG-1,151669,Br5595,L6,61,101,9822,10090
151669_CTGCCTAGCCACCAAG-1,151669,Br5595,L3,8,80,3471,8658
151669_CTGCCTTTAATACCTT-1,151669,Br5595,L6,64,28,10171,5064
151669_CTGCCTTTCTAGTAAA-1,151669,Br5595,L6,63,93,10061,9539
151669_CTGCGTTACGATATAA-1,151669,Br5595,L3,16,90,4431,9344
151669_CTGGATTTACACTTGA-1,151669,Br5595,L5,49,55,8378,6927
151669_CTGGGTTGAGTTAAAG-1,151669,Br5595,L5,53,11,8851,3897
151669_CTGGTAACACATAGAA-1,151669,Br5595,L4,42,88,7545,9200
151669_CTGGTAACGAGCTCTT-1,151669,Br5595,L3,29,97,5989,9823
151669_CTGGTCCTAACTTGGC-1,151669,Br5595,L3,7,65,3349,7626
151669_CTGGTGAATGGGCCTA-1,151669,Br5595,L6,65,19,10290,4444
151669_CTGTATGGTGTAGAAA-1,151669,Br5595,L3,20,32,4901,5351
151669_CTGTGGTCGGGAGATA-1,151669,Br5595,L5,55,89,9102,9266
151669_CTGTTGTTCAGTCGTA-1,151669,Br5595,L6,67,21,10530,4581
151669_CTTAGTAGGCCTACAG-1,151669,Br5595,L3,32,102,6349,10166
151669_CTTAGTGTAGTAGCAT-1,151669,Br5595,L6,61,83,9820,8851
151669_CTTATGTTGACTACCA-1,151669,Br5595,L3,13,27,4062,5008
151669_CTTCAACTCCACTTGG-1,151669,Br5595,L6,59,77,9579,8439
151669_CTTCCGCTCCGTGAAG-1,151669,Br5595,L6,56,50,9216,6581
151669_CTTCTATTAATGCTAG-1,151669,Br5595,L6,51,47,8617,6375
151669_CTTGACCCGAAAGATA-1,151669,Br5595,L3,9,57,3587,7074
151669_CTTGAGGTTATCCCGA-1,151669,Br5595,L3,12,24,3942,4802
151669_CTTGGCCAAGCTGGGA-1,151669,Br5595,WM,61,57,9816,7061
151669_CTTTACCGAATAGTAG-1,151669,Br5595,L5,50,84,8502,8923
151669_CTTTGCATCGCTCTTG-1,151669,Br5595,L6,60,94,9702,9609
151669_GAAACATAGGAAACAG-1,151669,Br5595,L6,60,20,9691,4514
151669_GAAACCTATACAAATG-1,151669,Br5595,WM,60,52,9696,6717
151669_GAAATACCTGCTGGCT-1,151669,Br5595,L3,7,85,3352,9002
151669_GAAATATCACCATCAG-1,151669,Br5595,L3,33,23,6457,4728
151669_GAAATCGCGCGCAACT-1,151669,Br5595,L3,18,68,4667,7829
151669_GAAATGGGATGTAAAC-1,151669,Br5595,L3,13,17,4061,4320
151669_GAACAGATTACTAAAT-1,151669,Br5595,L6,57,71,9339,8026
151669_GAACCATCTGGGAGAC-1,151669,Br5595,L3,4,54,2988,6869
151669_GAACGACCGAATGATA-1,151669,Br5595,L3,19,63,4786,7485
151669_GAACGATAAGTTAAAG-1,151669,Br5595,L3,27,123,5753,11613
151669_GAACGTTAGGAAGACG-1,151669,Br5595,L3,33,15,6456,4177
151669_GAACTGTGGAGAGACA-1,151669,Br5595,WM,68,66,10656,7679
151669_GAACTTAGCGCCCGGT-1,151669,Br5595,L3,5,101,3115,10104
151669_GAAGGCTACCATTGTT-1,151669,Br5595,L3,25,119,5513,11339
151669_GAAGTCAGTTGCACTA-1,151669,Br5595,L6,52,58,8738,7132
151669_GAATAGCATTTAGGGT-1,151669,Br5595,L3,46,118,8028,11264
151669_GAATAGTGCTCGATTA-1,151669,Br5595,L6,60,36,9693,5616
151669_GAATATTCGGAGTCCC-1,151669,Br5595,L3,13,83,4070,8863
151669_GAATCGCCGGACACGG-1,151669,Br5595,L3,11,41,3825,5972
151669_GAATCTGAACATTCTC-1,151669,Br5595,L4,42,64,7541,7548
151669_GAATGCCGAAATGACC-1,151669,Br5595,L3,21,17,5019,4318
151669_GAATGTTGGGTAATCT-1,151669,Br5595,L3,23,69,5266,7897
151669_GAATTCACCCGGGTGT-1,151669,Br5595,L5,47,55,8139,6927
151669_GACAACGCAGCTTACG-1,151669,Br5595,L3,20,54,4904,6865
151669_GACACTGGAACCCGAT-1,151669,Br5595,L4,52,110,8746,10712
151669_GACAGCCAGACCTGAC-1,151669,Br5595,L4,42,86,7544,9062
151669_GACAGGCACACACTAT-1,151669,Br5595,L3,38,22,7056,4658
151669_GACCAGGTCATTCATA-1,151669,Br5595,L3,3,69,2870,7902
151669_GACCGTCAGGTCGTGA-1,151669,Br5595,L3,13,81,4070,8726
151669_GACCGTGCTGACGGTG-1,151669,Br5595,L4,40,52,7300,6722
151669_GACGACGATCCGCGTT-1,151669,Br5595,L6,52,70,8740,7958
151669_GACTAAGTAGGCTCAC-1,151669,Br5595,L3,27,43,5741,6106
151669_GACTACAATTGCTCGT-1,151669,Br5595,L3,8,82,3471,8796
151669_GACTAGGCCGTTAGGT-1,151669,Br5595,WM,66,78,10418,8506
151669_GACTCCTTCCAATTGA-1,151669,Br5595,L5,56,10,9210,3827
151669_GACTGCACCAGCCCAG-1,151669,Br5595,L4,46,80,8023,8648
151669_GAGAGGGCGCGAGGTT-1,151669,Br5595,L4,38,40,7059,5897
151669_GAGAGGTGCATTCTGG-1,151669,Br5595,L4,44,28,7776,5069
151669_GAGATCTGCTTGGCAT-1,151669,Br5595,L3,34,44,6580,6173
151669_GAGATCTGTCACTCCG-1,151669,Br5595,L3,30,74,6105,8239
151669_GAGATCTTCCATGACA-1,151669,Br5595,L4,45,77,7902,8442
151669_GAGCGCGCACGAGTAG-1,151669,Br5595,L5,49,93,8384,9543
151669_GAGGCCCGACTCCGCA-1,151669,Br5595,L5,55,23,9092,4722
151669_GAGGGAGTCAGATCGC-1,151669,Br5595,WM,65,41,10293,5959
151669_GAGGGCGCAGCTCTGC-1,151669,Br5595,L3,27,89,5748,9273
151669_GAGGTACATCCATCTT-1,151669,Br5595,L3,12,68,3948,7831
151669_GAGGTCTTAGTGGGTC-1,151669,Br5595,L3,3,95,2874,9692
151669_GAGTAAACCGGAAAGT-1,151669,Br5595,L3,51,117,8627,11194
151669_GAGTAAGGCCACGGGA-1,151669,Br5595,L5,48,14,8253,4104
151669_GAGTAGATACTAGTTG-1,151669,Br5595,WM,62,64,9937,7543
151669_GAGTATCAAAGTTACA-1,151669,Br5595,L4,57,121,9346,11468
151669_GAGTCAGACCAGAATC-1,151669,Br5595,L6,56,48,9216,6443
151669_GAGTTGATGGCAATTT-1,151669,Br5595,L5,51,19,8613,4448
151669_GATAAATCGGTGGATG-1,151669,Br5595,L3,15,41,4304,5971
151669_GATAGGTAACGTTGAC-1,151669,Br5595,L5,48,60,8259,7271
151669_GATATGAGACACTAAC-1,151669,Br5595,L3,39,81,7184,8719
151669_GATCAACATAAAGGGA-1,151669,Br5595,WM,62,36,9933,5615
151669_GATCATTCCAAACATT-1,151669,Br5595,L3,30,56,6103,7000
151669_GATCCTCGACACTGGC-1,151669,Br5595,L5,50,32,8495,5343
151669_GATCGCTACCCGATTT-1,151669,Br5595,L4,50,98,8504,9887
151669_GATCGCTATATCTCAG-1,151669,Br5595,L6,61,25,9811,4858
151669_GATCTTTGCAGGGTAT-1,151669,Br5595,L3,36,38,6819,5760
151669_GATGCGAATGGTATTA-1,151669,Br5595,L3,26,10,5617,3835
151669_GATGCTACAAGCGCCT-1,151669,Br5595,L3,17,51,4545,6659
151669_GATGGCGCACACATTA-1,151669,Br5595,L3,19,29,4781,5144
151669_GATGGTGCCCTAGGCA-1,151669,Br5595,L3,10,78,3710,8520
151669_GATGTCGGTCAACTGC-1,151669,Br5595,L3,9,73,3590,8176
151669_GCAAACCTTGGCCATA-1,151669,Br5595,L6,57,67,9338,7751
151669_GCAAAGGGCGTTAGCC-1,151669,Br5595,L6,66,20,10410,4513
151669_GCAAATATTACGCTTT-1,151669,Br5595,L3,35,41,6699,5966
151669_GCAAGAATTCCTTGGC-1,151669,Br5595,L5,44,36,7777,5620
151669_GCAAGTGTAAAGCATG-1,151669,Br5595,WM,67,45,10533,6234
151669_GCACAAACCCTAGATG-1,151669,Br5595,L6,65,21,10290,4582
151669_GCACAAACGAGGCGTG-1,151669,Br5595,L3,46,114,8028,10989
151669_GCAGACCCAGCACGTA-1,151669,Br5595,L3,39,103,7188,10234
151669_GCAGATCCTCGCAAAT-1,151669,Br5595,L3,23,13,5258,4042
151669_GCAGATTAGGGATATC-1,151669,Br5595,L4,37,61,6942,7343
151669_GCAGCACACAGCCCAG-1,151669,Br5595,L4,38,42,7059,6034
151669_GCAGCGGTGGGCATTA-1,151669,Br5595,L3,7,31,3344,5285
151669_GCAGTGTGGCTATAGG-1,151669,Br5595,L6,59,83,9580,8852
151669_GCATACGAGGTCTTTA-1,151669,Br5595,L3,38,14,7055,4107
151669_GCATGAGGGACGCGGC-1,151669,Br5595,L3,30,90,6108,9341
151669_GCATTCGAAATGAACA-1,151669,Br5595,L3,28,14,5857,4109
151669_GCATTTCCAAGGCTCC-1,151669,Br5595,L3,33,111,6470,10786
151669_GCCAAGAATACTTCTG-1,151669,Br5595,L4,46,10,8013,3829
151669_GCCACTCAGAGCGCGA-1,151669,Br5595,L6,59,95,9582,9678
151669_GCCAGGAGTAACCGAT-1,151669,Br5595,L3,21,89,5029,9274
151669_GCCATCGATGCTGCAT-1,151669,Br5595,L3,32,110,6350,10717
151669_GCCCACCAAGGCTGTC-1,151669,Br5595,L3,12,38,3944,5766
151669_GCCCGATCTGTGGTCG-1,151669,Br5595,L6,53,63,8859,7476
151669_GCCCTAGCCGTCGCGA-1,151669,Br5595,L5,54,16,8972,4241
151669_GCCGCATTAGTCCGGC-1,151669,Br5595,L3,35,17,6696,4314
151669_GCCTATTCCGATATAG-1,151669,Br5595,L3,24,30,5380,5212
151669_GCGAAGAATCTGACGG-1,151669,Br5595,WM,66,84,10419,8919
151669_GCGACCCAACCATCTG-1,151669,Br5595,L6,59,33,9573,5410
151669_GCGCATCCAGTCAGCA-1,151669,Br5595,L3,29,95,5988,9685
151669_GCGCCGTTCCACGATA-1,151669,Br5595,L4,41,65,7422,7617
151669_GCGCGGTCTAGTAACT-1,151669,Br5595,WM,68,60,10655,7266
151669_GCGCGTCATTGGTACA-1,151669,Br5595,L6,57,83,9341,8852
151669_GCGCTCGATCACCTGT-1,151669,Br5595,L3,45,125,7909,11747
151669_GCGCTGATCCAGACTC-1,151669,Br5595,L3,17,87,4550,9138
151669_GCGCTGCTTTGCATTT-1,151669,Br5595,L3,28,94,5869,9617
151669_GCGGCAAAGTATTGCC-1,151669,Br5595,L6,59,27,9572,4997
151669_GCGGGAACCAGGCCCT-1,151669,Br5595,L3,18,48,4664,6453
151669_GCGTCTAACCTCCTAA-1,151669,Br5595,L3,32,126,6352,11819
151669_GCGTCTCTGCATTGGG-1,151669,Br5595,L4,39,41,7179,5965
151669_GCGTGGTACTGGGTTA-1,151669,Br5595,L3,35,95,6707,9684
151669_GCGTGTATGTCGTATT-1,151669,Br5595,L3,3,61,2869,7351
151669_GCGTTCGGAGACCGGG-1,151669,Br5595,L3,19,103,4792,10239
151669_GCTAACTGAAGTCTGA-1,151669,Br5595,L6,58,88,9461,9196
151669_GCTAAGTAGTTTCTCT-1,151669,Br5595,L3,34,80,6585,8651
151669_GCTAATACCGAATGCC-1,151669,Br5595,L3,21,47,5023,6383
151669_GCTACAGTACGGACCG-1,151669,Br5595,L3,40,14,7294,4106
151669_GCTAGAGTAGAGATGT-1,151669,Br5595,L5,56,96,9223,9747
151669_GCTAGCGATAGGTCTT-1,151669,Br5595,L6,66,24,10410,4788
151669_GCTCCGCTCGCTTCAG-1,151669,Br5595,L3,42,112,7548,10852
151669_GCTCCTGACATACTGG-1,151669,Br5595,L6,56,32,9214,5341
151669_GCTCGCTCATGTCCAA-1,151669,Br5595,L3,41,99,7426,9958
151669_GCTCGGAATTTAAAGC-1,151669,Br5595,L3,22,84,5148,8930
151669_GCTCTAAACCCTGACG-1,151669,Br5595,L3,24,58,5384,7139
151669_GCTCTTTCCGCTAGTG-1,151669,Br5595,WM,64,54,10175,6854
151669_GCTGAGGCGTGAGTAT-1,151669,Br5595,L4,40,64,7302,7548
151669_GCTGGACCCAAAGTGG-1,151669,Br5595,L3,14,106,4193,10446
151669_GCTGGCGGCGCATGCT-1,151669,Br5595,L6,54,64,8979,7545
151669_GCTGGTTTAGGCCATA-1,151669,Br5595,L5,60,14,9690,4101
151669_GCTGTTGCTACCGAAC-1,151669,Br5595,L3,39,95,7186,9683
151669_GGAAACTAAATGGGCC-1,151669,Br5595,L5,60,102,9703,10159
151669_GGAACCTTGACTCTGC-1,151669,Br5595,L6,59,21,9571,4583
151669_GGAACTTTGGCGATTA-1,151669,Br5595,L5,60,110,9704,10710
151669_GGAATAACCTCAAGAA-1,151669,Br5595,L3,6,60,3228,7282
151669_GGACACAAGTTTACAC-1,151669,Br5595,L3,47,111,8147,10782
151669_GGACCAACAGGATAAC-1,151669,Br5595,L5,51,67,8620,7752
151669_GGACGTCCATAGTTGG-1,151669,Br5595,L3,14,116,4195,11135
151669_GGAGCAACATTTCAAG-1,151669,Br5595,L5,57,103,9344,10229
151669_GGAGCGAGGCCTACTT-1,151669,Br5595,WM,67,69,10537,7886
151669_GGATACTCATGAATTG-1,151669,Br5595,L3,9,45,3586,6248
151669_GGATCCGGAATATACT-1,151669,Br5595,L3,34,82,6586,8789
151669_GGATGTCCTTACCGCA-1,151669,Br5595,L3,35,91,6707,9408
151669_GGATTTCACTTCTATA-1,151669,Br5595,L3,31,83,6226,8859
151669_GGCAAGCCAGGGATAG-1,151669,Br5595,L3,17,121,4555,11478
151669_GGCAGCGGTAATCCTA-1,151669,Br5595,L3,14,100,4192,10033
151669_GGCCCGGAGCATGTCT-1,151669,Br5595,L3,35,119,6711,11336
151669_GGCCCTCACCCACTTA-1,151669,Br5595,L3,37,23,6936,4727
151669_GGCGAAATCTAACTTG-1,151669,Br5595,L4,43,87,7664,9131
151669_GGCGCGTTCGAGTTTA-1,151669,Br5595,L5,47,59,8139,7202
151669_GGCTAAAGGGCGGGTC-1,151669,Br5595,L3,19,99,4791,9963
151669_GGCTCGCGTTGAGGTA-1,151669,Br5595,L3,31,93,6228,9547
151669_GGGATACGGTAATAAT-1,151669,Br5595,L3,21,7,5017,3629
151669_GGGATTTACCGCACCT-1,151669,Br5595,L3,42,90,7545,9338
151669_GGGCAACCGCACGTGC-1,151669,Br5595,L5,55,19,9092,4447
151669_GGGCAGAGCAATCGTT-1,151669,Br5595,L6,58,60,9457,7269
151669_GGGCCCTACGAAAGGG-1,151669,Br5595,L3,38,16,7055,4245
151669_GGGCGATATGTGTGAA-1,151669,Br5595,L3,28,58,5863,7138
151669_GGGCGGGTTCCCTACG-1,151669,Br5595,L5,43,37,7657,5689
151669_GGGCGGTCCTATTGTC-1,151669,Br5595,L3,14,28,4182,5077
151669_GGGCGTGGTTTCCCAG-1,151669,Br5595,L6,61,81,9820,8713
151669_GGGTACCCACGGTCCT-1,151669,Br5595,L3,14,26,4182,4939
151669_GGGTATGTATGCACTT-1,151669,Br5595,L3,28,28,5859,5073
151669_GGGTCACCGTGACGGT-1,151669,Br5595,L3,35,47,6700,6379
151669_GGGTCATGCGTACCAT-1,151669,Br5595,L3,22,14,5138,4111
151669_GGTAACTATGTATCTG-1,151669,Br5595,L3,12,44,3945,6179
151669_GGTACACCAGATTTAT-1,151669,Br5595,L3,26,118,5632,11269
151669_GGTACATCTGGGACGA-1,151669,Br5595,L3,38,18,7055,4382
151669_GGTAGTGCTCGCACCA-1,151669,Br5595,L3,34,72,6584,8101
151669_GGTCATTGTAGTCATA-1,151669,Br5595,L3,14,120,4195,11410
151669_GGTCGGATAAACGGCG-1,151669,Br5595,L3,23,97,5270,9825
151669_GGTCGGCCAGGAGCTT-1,151669,Br5595,L3,32,84,6346,8927
151669_GGTCGGTCGTCCACAG-1,151669,Br5595,L6,56,52,9216,6718
151669_GGTCTCCGTCCAGGTT-1,151669,Br5595,L6,63,101,10062,10090
151669_GGTGAAACCGGGAATG-1,151669,Br5595,L3,6,48,3227,6456
151669_GGTGAACGGGCTAGCC-1,151669,Br5595,L3,8,32,3464,5354
151669_GGTGAAGTACAGGGAT-1,151669,Br5595,L5,47,37,8136,5688
151669_GGTGAGATGCAGATAA-1,151669,Br5595,L3,16,36,4423,5627
151669_GGTGATTTCATCTTGT-1,151669,Br5595,L3,9,39,3585,5835
151669_GGTGGACTGCTCTGGC-1,151669,Br5595,L5,55,85,9101,8990
151669_GGTGTTCTGTTTCTAC-1,151669,Br5595,L3,4,90,2993,9347
151669_GGTGTTGGGCGTCTTA-1,151669,Br5595,L3,49,123,8388,11608
151669_GGTTGTGCTCTTGTCC-1,151669,Br5595,L3,24,10,5377,3835
151669_GGTTTAATTGAGCAGG-1,151669,Br5595,L3,26,116,5632,11132
151669_GGTTTAGCCTTTCTTG-1,151669,Br5595,L4,46,102,8026,10163
151669_GGTTTGAGTGCTGGAA-1,151669,Br5595,L3,12,42,3944,6041
151669_GTAACATCTAAGATAA-1,151669,Br5595,L5,56,110,9225,10711
151669_GTAAGGATTTGTCGGA-1,151669,Br5595,L3,10,68,3709,7831
151669_GTAAGTAGGGTATACC-1,151669,Br5595,L3,26,36,5621,5624
151669_GTAAGTCCACACTCTA-1,151669,Br5595,L3,43,119,7669,11334
151669_GTAATAAAGGGCTCCC-1,151669,Br5595,L3,31,103,6229,10236
151669_GTACTCCCTTATCGCT-1,151669,Br5595,L3,36,28,6817,5071
151669_GTACTGAGGTCGTAAC-1,151669,Br5595,L3,11,47,3825,6385
151669_GTACTGCATGAAGCGT-1,151669,Br5595,L3,11,39,3824,5835
151669_GTACTTGGGCACTTCT-1,151669,Br5595,L3,17,33,4542,5420
151669_GTAGAAACGGGTGGAG-1,151669,Br5595,L3,24,16,5378,4248
151669_GTAGCCAAACATGGGA-1,151669,Br5595,L5,50,70,8500,7959
151669_GTAGCGCTGTTGTAGT-1,151669,Br5595,L3,6,50,3227,6593
151669_GTAGCTAGTAAGCGCG-1,151669,Br5595,L3,2,80,2752,8660
151669_GTAGCTTCCTCTTGTT-1,151669,Br5595,L3,31,89,6227,9272
151669_GTAGTTCGAAGGCGAA-1,151669,Br5595,WM,65,39,10293,5821
151669_GTATAATCTCCCGGAT-1,151669,Br5595,L3,14,12,4180,3975
151669_GTATAGGACTCAGTAG-1,151669,Br5595,L3,20,58,4905,7140
151669_GTATCAAACGTTAGCT-1,151669,Br5595,L5,55,97,9103,9816
151669_GTATCAGCTTGGGTTC-1,151669,Br5595,L3,20,34,4902,5488
151669_GTATGAAATTTCACTC-1,151669,Br5595,L5,52,22,8733,4654
151669_GTATTCTTACCGTGCT-1,151669,Br5595,L3,7,21,3342,4597
151669_GTCAAGCGGACTCGGG-1,151669,Br5595,L4,39,77,7184,8444
151669_GTCACAAAGTTTCCAA-1,151669,Br5595,L3,9,61,3588,7350
151669_GTCAGAATAGTCTATG-1,151669,Br5595,L3,30,32,6099,5348
151669_GTCAGTTTGGTAGTCG-1,151669,Br5595,L3,29,13,5977,4040
151669_GTCATGGACATGACTA-1,151669,Br5595,L3,26,62,5624,7414
151669_GTCATTGCATTGACCC-1,151669,Br5595,L3,31,17,6217,4315
151669_GTCCATTACTGCTACG-1,151669,Br5595,L3,42,106,7547,10439
151669_GTCCGGACCTGAAATT-1,151669,Br5595,L5,54,88,8982,9197
151669_GTCCTACGAATAGTCT-1,151669,Br5595,L5,53,91,8863,9404
151669_GTCGCCGTTGTGTGTT-1,151669,Br5595,L6,57,43,9335,6099
151669_GTCGGATATCTCAGAC-1,151669,Br5595,L3,32,36,6339,5623
151669_GTCGTCAATTATAAGG-1,151669,Br5595,L3,11,45,3825,6248
151669_GTCTACTCAATTACAA-1,151669,Br5595,L3,37,13,6935,4038
151669_GTCTAGTGAGCCGCTT-1,151669,Br5595,L6,66,92,10420,9469
151669_GTCTTAGTACAGCCGG-1,151669,Br5595,L3,12,78,3950,8519
151669_GTGAACTCCCATTCGA-1,151669,Br5595,L3,30,104,6110,10305
151669_GTGAGGACACTTAAGG-1,151669,Br5595,L4,41,77,7423,8443
151669_GTGAGTGGTACAACGC-1,151669,Br5595,L6,52,56,8738,6995
151669_GTGATCATAGATCTGC-1,151669,Br5595,L5,45,57,7900,7065
151669_GTGATCCTTGTCATGA-1,151669,Br5595,L6,62,84,9940,8920
151669_GTGCACCAGCTTCAAC-1,151669,Br5595,WM,66,54,10415,6853
151669_GTGCCATCACACGGTG-1,151669,Br5595,L4,42,34,7537,5483
151669_GTGCCTCAGTGTACGG-1,151669,Br5595,L3,11,93,3832,9552
151669_GTGCGACAGGGAGTGT-1,151669,Br5595,L3,36,100,6828,10028
151669_GTGCGCAGCTTGCTCC-1,151669,Br5595,L3,5,33,3105,5423
151669_GTGCTCAAGTACTGTC-1,151669,Br5595,L3,34,52,6581,6724
151669_GTGCTTACATCAGCGC-1,151669,Br5595,L3,46,116,8028,11127
151669_GTGGAACCTACATGCG-1,151669,Br5595,L3,15,81,4309,8725
151669_GTGGAGTCGGCGGTTG-1,151669,Br5595,L6,54,38,8975,5755
151669_GTGGCGGTCCCAGCGT-1,151669,Br5595,L4,40,20,7295,4519
151669_GTGGCGTGCACCAGAG-1,151669,Br5595,L3,1,101,2635,10105
151669_GTGGTTACTTCTTTCG-1,151669,Br5595,L3,31,105,6230,10373
151669_GTGTACCTTGGCTACG-1,151669,Br5595,L3,26,78,5627,8516
151669_GTGTTACTATGCGTCC-1,151669,Br5595,L4,41,75,7423,8305
151669_GTTAAAGTAGGACTGG-1,151669,Br5595,L5,49,83,8382,8854
151669_GTTAAGGGTGCGATGT-1,151669,Br5595,WM,61,71,9818,8025
151669_GTTACAATTGGTGACG-1,151669,Br5595,L4,37,33,6938,5415
151669_GTTATAATACGGTGAA-1,151669,Br5595,L4,53,107,8865,10505
151669_GTTATTAAATACGACC-1,151669,Br5595,L3,3,85,2873,9003
151669_GTTCATCGTTTGGCTG-1,151669,Br5595,L3,33,105,6469,10373
151669_GTTCGGGCGTACCATT-1,151669,Br5595,L3,32,108,6350,10580
151669_GTTCTTCCCTCGATGT-1,151669,Br5595,L3,15,51,4305,6660
151669_GTTGGATTCAGTGGCT-1,151669,Br5595,L3,16,96,4431,9757
151669_GTTGGTCATGCTATCC-1,151669,Br5595,L6,55,63,9098,7476
151669_GTTGTCGTGTTAGTTG-1,151669,Br5595,L3,15,47,4305,6384
151669_GTTTCATATCGTCGCT-1,151669,Br5595,L4,39,27,7176,5002
151669_TAAAGCGTTAGGAGAA-1,151669,Br5595,L3,28,88,5868,9204
151669_TAAAGGAGAAACTAGT-1,151669,Br5595,L3,0,74,2512,8247
151669_TAAATCTTTACACCTC-1,151669,Br5595,L3,24,120,5393,11408
151669_TAACATACACGCGATC-1,151669,Br5595,L5,55,25,9093,4860
151669_TAACTCCATGGAGGCT-1,151669,Br5595,L3,19,27,4781,5007
151669_TAAGGAACTTGTGGGA-1,151669,Br5595,L3,16,40,4423,5902
151669_TAAGGCTGAATCCCTC-1,151669,Br5595,L4,45,97,7905,9819
151669_TAAGGGCCTGTCCGAT-1,151669,Br5595,L5,57,95,9342,9678
151669_TAAGTAACATCTTGAC-1,151669,Br5595,L5,46,40,8017,5895
151669_TAATAAACAAGGAGAT-1,151669,Br5595,L3,17,91,4550,9413
151669_TAATAGGTCACCAGAA-1,151669,Br5595,L6,61,21,9811,4583
151669_TAATAGTGACGACCAG-1,151669,Br5595,L3,27,83,5747,8860
151669_TAATATTGAAATTCGC-1,151669,Br5595,L3,17,47,4544,6384
151669_TAATGAAAGACCCTTG-1,151669,Br5595,L3,25,17,5498,4317
151669_TAATTAGGACATCCGT-1,151669,Br5595,L3,42,108,7548,10577
151669_TACAAGTCTCGTGCAT-1,151669,Br5595,L3,31,27,6218,5004
151669_TACATAGGCATACACC-1,151669,Br5595,L4,40,60,7301,7273
151669_TACATCCCTATCCCTG-1,151669,Br5595,L4,44,14,7774,4105
151669_TACATGACCTTATCCG-1,151669,Br5595,L3,23,5,5257,3491
151669_TACCAGAAGTAGGTTC-1,151669,Br5595,L5,49,51,8378,6651
151669_TACCGCGGACTTGCAG-1,151669,Br5595,L3,33,97,6468,9822
151669_TACCTTAAGATTTCCC-1,151669,Br5595,L5,49,29,8375,5137
151669_TACGCAGTTCTTTCCT-1,151669,Br5595,L4,41,51,7420,6653
151669_TACGCCGAGGGTACCC-1,151669,Br5595,L6,56,34,9214,5479
151669_TACGCCGCCTCAGAAG-1,151669,Br5595,L3,45,127,7910,11884
151669_TACGCCTCCATTCCGA-1,151669,Br5595,L6,55,59,9098,7200
151669_TACGTAAAGCGGAGTG-1,151669,Br5595,L6,63,103,10062,10228
151669_TACGTTTACCGGCAAT-1,151669,Br5595,L4,40,32,7297,5346
151669_TACTCCTCTAGTTGAC-1,151669,Br5595,WM,64,36,10172,5615
151669_TACTTGTTAGTAGTCC-1,151669,Br5595,L3,37,87,6946,9133
151669_TAGACGCCCGTACCGG-1,151669,Br5595,L3,32,90,6347,9340
151669_TAGATTCCTGGTTATT-1,151669,Br5595,L3,32,20,6337,4521
151669_TAGCAACCTGTCACAA-1,151669,Br5595,L3,22,26,5140,4937
151669_TAGCCGGCGGTCAGCG-1,151669,Br5595,L3,33,85,6466,8996
151669_TAGCGTCCGGTGTGGT-1,151669,Br5595,L5,53,77,8861,8440
151669_TAGCTCGCCTGATAAC-1,151669,Br5595,L5,50,58,8499,7133
151669_TAGCTGATGTGAAGCG-1,151669,Br5595,L3,42,10,7533,3831
151669_TAGGAACAGCCTCCAG-1,151669,Br5595,L3,5,87,3112,9141
151669_TAGGTCCAAGTAAGGA-1,151669,Br5595,L3,29,23,5978,4729
151669_TAGGTCGCCGGAACTG-1,151669,Br5595,L3,32,100,6349,10029
151669_TAGGTGCTCGCCTAGC-1,151669,Br5595,L3,40,86,7305,9063
151669_TAGGTGTTCCACAGAT-1,151669,Br5595,WM,60,60,9697,7268
151669_TAGGTTCGAGTTCGTC-1,151669,Br5595,L3,35,67,6703,7756
151669_TAGTACCACAACTTTC-1,151669,Br5595,L6,63,13,10049,4032
151669_TAGTACCTTAGTGGTC-1,151669,Br5595,L3,21,21,5019,4593
151669_TAGTCCGTATGCATAA-1,151669,Br5595,L3,15,13,4300,4044
151669_TAGTCGATCACGGGTT-1,151669,Br5595,L4,48,96,8265,9749
151669_TAGTTTATTCTTGCTT-1,151669,Br5595,L3,13,57,4066,7073
151669_TATAAATCCACAAGCT-1,151669,Br5595,L3,20,44,4903,6177
151669_TATAAGTGAGGATAGC-1,151669,Br5595,L3,21,39,5022,5832
151669_TATACACAGACGCCTT-1,151669,Br5595,L5,50,60,8499,7271
151669_TATAGAGTCGCTTGAA-1,151669,Br5595,WM,64,46,10174,6303
151669_TATAGATGGTCGCAGT-1,151669,Br5595,L3,40,102,7307,10164
151669_TATAGGGTACTCATGA-1,151669,Br5595,L3,36,20,6816,4520
151669_TATATATCGAGAAATG-1,151669,Br5595,L6,60,28,9692,5065
151669_TATCACCATGTAAAGT-1,151669,Br5595,L3,9,95,3593,9690
151669_TATCACCCAACCGACC-1,151669,Br5595,L3,24,100,5390,10031
151669_TATCCGCACCGTCGGG-1,151669,Br5595,WM,59,53,9576,6786
151669_TATCTGAGCCGATATT-1,151669,Br5595,L6,64,8,10168,3687
151669_TATCTTGCAATACAAC-1,151669,Br5595,L5,56,16,9211,4240
151669_TATGAAGACAGGTGCG-1,151669,Br5595,L3,29,21,5978,4591
151669_TATGATCTTCTCTTTA-1,151669,Br5595,L6,58,90,9462,9334
151669_TATGGCTAGGCTAATT-1,151669,Br5595,L3,27,125,5753,11751
151669_TATGGGACCGAGCAGG-1,151669,Br5595,L3,36,56,6821,6999
151669_TATTCCACTCAGCTCG-1,151669,Br5595,L5,49,57,8379,7064
151669_TATTGACATTTCTGCC-1,151669,Br5595,L3,35,117,6710,11198
151669_TATTTAGTCTAGATCG-1,151669,Br5595,L3,18,58,4665,7141
151669_TCAAATTTGAGACTCA-1,151669,Br5595,WM,60,70,9698,7956
151669_TCAACATCGACCGAGA-1,151669,Br5595,L4,44,16,7774,4243
151669_TCAACTAACGTATAAC-1,151669,Br5595,L3,31,19,6217,4453
151669_TCAAGCGCGGACGGTA-1,151669,Br5595,L5,58,114,9465,10986
151669_TCAATACGCCGTCATG-1,151669,Br5595,WM,63,61,10056,7336
151669_TCACAGCAAACTCGAA-1,151669,Br5595,L6,51,49,8617,6513
151669_TCACAGGAGAATAAGA-1,151669,Br5595,L6,55,49,9096,6512
151669_TCACATCTTATCTGAT-1,151669,Br5595,L3,28,20,5858,4522
151669_TCACCCTCTTAAGATT-1,151669,Br5595,L5,45,59,7900,7203
151669_TCACGATGTCCGTGGA-1,151669,Br5595,L5,52,28,8734,5067
151669_TCACGGTCATCGCACA-1,151669,Br5595,L3,23,45,5263,6245
151669_TCACTATCGTGCAATC-1,151669,Br5595,L3,4,34,2985,5492
151669_TCACTCGTGCAACGGC-1,151669,Br5595,L3,15,93,4311,9551
151669_TCAGCCAATCCGTAAA-1,151669,Br5595,L6,63,105,10063,10365
151669_TCAGGGTGCACGAAAC-1,151669,Br5595,L3,7,89,3352,9278
151669_TCAGGTTCTTTGAGAA-1,151669,Br5595,L3,30,42,6101,6036
151669_TCCAAGCCTAGACACA-1,151669,Br5595,WM,67,79,10538,8574
151669_TCCAATAAAGGCTACC-1,151669,Br5595,WM,63,53,10055,6785
151669_TCCACCTCTAGCCTTT-1,151669,Br5595,WM,61,53,9816,6786
151669_TCCATCAATACTAATC-1,151669,Br5595,L6,64,14,10169,4100
151669_TCCATTAGTTGGATAG-1,151669,Br5595,L3,6,26,3223,4941
151669_TCCCAGCTTTAGTCTG-1,151669,Br5595,L3,34,56,6582,6999
151669_TCCCAGGCTTAGCTAA-1,151669,Br5595,L3,30,48,6101,6450
151669_TCCCGTGTGCAATTTG-1,151669,Br5595,L4,44,80,7783,8649
151669_TCCCTGGCGTATTAAC-1,151669,Br5595,L5,58,18,9451,4377
151669_TCCGAGAAGGCTAAGC-1,151669,Br5595,L3,6,42,3226,6043
151669_TCCGATAATTGCCATA-1,151669,Br5595,L3,18,64,4666,7554
151669_TCCGATGGTGCGACAT-1,151669,Br5595,L3,25,53,5503,6795
151669_TCCGCGGCAGCATCTG-1,151669,Br5595,L3,34,84,6586,8927
151669_TCCGGTTCGTCCGGTC-1,151669,Br5595,L6,51,53,8618,6788
151669_TCCGTTTAGCCTTGAA-1,151669,Br5595,L3,29,89,5988,9272
151669_TCCTGCGTTGATACTC-1,151669,Br5595,L4,38,30,7057,5208
151669_TCCTTCAGTGGTCGAA-1,151669,Br5595,L3,15,69,4308,7899
151669_TCCTTTAAATCCGCTT-1,151669,Br5595,L5,56,92,9222,9472
151669_TCGAATATCCCGCAGG-1,151669,Br5595,L6,58,32,9453,5341
151669_TCGACAACTGAACCCG-1,151669,Br5595,L5,57,15,9331,4171
151669_TCGAGCCAGGCAGGCC-1,151669,Br5595,L6,57,37,9334,5685
151669_TCGCATTCAATGACTT-1,151669,Br5595,L3,9,37,3584,5698
151669_TCGCCGGTCGATCCGT-1,151669,Br5595,L3,19,61,4786,7347
151669_TCGCGTCCAGAAGGTC-1,151669,Br5595,L3,31,29,6218,5141
151669_TCGCTAAACCGCTATC-1,151669,Br5595,L3,19,89,4790,9275
151669_TCGCTGGGCGGATTGT-1,151669,Br5595,L3,28,74,5866,8240
151669_TCGCTTAATTACGAAG-1,151669,Br5595,L3,13,121,4076,11479
151669_TCGCTTTAAACGTTTG-1,151669,Br5595,L3,25,87,5508,9136
151669_TCGGAATGACCATCAA-1,151669,Br5595,L3,6,76,3231,8383
151669_TCGGAGAGTATCGGGA-1,151669,Br5595,L4,45,23,7895,4725
151669_TCGGCTTGTATCGACG-1,151669,Br5595,L5,58,96,9462,9747
151669_TCGGGAGACAGCGTAC-1,151669,Br5595,L6,59,71,9579,8026
151669_TCGGGTGAAACTGCTA-1,151669,Br5595,L3,10,56,3707,7005
151669_TCGTAAGCTCCGAGGA-1,151669,Br5595,L3,16,106,4433,10446
151669_TCGTATAGTGCAATTA-1,151669,Br5595,L3,12,56,3946,7005
151669_TCGTGTATTGGTCACG-1,151669,Br5595,L4,53,117,8867,11194
151669_TCGTGTCACGCTGACA-1,151669,Br5595,L4,43,23,7655,4725
151669_TCGTGTTCGACCACAA-1,151669,Br5595,L5,57,105,9344,10367
151669_TCGTTGGCTCGTCAAT-1,151669,Br5595,L3,9,31,3584,5285
151669_TCTAAAGAACAGTCTC-1,151669,Br5595,L5,52,10,8731,3828
151669_TCTAACTGTATGTAAA-1,151669,Br5595,L3,27,11,5737,3903
151669_TCTACACGTTCATGCA-1,151669,Br5595,L3,5,93,3113,9554
151669_TCTACCGTCCACAAGC-1,151669,Br5595,L3,27,67,5745,7758
151669_TCTATCATGCAGTTAC-1,151669,Br5595,L3,18,40,4663,5902
151669_TCTATTACGCTGGCGA-1,151669,Br5595,L3,14,34,4183,5490
151669_TCTATTACTAGAGGAT-1,151669,Br5595,L4,41,15,7414,4175
151669_TCTCCAACGTAGGTTA-1,151669,Br5595,L3,20,78,4908,8517
151669_TCTCTTACCGCGAACC-1,151669,Br5595,WM,65,43,10293,6096
151669_TCTGAACCGGTCGGCT-1,151669,Br5595,L3,21,37,5022,5695
151669_TCTGCCAGAAACTGCA-1,151669,Br5595,L4,41,79,7424,8581
151669_TCTGTGCCATCATAGT-1,151669,Br5595,L3,32,80,6346,8652
151669_TCTGTTACCCAGCATA-1,151669,Br5595,L5,51,35,8615,5549
151669_TCTTACAGAGGTACCG-1,151669,Br5595,L3,15,45,4304,6247
151669_TCTTACGGCATCCGAC-1,151669,Br5595,L3,25,29,5500,5143
151669_TCTTACTTATGCCTCT-1,151669,Br5595,L4,45,93,7905,9544
151669_TCTTCGATACCAATAA-1,151669,Br5595,L3,32,66,6344,7688
151669_TCTTGCTCCCGATACT-1,151669,Br5595,WM,65,67,10297,7749
151669_TCTTTAGCAGGCGAAC-1,151669,Br5595,L3,34,116,6590,11130
151669_TGACACTTCTCTTTGC-1,151669,Br5595,L3,16,102,4432,10171
151669_TGACAGGACAAGTCCA-1,151669,Br5595,L5,55,9,9090,3758
151669_TGACATCGAGCGGACC-1,151669,Br5595,L3,35,101,6708,10097
151669_TGACCCAGCATTCCCG-1,151669,Br5595,L3,3,105,2876,10380
151669_TGAGCCATACAGTCTC-1,151669,Br5595,L4,42,38,7537,5758
151669_TGAGCGGAAAGTGTTC-1,151669,Br5595,L6,55,65,9099,7614
151669_TGAGCTCAACTGTATA-1,151669,Br5595,L4,58,124,9466,11674
151669_TGAGCTTTAATGACGC-1,151669,Br5595,L3,19,85,4789,8999
151669_TGAGTGCCTCTTAAAT-1,151669,Br5595,L5,45,41,7897,5964
151669_TGATTCCCGGTTACCT-1,151669,Br5595,WM,64,50,10174,6579
151669_TGATTCGTCTATCACT-1,151669,Br5595,L3,31,41,6220,5967
151669_TGCAAGAATGACGTAA-1,151669,Br5595,L3,30,60,6103,7276
151669_TGCACTATGTGAGTGC-1,151669,Br5595,L3,17,13,4539,4043
151669_TGCAGAACTATATCGT-1,151669,Br5595,L4,42,22,7535,4657
151669_TGCAGTGGTAGGGAAC-1,151669,Br5595,L6,68,20,10649,4512
151669_TGCATGTGGTAATCTA-1,151669,Br5595,L3,29,81,5986,8722
151669_TGCCTGATCAAACGAT-1,151669,Br5595,L3,20,70,4907,7967
151669_TGCGAATATGGGATTT-1,151669,Br5595,L4,45,13,7893,4036
151669_TGCGACACCCTAGTGC-1,151669,Br5595,L5,46,46,8018,6308
151669_TGCGAGAATATTACCC-1,151669,Br5595,L5,50,40,8496,5894
151669_TGCGCAAAGCATTTGG-1,151669,Br5595,L3,31,67,6224,7757
151669_TGCGTTTGTTGACACT-1,151669,Br5595,L4,42,76,7543,8374
151669_TGCTGGTTGGACAATT-1,151669,Br5595,L3,21,41,5022,5970
151669_TGCTTAGAGAGAATGC-1,151669,Br5595,L6,62,26,9931,4927
151669_TGGAAGAAGGGAACGT-1,151669,Br5595,L4,39,35,7178,5552
151669_TGGAAGGATAAAGATG-1,151669,Br5595,L3,20,68,4907,7829
151669_TGGAATATCCTTGACC-1,151669,Br5595,L3,23,107,5272,10513
151669_TGGAGTGATGCGATGA-1,151669,Br5595,L3,29,41,5981,5968
151669_TGGCAAACTAAATTAC-1,151669,Br5595,L5,50,78,8502,8510
151669_TGGCAACTCGCGCGCC-1,151669,Br5595,L3,22,86,5149,9068
151669_TGGCAAGCACAAGTCG-1,151669,Br5595,WM,66,56,10415,6991
151669_TGGCATGAAGTTTGGG-1,151669,Br5595,L5,56,12,9211,3965
151669_TGGCCAATTTGGTACT-1,151669,Br5595,L5,49,11,8372,3898
151669_TGGCGGTGTGCGATTG-1,151669,Br5595,L3,7,43,3346,6111
151669_TGGCTTTGGGTAGACA-1,151669,Br5595,L3,19,51,4784,6659
151669_TGGGCAGGCCACCGCA-1,151669,Br5595,L4,54,116,8986,11125
151669_TGGGCCACAAGAGCGC-1,151669,Br5595,L3,18,72,4668,8105
151669_TGGGCGATACAATAAG-1,151669,Br5595,WM,68,62,10655,7404
151669_TGGTCTGTTGGGCGTA-1,151669,Br5595,L3,37,29,6937,5140
151669_TGGTTAAGGGCGCTGG-1,151669,Br5595,L3,26,114,5632,10994
151669_TGTAGCCATCCCATTC-1,151669,Br5595,L5,62,112,9944,10847
151669_TGTATAACAGATCCTG-1,151669,Br5595,L3,29,79,5986,8584
151669_TGTATCCTTATTCCAT-1,151669,Br5595,L3,10,50,3706,6592
151669_TGTATGGCGCAGACAG-1,151669,Br5595,L4,43,93,7665,9544
151669_TGTCGTTATCACATAT-1,151669,Br5595,L5,61,15,9810,4170
151669_TGTGAGACTAGCCCAA-1,151669,Br5595,WM,59,63,9577,7475
151669_TGTGGCAAAGCGTATG-1,151669,Br5595,L3,29,87,5987,9135
151669_TGTGTAGTAGCACGTG-1,151669,Br5595,L5,58,116,9465,11124
151669_TGTTCATAAATGTGCT-1,151669,Br5595,L3,26,8,5617,3697
151669_TGTTCTCTACTCCCTA-1,151669,Br5595,L3,13,123,4076,11617
151669_TGTTGCCGTCGTCCCA-1,151669,Br5595,L3,46,122,8029,11540
151669_TGTTGTCAAGAAGTCT-1,151669,Br5595,L3,24,82,5388,8792
151669_TGTTTAATACTTCATC-1,151669,Br5595,L3,9,77,3590,8451
151669_TGTTTCGGTACTTCTC-1,151669,Br5595,L3,18,56,4665,7003
151669_TTAACACCTCGAACAT-1,151669,Br5595,L3,24,22,5379,4661
151669_TTAACGAACAAGCAGT-1,151669,Br5595,L3,22,114,5153,10995
151669_TTAACGTCGCAAGACC-1,151669,Br5595,L3,10,54,3707,6868
151669_TTAACTCACGCGTGGA-1,151669,Br5595,L3,24,14,5378,4110
151669_TTAAGATAGGATTGAC-1,151669,Br5595,L3,43,101,7666,10095
151669_TTAAGCCGACAACTTC-1,151669,Br5595,L3,13,77,4069,8450
151669_TTACCCATTGCCGGGT-1,151669,Br5595,L3,17,85,4550,9000
151669_TTACCCTAGGGATTGG-1,151669,Br5595,WM,60,58,9696,7130
151669_TTACCGCCTTAGGGAA-1,151669,Br5595,L3,11,21,3822,4596
151669_TTACGGATGGTTCGAG-1,151669,Br5595,L3,33,93,6467,9547
151669_TTACTAAAGGACTTTA-1,151669,Br5595,L5,48,78,8262,8510
151669_TTACTATCGGCTTCTC-1,151669,Br5595,L3,34,16,6576,4246
151669_TTACTCCGGCCGGGAA-1,151669,Br5595,L3,34,78,6585,8514
151669_TTACTGTTTCTCTACG-1,151669,Br5595,L3,2,68,2750,7833
151669_TTAGAAGAACATGACT-1,151669,Br5595,L6,52,64,8739,7545
151669_TTAGCAACATGGATGT-1,151669,Br5595,L3,20,28,4901,5075
151669_TTAGCTAATACGATCT-1,151669,Br5595,L3,22,98,5150,9894
151669_TTAGCTCTGTAATCCG-1,151669,Br5595,L3,31,15,6216,4177
151669_TTATATACGCTGTCAC-1,151669,Br5595,L4,38,74,7064,8237
151669_TTATGTTTGCGATAGA-1,151669,Br5595,L3,26,20,5618,4523
151669_TTATTAGAGCGTGTTC-1,151669,Br5595,L5,46,70,8021,7960
151669_TTATTATCTGGAAGGC-1,151669,Br5595,L4,55,121,9107,11469
151669_TTCAATACTCTGAATC-1,151669,Br5595,L3,38,86,7065,9063
151669_TTCACTTCCTAGAACG-1,151669,Br5595,WM,67,51,10534,6647
151669_TTCATGGCGCAACAGG-1,151669,Br5595,L3,19,75,4788,8311
151669_TTCCCGACGCTTCACT-1,151669,Br5595,L3,1,89,2634,9279
151669_TTCCCGGCGCCAATAG-1,151669,Br5595,L4,46,12,8013,3967
151669_TTCCGGCCTTGAGGCT-1,151669,Br5595,L6,54,44,8976,6168
151669_TTCCTCGGACTAACCA-1,151669,Br5595,L5,50,86,8503,9060
151669_TTCCTTTCTGTGTTGC-1,151669,Br5595,L3,11,25,3822,4871
151669_TTCGACGGGAAGGGCG-1,151669,Br5595,L3,24,44,5382,6176
151669_TTCGCGCGCCATACGA-1,151669,Br5595,L6,59,47,9575,6373
151669_TTCGGCTAGAGATGGT-1,151669,Br5595,L3,18,24,4661,4800
151669_TTCTAACCGAAGCTTA-1,151669,Br5595,L3,34,90,6587,9340
151669_TTCTACCTTTATGTTG-1,151669,Br5595,L3,6,84,3232,8934
151669_TTCTGCGGGTTAGCGG-1,151669,Br5595,L4,40,80,7304,8650
151669_TTCTGCTAGACTCCAA-1,151669,Br5595,L3,28,106,5870,10443
151669_TTCTTAGTGAACGGTG-1,151669,Br5595,L3,18,34,4662,5489
151669_TTCTTCCCTTTGATAT-1,151669,Br5595,L3,2,70,2751,7971
151669_TTCTTTGGTCGCGACG-1,151669,Br5595,L3,24,104,5391,10306
151669_TTGAACGAATCCTTTG-1,151669,Br5595,L3,19,21,4780,4594
151669_TTGAAGGATGGGCGCC-1,151669,Br5595,L5,62,12,9929,3963
151669_TTGACATGAACGTGGA-1,151669,Br5595,L5,44,32,7776,5345
151669_TTGACCATGTTCTCCG-1,151669,Br5595,L3,24,78,5387,8516
151669_TTGACGCTCCATGAGC-1,151669,Br5595,L3,41,101,7427,10095
151669_TTGACTACCATATGGT-1,151669,Br5595,L5,43,41,7658,5964
151669_TTGAGCAGCCCACGGT-1,151669,Br5595,L3,44,116,7788,11127
151669_TTGATCTAACTTTGTC-1,151669,Br5595,L3,29,47,5982,6381
151669_TTGCGTGAACGCTTAG-1,151669,Br5595,L3,14,96,4192,9758
151669_TTGCTCCCATACCGGA-1,151669,Br5595,L3,22,72,5147,8104
151669_TTGCTGAAGGAACCAC-1,151669,Br5595,L3,19,57,4785,7072
151669_TTGCTGCACCTATCCA-1,151669,Br5595,L3,22,20,5139,4524
151669_TTGCTGGCCGGGCTTC-1,151669,Br5595,L3,8,78,3471,8520
151669_TTGGAAGAATACAGTC-1,151669,Br5595,L5,50,24,8494,4792
151669_TTGGACATGTGGCTTA-1,151669,Br5595,L4,41,29,7416,5139
151669_TTGGCTCGCATGAGAC-1,151669,Br5595,L3,23,37,5261,5694
151669_TTGGGACGTAAGAGTT-1,151669,Br5595,L4,51,109,8626,10644
151669_TTGGTTGCGGTGCGCG-1,151669,Br5595,L5,53,23,8853,4723
151669_TTGTAAGGCCAGTTGG-1,151669,Br5595,L3,27,81,5747,8722
151669_TTGTATCACACAGAAT-1,151669,Br5595,L3,12,74,3949,8244
151669_TTGTGAACCTAATCCG-1,151669,Br5595,L5,56,90,9222,9334
151669_TTGTGGTATAGGTATG-1,151669,Br5595,L3,24,126,5394,11821
151669_TTGTGGTGGTACTAAG-1,151669,Br5595,L6,63,95,10061,9677
151669_TTGTTCAGTGTGCTAC-1,151669,Br5595,L3,24,64,5385,7553
151670_AAACACCAATAACTGC-1,151670,Br5595,L6,59,19,9635,4453
151670_AAACAGGGTCTATATT-1,151670,Br5595,L5,47,13,8197,4043
151670_AAACATTTCCCGGATT-1,151670,Br5595,L5,61,97,9887,9821
151670_AAACCTCATGAAGTTG-1,151670,Br5595,L3,37,19,7000,4459
151670_AAAGGCCCTATAATAC-1,151670,Br5595,L6,66,22,10474,4657
151670_AAAGTAGCATTGCTCA-1,151670,Br5595,L5,51,27,8678,5006
151670_AAATAGGGTGCTATTG-1,151670,Br5595,L5,53,79,8926,8584
151670_AAATGGTCAATGTGCC-1,151670,Br5595,L3,33,51,6526,6663
151670_AAATGTATCTTATCCC-1,151670,Br5595,L3,26,0,5680,3155
151670_AAATTCCAGGTCCAAA-1,151670,Br5595,L3,35,115,6777,11067
151670_AAATTTGCGGGTGTGG-1,151670,Br5595,L5,47,33,8200,5420
151670_AACAATTACTCTACGC-1,151670,Br5595,L3,29,25,6043,4875
151670_AACACACGCTCGCCGC-1,151670,Br5595,L5,51,93,8689,9549
151670_AACACGACTGTACTGA-1,151670,Br5595,L3,9,65,3654,7633
151670_AACACGCGGCCGCGAA-1,151670,Br5595,L3,6,34,3290,5501
151670_AACCAAGACTTCTCTG-1,151670,Br5595,L3,36,24,6881,4804
151670_AACCATGGGATCGCTA-1,151670,Br5595,L3,14,30,4247,5223
151670_AACCCATCCCATGATC-1,151670,Br5595,L5,56,14,9275,4110
151670_AACCTCGCTTTAGCCC-1,151670,Br5595,L6,62,82,10005,8788
151670_AACGGACGTACGTATA-1,151670,Br5595,L5,50,92,8569,9480
151670_AACGTACTGTGGGTAC-1,151670,Br5595,L5,48,42,8321,6039
151670_AACGTCAGACTAGTGG-1,151670,Br5595,L3,24,40,5447,5908
151670_AACTAGGCTTGGGTGT-1,151670,Br5595,L6,55,61,9163,7345
151670_AACTCAAGTTAATTGC-1,151670,Br5595,L4,38,44,7124,6180
151670_AACTGATATTAGGCCT-1,151670,Br5595,L3,16,66,4493,7700
151670_AAGAAGGATCAGTTAG-1,151670,Br5595,L3,13,25,4127,4879
151670_AAGACTGCAAGCTACT-1,151670,Br5595,L3,36,68,6889,7832
151670_AAGAGGATGTACGCGA-1,151670,Br5595,L4,39,29,7241,5147
151670_AAGAGGCATGGATCGC-1,151670,Br5595,L3,36,80,6891,8658
151670_AAGATGGCACCGGACC-1,151670,Br5595,WM,59,39,9638,5829
151670_AAGCCGCCGTGAAATC-1,151670,Br5595,L6,65,23,10354,4726
151670_AAGCCGCTTTACCTTG-1,151670,Br5595,L3,19,125,4862,11760
151670_AAGCGGCGTCATGGGT-1,151670,Br5595,L3,9,97,3660,9836
151670_AAGCGTCCCTCATCGA-1,151670,Br5595,L6,57,35,9398,5555
151670_AAGCTAGATCGAGTAA-1,151670,Br5595,L5,50,68,8565,7828
151670_AAGCTCGTGCCAAGTC-1,151670,Br5595,L3,35,73,6770,8177
151670_AAGGAGAACTTATAAG-1,151670,Br5595,L3,3,57,2935,7085
151670_AAGGATGAGGGACCTC-1,151670,Br5595,L3,27,87,5814,9143
151670_AAGGTGATAAACCAGC-1,151670,Br5595,L3,44,92,7851,9482
151670_AAGTAGTGACGCGAGG-1,151670,Br5595,L3,33,31,6523,5286
151670_AAGTGAGTCGGGTTTA-1,151670,Br5595,WM,62,48,9999,6448
151670_AAGTGTTTGGAGACGG-1,151670,Br5595,L5,52,80,8807,8653
151670_AAGTTCAGTCTGCGTA-1,151670,Br5595,L3,18,104,4739,10315
151670_AATAACACTAGAACAA-1,151670,Br5595,L6,52,38,8800,5763
151670_AATACAATGTTTCAGG-1,151670,Br5595,L3,23,19,5324,4463
151670_AATATTGGAGTATTGA-1,151670,Br5595,L3,36,22,6881,4666
151670_AATCTGGCTTTCTAGT-1,151670,Br5595,L5,51,15,8676,4180
151670_AATCTGGGTAGACCCT-1,151670,Br5595,L3,4,94,3060,9631
151670_AATGACAGCAATGTCT-1,151670,Br5595,L5,48,30,8319,5213
151670_AATGACGTAGGATGTC-1,151670,Br5595,L4,44,78,7848,8518
151670_AATGACTGTCAGCCGG-1,151670,Br5595,L3,23,47,5328,6390
151670_AATGAGTTCGCATATG-1,151670,Br5595,L3,15,21,4366,4603
151670_AATGATGCGACTCCTG-1,151670,Br5595,L3,25,101,5577,10107
151670_AATGGTCCACCGTTCA-1,151670,Br5595,L3,30,16,6161,4255
151670_AATGTGCCCGAGGTGT-1,151670,Br5595,L6,55,27,9157,5005
151670_AATTAAAGGTCGGCGT-1,151670,Br5595,L4,40,50,7365,6592
151670_AATTAACGGATTTCCA-1,151670,Br5595,WM,58,66,9523,7688
151670_AATTCATTGTCATGCA-1,151670,Br5595,L6,63,9,10112,3763
151670_AATTCCAAGCATGTAC-1,151670,Br5595,WM,66,58,10480,7135
151670_ACAAACCATGCGTCCT-1,151670,Br5595,L6,64,16,10233,4245
151670_ACAAATCGCACCGAAT-1,151670,Br5595,L5,50,82,8568,8792
151670_ACAAATTCAGATCTGA-1,151670,Br5595,L3,7,103,3421,10250
151670_ACAACAGCATGAGCTA-1,151670,Br5595,L3,32,72,6410,8109
151670_ACAAGCTATATGGAAG-1,151670,Br5595,L3,37,1,6997,3220
151670_ACAATTTAGGAGGCTC-1,151670,Br5595,L3,31,9,6280,3773
151670_ACAATTTGAGCAGTGG-1,151670,Br5595,L3,28,82,5933,8798
151670_ACACACCAGGACCAGT-1,151670,Br5595,L3,44,90,7850,9344
151670_ACACCCGAGAAATCCG-1,151670,Br5595,L3,19,39,4848,5841
151670_ACACCGGTCTGACCGC-1,151670,Br5595,L6,65,17,10353,4314
151670_ACACCTTAAGTAGGGC-1,151670,Br5595,L3,25,43,5567,6115
151670_ACACGAGACTCCTTCT-1,151670,Br5595,L3,31,71,6290,8040
151670_ACACGGGAACTTAGGG-1,151670,Br5595,L3,27,71,5811,8041
151670_ACACTGGGACAGTCGT-1,151670,Br5595,L5,59,115,9651,11060
151670_ACAGGCTTGCCCGACT-1,151670,Br5595,L5,53,87,8928,9135
151670_ACATCGGTCAGCCGCG-1,151670,Br5595,L5,41,37,7482,5697
151670_ACATCGTTAACCTAGT-1,151670,Br5595,L3,9,75,3656,8322
151670_ACCACAACTCAGAACA-1,151670,Br5595,L3,7,81,3418,8735
151670_ACCAGCCCGGTCTTTG-1,151670,Br5595,L3,4,72,3057,8117
151670_ACCAGTGCCCGGTCAA-1,151670,Br5595,L3,9,103,3661,10249
151670_ACCATCCGCCAACTAG-1,151670,Br5595,L4,44,12,7837,3975
151670_ACCCAACGCCCGTGGC-1,151670,Br5595,L3,30,86,6173,9073
151670_ACCCATCTTGAGGGTA-1,151670,Br5595,L4,37,37,7003,5698
151670_ACCCGAGCGAAATTAC-1,151670,Br5595,L6,61,29,9876,5141
151670_ACCCGGTTACACTTCC-1,151670,Br5595,L5,42,48,7604,6454
151670_ACCCTTCATCTGCGAA-1,151670,Br5595,L3,13,65,4133,7632
151670_ACCGAAAGGGCCCTGC-1,151670,Br5595,L3,9,53,3652,6808
151670_ACCGGTCTGAGTACGG-1,151670,Br5595,L3,4,100,3061,10044
151670_ACCGTTCCCGCTCTGA-1,151670,Br5595,L3,5,65,3175,7635
151670_ACCTACAGTATGTGGT-1,151670,Br5595,L3,41,113,7495,10928
151670_ACCTGCGTGTCATGTT-1,151670,Br5595,L5,46,18,8078,4388
151670_ACGAGGATACCACTCT-1,151670,Br5595,L5,50,18,8557,4387
151670_ACGATCATCTTGTAAA-1,151670,Br5595,L3,36,102,6894,10172
151670_ACGCCCAGCTGTCGAT-1,151670,Br5595,L3,3,71,2937,8048
151670_ACGCGAAGTCAGACGA-1,151670,Br5595,L5,49,59,8444,7209
151670_ACGCGCTACACAGGGT-1,151670,Br5595,L5,41,31,7481,5284
151670_ACGGAGCGCAAATTAC-1,151670,Br5595,L3,18,108,4739,10591
151670_ACGGATGGTGCGGATA-1,151670,Br5595,L6,57,79,9405,8583
151670_ACGGCGACGATGGGAA-1,151670,Br5595,L5,49,77,8447,8448
151670_ACGGGCGTATGCGACA-1,151670,Br5595,L3,24,118,5460,11277
151670_ACGTAGATTGCTGATG-1,151670,Br5595,L3,33,67,6529,7764
151670_ACGTATTACTCCGATC-1,151670,Br5595,L3,41,97,7492,9827
151670_ACGTTAATGTCGAAGA-1,151670,Br5595,L4,41,69,7488,7900
151670_ACGTTCGTTCAGGAAA-1,151670,Br5595,WM,60,44,9759,6173
151670_ACTACATCCCGACAAG-1,151670,Br5595,L6,63,17,10114,4314
151670_ACTAGTTGCGATCGTC-1,151670,Br5595,L4,50,104,8571,10306
151670_ACTCAGACCTGCTTCT-1,151670,Br5595,L3,9,43,3651,6119
151670_ACTCCAATATCATCAT-1,151670,Br5595,WM,63,29,10116,5140
151670_ACTCCCTAATGCTAAA-1,151670,Br5595,L6,57,69,9404,7895
151670_ACTCGATGTATTTCAT-1,151670,Br5595,L3,18,10,4723,3845
151670_ACTCTAAACCTGGGAT-1,151670,Br5595,L3,27,1,5800,3223
151670_ACTCTCTTATACACGA-1,151670,Br5595,L3,8,84,3538,8941
151670_ACTCTTCAGCTCCCGC-1,151670,Br5595,L3,36,126,6898,11824
151670_ACTGCGGACACACCGT-1,151670,Br5595,L3,37,119,7017,11342
151670_ACTGTATACGCGAGCA-1,151670,Br5595,L3,10,36,3769,5637
151670_ACTGTTTAGTGTAGGC-1,151670,Br5595,L3,3,59,2935,7222
151670_ACTTATTAGGATCGGT-1,151670,Br5595,L4,38,52,7125,6730
151670_ACTTCGCTAGCGAGTG-1,151670,Br5595,L3,31,127,6299,11895
151670_ACTTTACCCTCATGAA-1,151670,Br5595,L3,32,106,6416,10449
151670_ACTTTGACTGCATCCT-1,151670,Br5595,L3,39,11,7238,3908
151670_AGAACCCAGCGTGACA-1,151670,Br5595,L3,44,124,7856,11684
151670_AGAAGGTTGCCGAATT-1,151670,Br5595,L5,42,44,7603,6179
151670_AGAATTATGGATTCGA-1,151670,Br5595,L3,32,98,6414,9898
151670_AGAATTGTTTGACATA-1,151670,Br5595,L3,17,23,4606,4740
151670_AGACCATGGGATACAA-1,151670,Br5595,L3,22,28,5205,5083
151670_AGACCCACCGCTGATC-1,151670,Br5595,L5,49,65,8445,7622
151670_AGAGCTACGAAAGCAT-1,151670,Br5595,L3,10,16,3766,4261
151670_AGAGTAAACTTCACTA-1,151670,Br5595,L3,48,106,8332,10444
151670_AGAGTATAGTGTTACG-1,151670,Br5595,L3,28,122,5939,11551
151670_AGAGTTAGAGACCGAT-1,151670,Br5595,L3,6,98,3301,9906
151670_AGATATAATACGACTA-1,151670,Br5595,WM,64,72,10243,8099
151670_AGATCGTGCATAAGAT-1,151670,Br5595,L3,21,97,5097,9833
151670_AGATGACTCGCCCACG-1,151670,Br5595,L3,21,55,5090,6942
151670_AGATGAGGGTTGCGAT-1,151670,Br5595,L3,14,98,4259,9903
151670_AGCACTACCGGCCTGT-1,151670,Br5595,L3,34,20,6641,4529
151670_AGCACTTAAGGACGCC-1,151670,Br5595,L3,31,35,6284,5562
151670_AGCAGAAGGAGAAAGA-1,151670,Br5595,WM,64,68,10242,7824
151670_AGCAGCCAGATGAATA-1,151670,Br5595,L6,56,58,9282,7138
151670_AGCATATCAATATGCT-1,151670,Br5595,L5,51,95,8689,9686
151670_AGCATCGTCGATAATT-1,151670,Br5595,L3,22,52,5209,6735
151670_AGCCACTCCCGTGCTT-1,151670,Br5595,L3,23,81,5334,8731
151670_AGCCCATACATGTAAG-1,151670,Br5595,L5,42,26,7600,4940
151670_AGCCCTAAGCGAAGTT-1,151670,Br5595,L3,15,65,4373,7632
151670_AGCGACAGGAACGGTC-1,151670,Br5595,L5,51,37,8680,5694
151670_AGCGACCAACGATATT-1,151670,Br5595,L3,25,55,5569,6941
151670_AGCGCTAGAGCGATGT-1,151670,Br5595,L3,40,122,7377,11548
151670_AGCGGCGGTTAGCGGT-1,151670,Br5595,L5,50,12,8556,3974
151670_AGCGGGAAGGGTCCAT-1,151670,Br5595,L3,13,37,4129,5705
151670_AGCGGGTCTGACACTC-1,151670,Br5595,WM,66,66,10481,7686
151670_AGCTAACAAGCAATGT-1,151670,Br5595,WM,61,33,9877,5416
151670_AGCTATTTAATCCAAC-1,151670,Br5595,L3,16,74,4494,8251
151670_AGCTCTTCCCAGTGCA-1,151670,Br5595,L3,18,88,4736,9214
151670_AGCTCTTCGTAACCTT-1,151670,Br5595,L3,39,107,7254,10516
151670_AGGAGGCCTTCGCGCG-1,151670,Br5595,L5,52,98,8810,9892
151670_AGGCACGTGACTGTCC-1,151670,Br5595,L5,57,115,9411,11061
151670_AGGCAGGGAGCGTACT-1,151670,Br5595,WM,59,49,9640,6518
151670_AGGCCCTAGAACGCCA-1,151670,Br5595,L5,45,25,7959,4870
151670_AGGCGGTTTGTCCCGC-1,151670,Br5595,L6,59,17,9635,4315
151670_AGGGACCGGCTGCGTT-1,151670,Br5595,L3,36,110,6895,10723
151670_AGGGCGAGCAGCTGAT-1,151670,Br5595,L5,44,20,7839,4526
151670_AGGGCTGCAGTTACAG-1,151670,Br5595,L3,35,65,6768,7626
151670_AGGGTGCTCTCGAGGG-1,151670,Br5595,L3,34,92,6653,9485
151670_AGGGTTCCCTTTGGTT-1,151670,Br5595,L3,30,88,6173,9210
151670_AGGTATAATTGATAGT-1,151670,Br5595,L3,35,109,6776,10654
151670_AGGTTACACCATGCCG-1,151670,Br5595,L3,43,115,7735,11065
151670_AGGTTGAGGCACGCTT-1,151670,Br5595,L3,22,74,5213,8249
151670_AGGTTTCACACACCTT-1,151670,Br5595,L4,41,67,7487,7762
151670_AGTAATGTCTTGCCGC-1,151670,Br5595,L3,16,60,4492,7287
151670_AGTACGGGCACCTGGC-1,151670,Br5595,L3,25,79,5573,8592
151670_AGTAGCGTGAACGAAC-1,151670,Br5595,L3,2,72,2817,8117
151670_AGTATAATACTAGGCA-1,151670,Br5595,L3,25,33,5565,5426
151670_AGTCAACACCACCATC-1,151670,Br5595,L5,41,47,7484,6385
151670_AGTCCCTCGCAGAAAG-1,151670,Br5595,L3,24,124,5461,11690
151670_AGTCGACGGTCTCAAG-1,151670,Br5595,L3,38,90,7132,9346
151670_AGTCGGCTCAACTTTA-1,151670,Br5595,L5,47,23,8198,4732
151670_AGTCGTGGGCATTACG-1,151670,Br5595,L5,51,29,8679,5144
151670_AGTCTAAAGTATACTC-1,151670,Br5595,L3,29,111,6057,10794
151670_AGTGAACAAACTTCTC-1,151670,Br5595,L3,44,102,7852,10170
151670_AGTGAGACTTCCAGTA-1,151670,Br5595,L3,35,87,6772,9140
151670_AGTGAGCCTCGCCGCC-1,151670,Br5595,L3,29,103,6056,10243
151670_AGTTAAGCGGTCCCGG-1,151670,Br5595,L3,16,80,4495,8664
151670_AGTTCCTACAGAATTA-1,151670,Br5595,L3,30,50,6167,6595
151670_AGTTTGGCCAGACCTA-1,151670,Br5595,L5,47,31,8200,5282
151670_ATAAAGGCTCGGTCGT-1,151670,Br5595,L3,34,50,6646,6594
151670_ATAACGCCGGAGGGTC-1,151670,Br5595,L3,35,81,6771,8727
151670_ATAAGGTGGAGAACAT-1,151670,Br5595,L5,50,72,8566,8103
151670_ATAATAGTGTAGGGAC-1,151670,Br5595,L3,18,30,4727,5222
151670_ATAATCTTGGAGAACC-1,151670,Br5595,WM,61,77,9884,8444
151670_ATAATTAGCTAAGTAG-1,151670,Br5595,WM,64,64,10241,7549
151670_ATACAGGCCCTCCAAT-1,151670,Br5595,L6,56,72,9284,8102
151670_ATACCACGGGCAACTT-1,151670,Br5595,L3,35,29,6762,5148
151670_ATACGTCCACTCCTGT-1,151670,Br5595,L4,47,93,8210,9550
151670_ATACTCTCGCCACTCT-1,151670,Br5595,L3,9,25,3648,4880
151670_ATACTTGTTCTCGAGC-1,151670,Br5595,L3,30,10,6160,3842
151670_ATAGCCTCAGTACCCA-1,151670,Br5595,L3,18,14,4724,4121
151670_ATAGGGATATCCTTGA-1,151670,Br5595,L3,21,71,5093,8043
151670_ATAGTTCCACCCACTC-1,151670,Br5595,L3,38,102,7134,10172
151670_ATATAAAGCGCTCGTG-1,151670,Br5595,L6,58,68,9523,7826
151670_ATATCGGTAGGGAGAT-1,151670,Br5595,L3,38,110,7135,10722
151670_ATATCGTTCCTCGAAC-1,151670,Br5595,L5,58,92,9527,9478
151670_ATATTCCACATAGTGA-1,151670,Br5595,L5,51,77,8686,8447
151670_ATCAGACGGCACGCCG-1,151670,Br5595,L5,44,42,7842,6040
151670_ATCAGTAGGCAGGGAT-1,151670,Br5595,L3,23,87,5335,9144
151670_ATCATCCAATATTTGT-1,151670,Br5595,L4,39,59,7246,7212
151670_ATCCACATCGACAGAA-1,151670,Br5595,WM,62,72,10003,8100
151670_ATCCACGCTAAATGTT-1,151670,Br5595,L3,5,83,3178,8874
151670_ATCCAGAGCAACAACC-1,151670,Br5595,L5,50,52,8563,6727
151670_ATCGACTCTTTCCGTT-1,151670,Br5595,L3,23,61,5330,7354
151670_ATCGGAGACAGACGGC-1,151670,Br5595,L5,52,76,8806,8378
151670_ATCGTTAGCTAGCGGA-1,151670,Br5595,L5,58,98,9528,9891
151670_ATCTAATATCCTACGG-1,151670,Br5595,L6,55,67,9164,7758
151670_ATCTGTAATTGTACCC-1,151670,Br5595,L3,15,57,4372,7081
151670_ATGAGGAGTGTTAATC-1,151670,Br5595,L3,25,35,5566,5564
151670_ATGCACGCGCTGTTCA-1,151670,Br5595,L6,59,11,9634,3902
151670_ATGCCGGTTGATGGGA-1,151670,Br5595,L3,19,83,4855,8869
151670_ATGCGAGTCCCACCAC-1,151670,Br5595,L3,48,104,8332,10307
151670_ATGCTCAGTGTTGCAT-1,151670,Br5595,L3,21,29,5086,5152
151670_ATGCTCTGGCGCGGTA-1,151670,Br5595,L6,60,76,9764,8376
151670_ATGCTTAGGAGTTGAT-1,151670,Br5595,L5,56,112,9291,10855
151670_ATGGAAATTTAAGGAG-1,151670,Br5595,L5,53,7,8914,3629
151670_ATGGAGCAGGCCGTGA-1,151670,Br5595,L3,36,66,6888,7694
151670_ATGGCTGGAAATGGCC-1,151670,Br5595,L3,9,93,3659,9561
151670_ATGGTCGCGTGGTTTC-1,151670,Br5595,L4,45,85,7969,9000
151670_ATGTAAGGCTGCTCTT-1,151670,Br5595,L3,32,112,6417,10862
151670_ATGTTTGTAAGATCAT-1,151670,Br5595,L3,2,104,2823,10320
151670_ATTAAACATGCGGACC-1,151670,Br5595,L5,43,59,7725,7211
151670_ATTAGGCGATGCTTTC-1,151670,Br5595,L3,37,71,7009,8038
151670_ATTATTATGTCCGTCA-1,151670,Br5595,WM,59,37,9638,5692
151670_ATTCAACCATTTAAGG-1,151670,Br5595,L5,58,100,9529,10028
151670_ATTCATCGTTGAGGCA-1,151670,Br5595,L6,61,89,9886,9270
151670_ATTCCTCCGCCAGTGC-1,151670,Br5595,L3,23,39,5327,5840
151670_ATTCTCGTCTCTTTAG-1,151670,Br5595,L3,11,51,3892,6669
151670_ATTGATGAGTCCTAAC-1,151670,Br5595,L3,33,99,6534,9967
151670_ATTGCCTTTATGTTTG-1,151670,Br5595,L6,64,84,10245,8925
151670_ATTGGGAATATCTTGG-1,151670,Br5595,L3,12,52,4012,6738
151670_ATTGGTAGGATCCGCT-1,151670,Br5595,L3,25,3,5560,3361
151670_ATTGTCGCAATACCTT-1,151670,Br5595,L3,15,85,4376,9008
151670_ATTTCCGGGTTCTGCG-1,151670,Br5595,L6,55,35,9159,5555
151670_ATTTGTCTTGGGAGCT-1,151670,Br5595,L3,40,84,7370,8932
151670_CAAACTCGCGACGCCG-1,151670,Br5595,L3,45,111,7974,10789
151670_CAAAGATTATTGGGCC-1,151670,Br5595,L6,56,30,9277,5211
151670_CAAAGGTCATCTGAAA-1,151670,Br5595,L3,46,124,8095,11684
151670_CAAATGTCCTTCCGTG-1,151670,Br5595,L5,45,53,7964,6797
151670_CAACTCCAACGTTTAG-1,151670,Br5595,L3,4,86,3059,9080
151670_CAAGACTCAGAAGCGC-1,151670,Br5595,L3,30,126,6180,11826
151670_CAAGCAACGTCGGAGT-1,151670,Br5595,L3,32,38,6405,5768
151670_CAAGGATCGCATGTTC-1,151670,Br5595,L3,40,68,7368,7831
151670_CAATACGCTCTGAGGC-1,151670,Br5595,L3,40,10,7358,3839
151670_CAATCCTGCCGTGGAG-1,151670,Br5595,L3,14,24,4246,4810
151670_CAATGCGAGAAGTATC-1,151670,Br5595,L5,54,82,9047,8791
151670_CAATGTGCCAACCCTT-1,151670,Br5595,L3,37,115,7016,11067
151670_CACAGCTAGGGAGTGA-1,151670,Br5595,L3,20,60,4971,7286
151670_CACAGGGCCGTTGTCA-1,151670,Br5595,WM,62,60,10001,7274
151670_CACAGTCCCGCTTCGC-1,151670,Br5595,L5,60,112,9770,10854
151670_CACATATTAGCAGGAT-1,151670,Br5595,L5,47,73,8207,8173
151670_CACCCACACGTCACCC-1,151670,Br5595,L3,17,43,4609,6117
151670_CACCCTAACAAGATCT-1,151670,Br5595,L5,56,80,9286,8652
151670_CACCGATACACCGAGC-1,151670,Br5595,L3,10,84,3777,8941
151670_CACCGCCAGAAGGTTT-1,151670,Br5595,L3,27,59,5809,7215
151670_CACCGCGTCCACTCTA-1,151670,Br5595,L3,16,104,4499,10316
151670_CACCGTTAGGGATCAC-1,151670,Br5595,L6,53,37,8919,5694
151670_CACCTAATAGAGTCGT-1,151670,Br5595,L3,17,25,4606,4878
151670_CACCTTGCGAAACTCG-1,151670,Br5595,L3,24,84,5454,8937
151670_CACGAAAGTTAGTCCC-1,151670,Br5595,L3,33,29,6523,5149
151670_CACGCAGCGAGGCTTT-1,151670,Br5595,L3,31,43,6286,6113
151670_CACTAAAGTTGCCTAT-1,151670,Br5595,L3,35,51,6766,6662
151670_CACTACTCAGTTCTGT-1,151670,Br5595,L3,5,75,3177,8323
151670_CACTCAAGAGCTATGG-1,151670,Br5595,L4,39,57,7246,7074
151670_CACTCCTCTCGGTCGG-1,151670,Br5595,L3,15,87,4377,9146
151670_CACTGACGATTGTGGA-1,151670,Br5595,WM,65,51,10359,6654
151670_CAGAACTTAGCCCTCT-1,151670,Br5595,L5,53,85,8927,8997
151670_CAGACCTGTAAGTGTT-1,151670,Br5595,L3,31,99,6295,9967
151670_CAGACGAACCTGATAC-1,151670,Br5595,L5,50,50,8562,6589
151670_CAGAGGCGATGCATGA-1,151670,Br5595,L6,54,48,9041,6450
151670_CAGAGTGATTTAACGT-1,151670,Br5595,L3,9,69,3655,7909
151670_CAGCCCTCACAGGCAG-1,151670,Br5595,L3,3,63,2936,7498
151670_CAGCCGGGCCCTCTAT-1,151670,Br5595,L3,11,85,3897,9009
151670_CAGCCTCCTGCAGAGG-1,151670,Br5595,L3,23,77,5333,8455
151670_CAGGAAGACTTTATAT-1,151670,Br5595,L3,13,85,4137,9009
151670_CAGGATATATCGTTGT-1,151670,Br5595,L5,44,60,7845,7279
151670_CAGGCGCACGGTGGTC-1,151670,Br5595,L6,56,28,9277,5073
151670_CAGTAGCCCACGCGGT-1,151670,Br5595,L3,25,91,5575,9418
151670_CAGTGTCCGCAGAATG-1,151670,Br5595,L3,15,37,4368,5705
151670_CATAACGGACAGTCGT-1,151670,Br5595,L3,36,94,6893,9622
151670_CATAATGAGCGGGCGA-1,151670,Br5595,L3,6,46,3292,6327
151670_CATACACGGTTCCCAC-1,151670,Br5595,WM,61,55,9880,6930
151670_CATACCCGTACCCAGT-1,151670,Br5595,L4,37,31,7002,5285
151670_CATACTATGTAATTGT-1,151670,Br5595,L3,36,48,6885,6456
151670_CATACTTAGGCAATAC-1,151670,Br5595,L3,37,113,7016,10929
151670_CATAGCCGCCCGGGAT-1,151670,Br5595,L3,26,22,5683,4669
151670_CATAGTAGCATAGTAG-1,151670,Br5595,L3,19,45,4849,6254
151670_CATAGTCCACAAGAAC-1,151670,Br5595,L5,45,31,7960,5283
151670_CATCAACACCTACTAA-1,151670,Br5595,L3,15,7,4363,3640
151670_CATCCGCAGGCCCGAA-1,151670,Br5595,L3,15,15,4365,4190
151670_CATCCTCTCAAAGATC-1,151670,Br5595,L5,54,92,9048,9479
151670_CATCTAGTGAAGGGAA-1,151670,Br5595,L3,45,121,7975,11478
151670_CATCTATCCCGTGTCT-1,151670,Br5595,L3,18,100,4738,10040
151670_CATGATGGAAGTTAGC-1,151670,Br5595,L3,45,103,7972,10239
151670_CATGGATTGTCTTCCG-1,151670,Br5595,L5,55,101,9169,10098
151670_CATGTCTCATTTATGG-1,151670,Br5595,L5,49,85,8448,8999
151670_CATTCACTGACAGCTA-1,151670,Br5595,L3,5,67,3176,7772
151670_CATTCCCATTCCGTCG-1,151670,Br5595,L3,32,118,6418,11275
151670_CATTCCCTAAGTACAA-1,151670,Br5595,L3,12,18,4006,4398
151670_CATTGTGTGCTAGATC-1,151670,Br5595,L3,13,15,4125,4191
151670_CATTTCTAGCAGACTA-1,151670,Br5595,L3,16,26,4486,4947
151670_CATTTGAGTGGTACGT-1,151670,Br5595,L5,50,48,8562,6452
151670_CCAATAGATTTCATCT-1,151670,Br5595,L3,28,0,5919,3154
151670_CCAATGTCACAGCAAG-1,151670,Br5595,L4,37,49,7005,6524
151670_CCAATTGAATGTTAAT-1,151670,Br5595,L3,20,46,4969,6323
151670_CCACACTGAGATATTA-1,151670,Br5595,L4,39,49,7245,6524
151670_CCACAGCTGAAATCAT-1,151670,Br5595,L3,8,28,3529,5087
151670_CCACATACTGCACCCA-1,151670,Br5595,L3,52,118,8813,11269
151670_CCACCAACTTTACTGT-1,151670,Br5595,L6,52,40,8800,5900
151670_CCAGAAAGCAACTCAT-1,151670,Br5595,L6,52,36,8799,5625
151670_CCAGAGACAAAGCCGG-1,151670,Br5595,L3,23,21,5324,4601
151670_CCAGATAGTTGAGTGA-1,151670,Br5595,L3,28,84,5933,8936
151670_CCAGCCTGGACCAATA-1,151670,Br5595,L3,37,65,7008,7625
151670_CCAGCGGGATCACCAG-1,151670,Br5595,L3,32,124,6419,11688
151670_CCAGGGACGTGGCCTC-1,151670,Br5595,L3,27,53,5808,6802
151670_CCAGTCTAGACGGCGC-1,151670,Br5595,L3,24,86,5454,9075
151670_CCATATGGAAACTATA-1,151670,Br5595,L5,53,103,8930,10236
151670_CCATCCATACCAAGTC-1,151670,Br5595,L3,14,38,4249,5774
151670_CCATGCTCTGCAGGAA-1,151670,Br5595,L3,21,43,5088,6116
151670_CCCAAACATGCTGCTC-1,151670,Br5595,L3,34,88,6652,9209
151670_CCCGAAGTTTCGCGAA-1,151670,Br5595,L4,45,11,7957,3906
151670_CCCGATAGCCTCGCCT-1,151670,Br5595,L3,37,127,7018,11893
151670_CCCGCCATGCTCCCGT-1,151670,Br5595,L3,19,41,4848,5979
151670_CCCGTCAGCGTCTGAC-1,151670,Br5595,L3,23,51,5329,6666
151670_CCCGTTTCGCAGATGT-1,151670,Br5595,L4,52,106,8811,10443
151670_CCCTGAAATGAGTTGA-1,151670,Br5595,L3,31,39,6285,5838
151670_CCCTGATGTAACTCGT-1,151670,Br5595,L3,14,16,4245,4259
151670_CCCTGCCCAATCCGCT-1,151670,Br5595,L4,41,19,7479,4458
151670_CCGAACACTGGGCCTC-1,151670,Br5595,L5,44,18,7838,4388
151670_CCGAAGTATATTGTTC-1,151670,Br5595,L3,22,22,5204,4670
151670_CCGACAATAGGCCGCC-1,151670,Br5595,L5,57,111,9411,10786
151670_CCGAGGGATGTTAGGC-1,151670,Br5595,L3,6,62,3295,7428
151670_CCGATTCGAGGGACCC-1,151670,Br5595,L3,38,20,7120,4528
151670_CCGCATGTGGTACGAT-1,151670,Br5595,L6,56,66,9283,7689
151670_CCGCCACCACAATCCA-1,151670,Br5595,L3,4,66,3056,7704
151670_CCGCCGTTGAGGATAA-1,151670,Br5595,L3,45,119,7975,11340
151670_CCGCCTGCGAATTGGT-1,151670,Br5595,L3,15,97,4378,9834
151670_CCGCGGAATGCGTCAC-1,151670,Br5595,L6,51,45,8681,6245
151670_CCGCGGGTACGAAGAA-1,151670,Br5595,L3,32,26,6403,4942
151670_CCGCGTAGGTAAGGGC-1,151670,Br5595,L3,30,22,6162,4668
151670_CCGGCGCATATTGGAT-1,151670,Br5595,L3,14,56,4252,7013
151670_CCGGCGTGAGACTCTG-1,151670,Br5595,L5,47,11,8196,3906
151670_CCGGGACCCGCAGAGA-1,151670,Br5595,L3,16,52,4491,6737
151670_CCGGGTTCGAGGTTAC-1,151670,Br5595,L4,38,32,7122,5354
151670_CCGTAGGAAATCCCTG-1,151670,Br5595,L5,60,96,9767,9752
151670_CCGTGCCCATGACGGC-1,151670,Br5595,L3,12,48,4011,6462
151670_CCGTGGAACGATCCAA-1,151670,Br5595,L3,24,106,5458,10451
151670_CCTACGGCTCAGTCGA-1,151670,Br5595,L3,16,32,4487,5360
151670_CCTACTGCGGCGGCCA-1,151670,Br5595,L3,22,126,5221,11828
151670_CCTATATCGTGTCACG-1,151670,Br5595,L6,60,10,9753,3833
151670_CCTATCTATATCGGAA-1,151670,Br5595,L3,19,77,4854,8457
151670_CCTATGGCTCCTAGTG-1,151670,Br5595,L6,62,24,9995,4796
151670_CCTCACCAATCTTGAC-1,151670,Br5595,L3,17,35,4608,5566
151670_CCTCACCTGAGGGAGC-1,151670,Br5595,L3,28,102,5936,10175
151670_CCTCACCTTAGCATCG-1,151670,Br5595,L3,27,97,5815,9831
151670_CCTCCCGACAATCCCT-1,151670,Br5595,L3,9,63,3654,7496
151670_CCTCCTGAGCCCACAT-1,151670,Br5595,L3,38,8,7118,3702
151670_CCTCGCGCTGTGCGAT-1,151670,Br5595,L6,57,59,9402,7207
151670_CCTCTATCGATTAGCA-1,151670,Br5595,L5,52,26,8798,4937
151670_CCTGACGCAACCTTTA-1,151670,Br5595,L3,3,87,2940,9149
151670_CCTGCGATAGAACTGT-1,151670,Br5595,L3,8,20,3527,4536
151670_CCTGGAAACGTTCTGC-1,151670,Br5595,L3,39,113,7255,10929
151670_CCTGTCGCCCGTAAAT-1,151670,Br5595,L3,36,62,6888,7419
151670_CCTGTGCGGATTGTAA-1,151670,Br5595,L3,3,99,2941,9975
151670_CCTTGACCACTTTATT-1,151670,Br5595,L5,55,109,9171,10649
151670_CGAAACGCAATTCATG-1,151670,Br5595,L5,41,33,7482,5422
151670_CGAACAGTATGGGCGT-1,151670,Br5595,L4,50,96,8570,9755
151670_CGAACGCCCAGTGCCG-1,151670,Br5595,L3,14,70,4254,7976
151670_CGAAGTTGCTCTGTGT-1,151670,Br5595,L3,33,35,6524,5562
151670_CGAATGACGCATAATG-1,151670,Br5595,WM,63,57,10120,7067
151670_CGAGAGATGTGAACCT-1,151670,Br5595,L3,29,73,6051,8178
151670_CGAGAGGGTAGCCGCG-1,151670,Br5595,L5,56,104,9290,10304
151670_CGAGATTTCGCTCGGG-1,151670,Br5595,L3,42,116,7615,11134
151670_CGAGCTGGGCTTTAGG-1,151670,Br5595,L3,17,67,4613,7769
151670_CGAGGAGCTTCCATAT-1,151670,Br5595,L3,23,117,5340,11209
151670_CGAGGCCAGGCATTGG-1,151670,Br5595,L3,14,22,4246,4672
151670_CGAGGCTAAATATGGC-1,151670,Br5595,L3,29,71,6051,8041
151670_CGAGTGCTATAGTTCG-1,151670,Br5595,L3,10,38,3770,5775
151670_CGAGTTCTGTCCCACC-1,151670,Br5595,L3,27,85,5813,9005
151670_CGATAATACTCAGGTT-1,151670,Br5595,L3,43,117,7735,11203
151670_CGATACCTCGCGGACA-1,151670,Br5595,L5,40,48,7364,6454
151670_CGATATTAGCCGCAGG-1,151670,Br5595,L3,7,35,3410,5569
151670_CGATCTGTTGGAGGAC-1,151670,Br5595,L5,46,24,8079,4801
151670_CGATGGACCCTACGCC-1,151670,Br5595,L3,22,96,5216,9763
151670_CGATTAAATATCTCCT-1,151670,Br5595,L6,56,62,9283,7413
151670_CGCAATCGATCATTAG-1,151670,Br5595,L3,24,0,5440,3155
151670_CGCACGTGCGCTATCA-1,151670,Br5595,L3,39,99,7253,9965
151670_CGCAGGCGATCCAAAC-1,151670,Br5595,L5,52,102,8810,10168
151670_CGCCAAGAAGCCGAGT-1,151670,Br5595,L3,39,17,7239,4321
151670_CGCCATCCGATTATGA-1,151670,Br5595,L3,24,80,5453,8662
151670_CGCCCGCTTCCGTACA-1,151670,Br5595,L3,18,80,4735,8663
151670_CGCCCTTGAAGGCTGA-1,151670,Br5595,L3,24,20,5443,4532
151670_CGCCTCCCTCCTCTAT-1,151670,Br5595,L4,43,73,7728,8174
151670_CGCCTGGCCTACGTAA-1,151670,Br5595,L5,41,27,7481,5009
151670_CGCCTTTAGCATGCTC-1,151670,Br5595,L3,45,117,7975,11202
151670_CGCGACACTGCGCAGC-1,151670,Br5595,L3,24,12,5442,3981
151670_CGCGACCGCGACAGAT-1,151670,Br5595,L6,59,81,9645,8720
151670_CGCGCAAATGTCCAGA-1,151670,Br5595,L6,56,24,9276,4798
151670_CGCGGCAGTATTACGG-1,151670,Br5595,L3,12,16,4006,4260
151670_CGCGGTAAGTCTAGCT-1,151670,Br5595,L3,30,118,6178,11275
151670_CGCGTCATATTAAACC-1,151670,Br5595,L3,2,64,2816,7567
151670_CGCTACGGGACATTTA-1,151670,Br5595,L4,38,48,7125,6455
151670_CGCTAGAGACCGCTGC-1,151670,Br5595,L3,39,101,7253,10103
151670_CGCTTATTCCCGGTCG-1,151670,Br5595,L5,42,30,7601,5215
151670_CGCTTTCTTGCATTCG-1,151670,Br5595,L3,31,85,6293,9004
151670_CGGAAAGAATCAAACG-1,151670,Br5595,WM,58,48,9520,6449
151670_CGGAACGTAAACATAG-1,151670,Br5595,L5,47,45,8202,6246
151670_CGGAGTCCTAACCTGG-1,151670,Br5595,L3,0,102,2583,10183
151670_CGGATAAGCGGACATG-1,151670,Br5595,L3,19,17,4844,4327
151670_CGGCAAACATCGTGCG-1,151670,Br5595,L6,52,66,8804,7690
151670_CGGCAATAAGATCGCC-1,151670,Br5595,L5,54,108,9051,10580
151670_CGGCACCGTTAGCGCC-1,151670,Br5595,L3,11,89,3898,9285
151670_CGGCCCAACCTGTAGT-1,151670,Br5595,L3,28,112,5938,10863
151670_CGGCTGCAAGATTAAG-1,151670,Br5595,L3,4,68,3056,7841
151670_CGGGAATTTATGTAAA-1,151670,Br5595,L5,45,65,7966,7623
151670_CGGGAGTATACCGCCG-1,151670,Br5595,L3,19,15,4844,4189
151670_CGGGCCTTCTTTGTAA-1,151670,Br5595,L5,41,55,7485,6936
151670_CGGGTGTACCCATTTA-1,151670,Br5595,L3,32,86,6412,9072
151670_CGGGTTTGTTAGGGCT-1,151670,Br5595,L5,56,114,9291,10993
151670_CGGTCAAGTGGGAACC-1,151670,Br5595,L3,26,80,5693,8661
151670_CGGTGGGCTCCAGCCT-1,151670,Br5595,L3,15,99,4379,9972
151670_CGGTTCAAGTAGGTGT-1,151670,Br5595,L3,24,98,5456,9900
151670_CGGTTGAGTATCCTTC-1,151670,Br5595,WM,66,30,10475,5208
151670_CGTAGCGAATTGTCAG-1,151670,Br5595,L3,13,71,4134,8045
151670_CGTAGCGCCGACGTTG-1,151670,Br5595,L3,7,53,3413,6808
151670_CGTATTGTTTCCTAAT-1,151670,Br5595,L3,23,125,5341,11759
151670_CGTCAAATGGTCGCAG-1,151670,Br5595,L3,20,124,4982,11691
151670_CGTCGCTTGGTTATAC-1,151670,Br5595,L6,63,25,10115,4865
151670_CGTGACATTGGGTCGT-1,151670,Br5595,L3,15,83,4376,8871
151670_CGTGACCAGTCCTCTG-1,151670,Br5595,WM,63,55,10120,6930
151670_CGTGCATTGTCGACGC-1,151670,Br5595,L4,39,31,7242,5285
151670_CGTGCTTCTACCTAAA-1,151670,Br5595,L6,62,28,9996,5072
151670_CGTTAGCTCACAACTG-1,151670,Br5595,L3,14,90,4257,9353
151670_CGTTCAGACCCGCGAA-1,151670,Br5595,WM,65,61,10360,7342
151670_CGTTCATGGTGCGCGT-1,151670,Br5595,L5,48,20,8318,4525
151670_CGTTCTTCGCACACCT-1,151670,Br5595,L3,19,109,4859,10659
151670_CGTTGCCCGCGTGGGA-1,151670,Br5595,WM,65,45,10358,6241
151670_CGTTTACAAGGCAGCT-1,151670,Br5595,L3,21,117,5100,11209
151670_CGTTTCGCTCATTACA-1,151670,Br5595,L3,35,49,6766,6525
151670_CTAAAGAATGCCTACT-1,151670,Br5595,L4,36,36,6883,5630
151670_CTAAATCCGGTGTACA-1,151670,Br5595,WM,61,35,9877,5554
151670_CTAACTGGTCCGGTTC-1,151670,Br5595,L5,50,36,8560,5626
151670_CTAAGTACAGGGCTAC-1,151670,Br5595,L3,6,102,3301,10181
151670_CTAATTCTCAGATATT-1,151670,Br5595,L3,27,105,5817,10381
151670_CTAATTTCAACAACAC-1,151670,Br5595,L3,21,27,5085,5014
151670_CTACCCTAAGGTCATA-1,151670,Br5595,L3,31,91,6294,9417
151670_CTACTGCCACCTGACC-1,151670,Br5595,L3,27,63,5810,7491
151670_CTAGACTGCATTTCGT-1,151670,Br5595,L3,10,96,3779,9767
151670_CTAGATAAACTCCTCG-1,151670,Br5595,L3,7,25,3408,4881
151670_CTAGCTTAATGGTCCC-1,151670,Br5595,L3,47,125,8215,11752
151670_CTAGGTCTGAAGGAAT-1,151670,Br5595,L3,36,104,6894,10310
151670_CTATCGACGAAATACA-1,151670,Br5595,L5,53,93,8929,9548
151670_CTATGCCCGAATGCAA-1,151670,Br5595,WM,63,59,10121,7205
151670_CTATGGGAAGCGGAAT-1,151670,Br5595,L5,54,104,9050,10305
151670_CTATTTGGTTACGGAT-1,151670,Br5595,L3,36,82,6891,8796
151670_CTCAAGACATTAGCGC-1,151670,Br5595,L3,14,102,4259,10179
151670_CTCACTTGGCTGGTAA-1,151670,Br5595,L4,40,26,7361,4940
151670_CTCATGGTAATTTGCG-1,151670,Br5595,L5,50,26,8558,4937
151670_CTCATTTGATGGGCGG-1,151670,Br5595,L3,22,62,5211,7423
151670_CTCCTAAGTTATGTCT-1,151670,Br5595,L3,12,30,4008,5224
151670_CTCCTGTTCAAGGCAG-1,151670,Br5595,L4,55,117,9172,11199
151670_CTCGAGGTCGAACAGT-1,151670,Br5595,L3,29,59,6049,7215
151670_CTCGGGATAACACCTA-1,151670,Br5595,L3,31,121,6298,11482
151670_CTCGGGTTCTCTGGCC-1,151670,Br5595,L6,61,27,9876,5003
151670_CTCGGTACCACTGCTC-1,151670,Br5595,L3,41,81,7489,8725
151670_CTCTAATGCATTGATC-1,151670,Br5595,L3,24,110,5458,10726
151670_CTCTCGCTGTACTATG-1,151670,Br5595,L3,24,6,5441,3568
151670_CTCTGGACGCCTGGTG-1,151670,Br5595,L3,32,62,6408,7420
151670_CTCTTCTATTGACTGG-1,151670,Br5595,L3,46,100,8091,10032
151670_CTCTTGTCCCGCTTGG-1,151670,Br5595,L6,54,58,9043,7139
151670_CTGAAAGAGATCCGAC-1,151670,Br5595,L3,19,69,4853,7906
151670_CTGAATCCGAGACCTC-1,151670,Br5595,L5,47,53,8203,6797
151670_CTGACTGCGCAGCTCG-1,151670,Br5595,L3,31,101,6295,10105
151670_CTGAGAAAGTTCGGCG-1,151670,Br5595,L3,49,117,8454,11201
151670_CTGATAGTGTATCTCA-1,151670,Br5595,L3,32,16,6401,4254
151670_CTGCACAACTACATAT-1,151670,Br5595,L5,50,76,8567,8379
151670_CTGCACCTGGAACCGC-1,151670,Br5595,L3,15,49,4370,6530
151670_CTGCAGAGAATCAGAG-1,151670,Br5595,L5,61,101,9888,10096
151670_CTGCCATGCATCACAT-1,151670,Br5595,L4,40,62,7367,7418
151670_CTGCCTAGCCACCAAG-1,151670,Br5595,L3,8,80,3537,8666
151670_CTGCCTTTCTAGTAAA-1,151670,Br5595,L6,63,93,10126,9545
151670_CTGCGTTACGATATAA-1,151670,Br5595,L3,16,90,4497,9352
151670_CTGCTTGGCGATAGCT-1,151670,Br5595,L5,53,75,8926,8309
151670_CTGGACGCAGTCCGGC-1,151670,Br5595,L5,51,13,8676,4042
151670_CTGGCGGGAATAAGTA-1,151670,Br5595,L3,20,22,4965,4671
151670_CTGGCTGATTCATCCT-1,151670,Br5595,L3,44,96,7851,9757
151670_CTGGCTGGTTGTCAGT-1,151670,Br5595,L6,54,56,9042,7001
151670_CTGGGTTGAGTTAAAG-1,151670,Br5595,L5,53,11,8915,3904
151670_CTGGTAACACATAGAA-1,151670,Br5595,L3,42,88,7610,9207
151670_CTGGTCCTAACTTGGC-1,151670,Br5595,L3,7,65,3415,7634
151670_CTGTACTTCTTAGCAT-1,151670,Br5595,L4,39,51,7245,6661
151670_CTGTGGTCGGGAGATA-1,151670,Br5595,L5,55,89,9167,9272
151670_CTGTTCACTGCCTGTG-1,151670,Br5595,L3,22,56,5210,7010
151670_CTTAAATAAGACCCAT-1,151670,Br5595,L3,25,9,5561,3774
151670_CTTACACTGGGAAATA-1,151670,Br5595,L3,16,48,4490,6461
151670_CTTAGTAGGCCTACAG-1,151670,Br5595,L3,32,102,6415,10173
151670_CTTCAACTCCACTTGG-1,151670,Br5595,L6,59,77,9645,8445
151670_CTTCATAGCTCAAGAA-1,151670,Br5595,L3,19,37,4847,5703
151670_CTTCCGCTCCGTGAAG-1,151670,Br5595,L6,56,50,9281,6587
151670_CTTCCTGCATATTTAC-1,151670,Br5595,L3,4,104,3062,10319
151670_CTTCGGCCAATTGTTT-1,151670,Br5595,L3,50,110,8572,10719
151670_CTTGACCCGAAAGATA-1,151670,Br5595,L3,9,57,3653,7083
151670_CTTGTCAACATTCGAG-1,151670,Br5595,L5,50,66,8565,7690
151670_CTTTAGGAACACTGTT-1,151670,Br5595,L3,41,87,7490,9138
151670_CTTTGCATCGCTCTTG-1,151670,Br5595,L5,60,94,9767,9615
151670_CTTTGCTGTCATGGAT-1,151670,Br5595,L3,48,122,8335,11545
151670_CTTTGGCTTTAGTAAA-1,151670,Br5595,L3,32,40,6405,5906
151670_GAAACAGCCATGCAGT-1,151670,Br5595,L3,13,61,4133,7357
151670_GAAAGCCCTTTGGACC-1,151670,Br5595,L3,35,21,6761,4597
151670_GAAATACCTGCTGGCT-1,151670,Br5595,L3,7,85,3418,9011
151670_GAAATACTAAACGTTT-1,151670,Br5595,L3,18,22,4725,4671
151670_GAAATTAGCACGGATA-1,151670,Br5595,L3,18,96,4737,9765
151670_GAACACACATCAACCA-1,151670,Br5595,L3,22,50,5209,6597
151670_GAACCTCGACCTACAC-1,151670,Br5595,L3,41,9,7478,3770
151670_GAACGTTAGGAAGACG-1,151670,Br5595,L3,33,15,6520,4185
151670_GAAGCTCGGACCCGTC-1,151670,Br5595,L5,55,21,9156,4592
151670_GAAGTTTCCACTCAAT-1,151670,Br5595,L3,36,46,6885,6318
151670_GAATAGCATTTAGGGT-1,151670,Br5595,L3,46,118,8094,11271
151670_GAATCGCCGGACACGG-1,151670,Br5595,L3,11,41,3890,5981
151670_GAATCTGAACATTCTC-1,151670,Br5595,L4,42,64,7606,7555
151670_GAATGCCGAAATGACC-1,151670,Br5595,L3,21,17,5084,4326
151670_GAATGCGAATCGGTTC-1,151670,Br5595,WM,63,69,10122,7893
151670_GAATGTTGGGTAATCT-1,151670,Br5595,L3,23,69,5332,7905
151670_GAATTTCTCGCTGCAG-1,151670,Br5595,L3,28,30,5924,5219
151670_GACAACGACCATTGAA-1,151670,Br5595,L3,25,77,5573,8455
151670_GACACTGGAACCCGAT-1,151670,Br5595,L4,52,110,8812,10718
151670_GACAGATTTCTGGCTC-1,151670,Br5595,L4,44,8,7837,3700
151670_GACAGGCACACACTAT-1,151670,Br5595,L3,38,22,7120,4665
151670_GACATCGATTTATAAC-1,151670,Br5595,L6,52,50,8802,6589
151670_GACCAGAGCCCTGTAG-1,151670,Br5595,L3,31,47,6286,6388
151670_GACCCAATTATGATAC-1,151670,Br5595,L5,54,20,9036,4523
151670_GACCCGTCGCCGGCTA-1,151670,Br5595,L3,9,59,3653,7220
151670_GACCGACTGAAGCGTC-1,151670,Br5595,L3,34,22,6641,4667
151670_GACGAGGCTAATAAAC-1,151670,Br5595,L5,56,100,9289,10029
151670_GACGTGTAGGGATTAT-1,151670,Br5595,L3,28,32,5924,5357
151670_GACTAAGATCATGCAC-1,151670,Br5595,L3,23,53,5329,6803
151670_GAGACTTCGCGACCGA-1,151670,Br5595,L6,53,57,8923,7070
151670_GAGATCTTCCATGACA-1,151670,Br5595,L4,45,77,7968,8449
151670_GAGATGACAATCCTTA-1,151670,Br5595,L3,27,121,5819,11483
151670_GAGATGGGAGTCGACA-1,151670,Br5595,L5,52,72,8805,8103
151670_GAGCACGGCGCCTCTT-1,151670,Br5595,L3,42,122,7616,11547
151670_GAGCATCAACAACTTG-1,151670,Br5595,WM,64,30,10236,5209
151670_GAGCGAGGGAGTACCG-1,151670,Br5595,L3,14,58,4252,7150
151670_GAGCGCGCACGAGTAG-1,151670,Br5595,L4,49,93,8450,9549
151670_GAGCGCTGTTAGGTAA-1,151670,Br5595,L6,61,23,9875,4728
151670_GAGCTGTCGTCTCGGA-1,151670,Br5595,L3,20,108,4979,10590
151670_GAGGGCGCAGCTCTGC-1,151670,Br5595,L3,27,89,5814,9280
151670_GAGGGTAGTAACAAAG-1,151670,Br5595,WM,63,31,10116,5278
151670_GAGGTACATCCATCTT-1,151670,Br5595,L3,12,68,4014,7839
151670_GAGGTCTTAGTGGGTC-1,151670,Br5595,L3,3,95,2941,9700
151670_GAGTATGCCCGCCTTG-1,151670,Br5595,L5,49,43,8441,6108
151670_GAGTATGCGCGTGCAT-1,151670,Br5595,WM,63,71,10123,8031
151670_GAGTCCGCTTACCGGA-1,151670,Br5595,L5,46,58,8084,7141
151670_GATATCTCATGCAATA-1,151670,Br5595,L3,12,58,4013,7151
151670_GATATGAGACACTAAC-1,151670,Br5595,L3,39,81,7250,8726
151670_GATATGCGGTAGCCAA-1,151670,Br5595,L3,19,91,4856,9420
151670_GATATTTCCTACATGG-1,151670,Br5595,L3,17,89,4617,9283
151670_GATCCTCGACACTGGC-1,151670,Br5595,L5,50,32,8559,5350
151670_GATCGCGGGCTCTCCA-1,151670,Br5595,L3,36,52,6886,6731
151670_GATCGGCGATAAGTCG-1,151670,Br5595,L3,20,14,4963,4120
151670_GATCGGTGGCCATAAC-1,151670,Br5595,L3,28,68,5930,7834
151670_GATCGTGACTGATATC-1,151670,Br5595,L3,38,72,7129,8107
151670_GATCTTGGAGGGCATA-1,151670,Br5595,L5,44,70,7847,7968
151670_GATGACGATGATCGCG-1,151670,Br5595,L3,19,113,4860,10934
151670_GATGCCAGCAGAAGGC-1,151670,Br5595,L3,23,17,5323,4326
151670_GATGCCTTCTGCGGCA-1,151670,Br5595,L6,58,14,9514,4109
151670_GATGCGTCCTGCATTC-1,151670,Br5595,L3,37,57,7006,7075
151670_GATTCCTATACGGCGC-1,151670,Br5595,L3,25,23,5564,4738
151670_GATTGCTCCAGTTGCA-1,151670,Br5595,WM,63,27,10115,5002
151670_GCAAACGTCGCCAGGT-1,151670,Br5595,L3,47,117,8214,11202
151670_GCAAAGGGCGTTAGCC-1,151670,Br5595,L6,66,20,10473,4520
151670_GCAACAGCAGTATGCG-1,151670,Br5595,L3,46,106,8092,10445
151670_GCAACCACCAGACCGG-1,151670,Br5595,L3,14,92,4258,9490
151670_GCAAGTGCACAGAGAA-1,151670,Br5595,L3,24,42,5447,6046
151670_GCACAACCTCGGGCGT-1,151670,Br5595,L5,58,10,9514,3834
151670_GCACACACTGGTAGCC-1,151670,Br5595,L5,56,94,9288,9616
151670_GCACGCCTACTTAGAT-1,151670,Br5595,L6,55,39,9159,5831
151670_GCACTGTGCAAATGTA-1,151670,Br5595,L3,9,33,3649,5431
151670_GCAGAAGGTAATCTCC-1,151670,Br5595,L3,50,122,8574,11545
151670_GCAGATCCATAAGACT-1,151670,Br5595,L5,51,85,8688,8998
151670_GCAGATTAGGGATATC-1,151670,Br5595,L3,37,61,7007,7350
151670_GCAGCGGTGGGCATTA-1,151670,Br5595,L3,7,31,3409,5294
151670_GCAGGACTATAGAATA-1,151670,Br5595,L3,35,37,6764,5699
151670_GCAGTGTGGCTATAGG-1,151670,Br5595,L6,59,83,9646,8858
151670_GCAGTTCGATCCGAGC-1,151670,Br5595,L5,56,118,9292,11268
151670_GCATAGAGCACTCAGG-1,151670,Br5595,L3,37,59,7007,7212
151670_GCATTTCCAAGGCTCC-1,151670,Br5595,L3,33,111,6536,10793
151670_GCCACTCAGAGCGCGA-1,151670,Br5595,L5,59,95,9648,9684
151670_GCCACTCCTTACGGTA-1,151670,Br5595,L4,55,119,9172,11337
151670_GCCATTAGCCTCAAAC-1,151670,Br5595,L5,55,13,9155,4041
151670_GCCCAGTTGGTATGCC-1,151670,Br5595,L3,22,38,5207,5771
151670_GCCCGATCTGTGGTCG-1,151670,Br5595,L6,53,63,8924,7483
151670_GCCCGCGCGTTTGACA-1,151670,Br5595,L3,20,40,4968,5910
151670_GCCGAAATTCCTACGT-1,151670,Br5595,L3,35,45,6765,6249
151670_GCCGATTGGCCAAGCT-1,151670,Br5595,L4,41,61,7486,7349
151670_GCCGCACTCCGTTTCA-1,151670,Br5595,L3,43,121,7736,11478
151670_GCCGTGGAAGAAATGT-1,151670,Br5595,L3,39,115,7256,11066
151670_GCCTATAGTGTCAGGG-1,151670,Br5595,L3,29,91,6054,9417
151670_GCCTATGCTGGGCCTT-1,151670,Br5595,L3,18,114,4740,11003
151670_GCCTCATCTGGAAATA-1,151670,Br5595,L3,41,95,7492,9689
151670_GCCTTGTATATGCAGT-1,151670,Br5595,L3,17,15,4604,4190
151670_GCCTTTGTCAGTGGAC-1,151670,Br5595,L6,64,10,10232,3832
151670_GCGAAACTTAACTGGA-1,151670,Br5595,L4,44,82,7849,8793
151670_GCGACCCAACCATCTG-1,151670,Br5595,L6,59,33,9637,5417
151670_GCGCTGATCCAGACTC-1,151670,Br5595,L3,17,87,4616,9145
151670_GCGCTGCTTTGCATTT-1,151670,Br5595,L3,28,94,5935,9624
151670_GCGCTTAAATAATTGG-1,151670,Br5595,L5,57,89,9407,9272
151670_GCGGGCATTACGATGC-1,151670,Br5595,L3,31,119,6298,11344
151670_GCGGTCCCGGTGAAGG-1,151670,Br5595,L3,17,119,4621,11348
151670_GCGGTGAACTGCGCTC-1,151670,Br5595,L3,20,94,4977,9626
151670_GCGGTTCCCTATCATG-1,151670,Br5595,L5,47,49,8203,6521
151670_GCGTAAATGGCCATAA-1,151670,Br5595,L3,34,102,6655,10173
151670_GCGTCGAAATGTCGGT-1,151670,Br5595,L3,17,65,4613,7631
151670_GCGTCTCTGCATTGGG-1,151670,Br5595,L4,39,41,7243,5973
151670_GCGTGGTACTGGGTTA-1,151670,Br5595,L3,35,95,6773,9691
151670_GCTAGACCGTCTACTG-1,151670,Br5595,L3,42,104,7613,10308
151670_GCTAGCGATAGGTCTT-1,151670,Br5595,WM,66,24,10474,4795
151670_GCTAGCTTGAATAGCT-1,151670,Br5595,L6,52,44,8801,6176
151670_GCTCAACCTCTTAGAG-1,151670,Br5595,L3,17,9,4603,3777
151670_GCTCAATGTAATACCG-1,151670,Br5595,WM,62,58,10001,7136
151670_GCTCATTACTGCATGT-1,151670,Br5595,L3,13,93,4138,9560
151670_GCTCCCAGTCGGTCCA-1,151670,Br5595,L3,43,109,7734,10652
151670_GCTCGCTCATGTCCAA-1,151670,Br5595,L3,41,99,7492,9964
151670_GCTGCTCTCCGGACAC-1,151670,Br5595,L3,31,63,6289,7489
151670_GCTGGCAGGTGCCGTG-1,151670,Br5595,L3,26,2,5680,3292
151670_GCTGGCATATTCACCT-1,151670,Br5595,L3,31,31,6284,5287
151670_GCTTCCGTCCCTAGAC-1,151670,Br5595,L3,29,77,6052,8454
151670_GCTTGATGATAATCAG-1,151670,Br5595,L3,22,36,5207,5634
151670_GGAAACCTTGTTGAAT-1,151670,Br5595,L3,20,106,4979,10452
151670_GGAAAGTGCCCATGCC-1,151670,Br5595,L3,20,90,4976,9351
151670_GGAATAACCTCAAGAA-1,151670,Br5595,L3,6,60,3294,7290
151670_GGACGGCTTGCGCAAC-1,151670,Br5595,L3,7,101,3421,10112
151670_GGAGGCGAAGAACCGC-1,151670,Br5595,L3,3,101,2942,10113
151670_GGATCATCCCGTACGC-1,151670,Br5595,L3,17,101,4619,10109
151670_GGATCCGGAATATACT-1,151670,Br5595,L3,34,82,6651,8796
151670_GGATGTCCTTACCGCA-1,151670,Br5595,L3,35,91,6773,9416
151670_GGATTGCTGTGACTCC-1,151670,Br5595,L6,60,84,9765,8927
151670_GGATTTCACTTCTATA-1,151670,Br5595,L3,31,83,6292,8866
151670_GGCAAAGGCGCCAATA-1,151670,Br5595,L6,54,34,9039,5487
151670_GGCAAGGCGAAATAGC-1,151670,Br5595,L5,45,69,7967,7898
151670_GGCAATAGTCAATGAG-1,151670,Br5595,L3,30,70,6170,7972
151670_GGCATACAGGTAGCGG-1,151670,Br5595,L3,34,32,6643,5355
151670_GGCCTGCTTCTCCCGA-1,151670,Br5595,L5,59,113,9651,10923
151670_GGCGCATGAATTGATG-1,151670,Br5595,L5,42,54,7605,6867
151670_GGCGCGGAGATCTTTC-1,151670,Br5595,L6,58,86,9526,9065
151670_GGCGCGTTCGAGTTTA-1,151670,Br5595,L5,47,59,8204,7210
151670_GGCGGAGTAATATTAG-1,151670,Br5595,L3,32,46,6406,6319
151670_GGCGGTTTGCCGGTGC-1,151670,Br5595,L3,15,11,4364,3915
151670_GGCTAAAGGGCGGGTC-1,151670,Br5595,L3,19,99,4858,9971
151670_GGCTCGTGCCACCAGC-1,151670,Br5595,L3,20,38,4967,5772
151670_GGCTGAAATAGCAAAG-1,151670,Br5595,L5,49,79,8447,8586
151670_GGCTTGGCTCTCACCT-1,151670,Br5595,L3,24,2,5440,3293
151670_GGGAACGGGAGGTTAG-1,151670,Br5595,L4,39,37,7243,5698
151670_GGGAAGACGGTCTGTC-1,151670,Br5595,WM,64,76,10243,8375
151670_GGGAAGGGCTTTCTCA-1,151670,Br5595,L6,63,87,10125,9132
151670_GGGACAGAGTTACTCC-1,151670,Br5595,L6,57,19,9395,4453
151670_GGGACTGCATAGATAG-1,151670,Br5595,L3,32,60,6408,7283
151670_GGGATCCCAATACAAA-1,151670,Br5595,L3,18,120,4741,11416
151670_GGGATGGTCGTAACCG-1,151670,Br5595,L5,47,43,8202,6108
151670_GGGCCCGTCTTAAACA-1,151670,Br5595,L5,42,52,7604,6729
151670_GGGCCTAAATGGGCTA-1,151670,Br5595,L4,45,9,7957,3769
151670_GGGCGAATTTCTCCAC-1,151670,Br5595,L3,17,7,4603,3639
151670_GGGCGGGTTCCCTACG-1,151670,Br5595,L5,43,37,7722,5696
151670_GGGTACCCACGGTCCT-1,151670,Br5595,L3,14,26,4247,4948
151670_GGGTATGTATGCACTT-1,151670,Br5595,L3,28,28,5924,5081
151670_GGGTCACCGTGACGGT-1,151670,Br5595,L3,35,47,6765,6387
151670_GGGTCACGTGCTTATG-1,151670,Br5595,L3,2,102,2822,10182
151670_GGGTCAGGAGCTAGAT-1,151670,Br5595,WM,65,55,10359,6929
151670_GGGTGACACCTTAACT-1,151670,Br5595,L5,46,56,8084,7003
151670_GGGTGCATATGAAAGC-1,151670,Br5595,L3,30,112,6177,10862
151670_GGGTGGTCCAGCCTGT-1,151670,Br5595,L3,7,69,3416,7909
151670_GGGTTAACATTTGAGT-1,151670,Br5595,L6,54,50,9041,6588
151670_GGGTTTAGGATAGGAT-1,151670,Br5595,L3,43,107,7733,10514
151670_GGTAAATGTGCGTTAC-1,151670,Br5595,L3,11,81,3897,8734
151670_GGTACACCAGATTTAT-1,151670,Br5595,L3,26,118,5699,11276
151670_GGTAGACCGTTGGGCG-1,151670,Br5595,L6,53,53,8922,6795
151670_GGTCGGATAAACGGCG-1,151670,Br5595,L3,23,97,5336,9832
151670_GGTCTCTGAATGGACT-1,151670,Br5595,L6,52,34,8799,5487
151670_GGTCTTGAGCGCTCTT-1,151670,Br5595,WM,65,65,10361,7617
151670_GGTGAAACCGGGAATG-1,151670,Br5595,L3,6,48,3292,6464
151670_GGTGAACGGGCTAGCC-1,151670,Br5595,L3,8,32,3529,5362
151670_GGTGAAGTACAGGGAT-1,151670,Br5595,L5,47,37,8201,5695
151670_GGTTACCCGACACTTT-1,151670,Br5595,L3,33,123,6538,11619
151670_GGTTAGCTATATGTCT-1,151670,Br5595,L4,47,87,8209,9137
151670_GGTTAGTTACGGCGCC-1,151670,Br5595,L3,27,23,5803,4737
151670_GGTTGTGTAGCCTGGC-1,151670,Br5595,L3,33,13,6520,4047
151670_GGTTTAATTACCATCG-1,151670,Br5595,WM,63,39,10117,5828
151670_GGTTTAGCCTTTCTTG-1,151670,Br5595,L3,46,102,8092,10169
151670_GGTTTCAATCGGTCAG-1,151670,Br5595,L3,33,91,6533,9416
151670_GTAACTGCCCAAGGAG-1,151670,Br5595,WM,66,46,10478,6309
151670_GTACACTTACCTGAAG-1,151670,Br5595,L3,36,64,6888,7557
151670_GTACAGAGGCAAGGGT-1,151670,Br5595,L3,37,83,7011,8864
151670_GTACGACGGCGCTGCG-1,151670,Br5595,L3,12,26,4007,4948
151670_GTACGCTTCATTGCAC-1,151670,Br5595,L5,46,72,8087,8105
151670_GTACTAAGATTTGGAG-1,151670,Br5595,L3,27,55,5809,6940
151670_GTACTGAGGTCGTAAC-1,151670,Br5595,L3,11,47,3891,6394
151670_GTAGCGGCTATACACT-1,151670,Br5595,L3,39,69,7248,7900
151670_GTATAGGACTCAGTAG-1,151670,Br5595,L3,20,58,4971,7148
151670_GTATAGTGGCCCATGT-1,151670,Br5595,L3,4,92,3060,9493
151670_GTATCAGCTTGGGTTC-1,151670,Br5595,L3,20,34,4967,5497
151670_GTATGACGTGGGAAAC-1,151670,Br5595,L3,7,29,3409,5156
151670_GTCAAGCGGACTCGGG-1,151670,Br5595,L3,39,77,7249,8451
151670_GTCAATGCTATAATTT-1,151670,Br5595,L3,22,120,5220,11415
151670_GTCACAAAGTTTCCAA-1,151670,Br5595,L3,9,61,3654,7358
151670_GTCACTCTCCAAATCT-1,151670,Br5595,L3,23,31,5325,5289
151670_GTCAGTTTGGTAGTCG-1,151670,Br5595,L3,29,13,6041,4049
151670_GTCATTAGAGCGAACG-1,151670,Br5595,L3,37,67,7008,7763
151670_GTCATTGCATTGACCC-1,151670,Br5595,L3,31,17,6281,4323
151670_GTCCATTACTGCTACG-1,151670,Br5595,L3,42,106,7613,10446
151670_GTCCCAACGTAAAGTA-1,151670,Br5595,L3,33,73,6530,8177
151670_GTCCCGCGACGTTATG-1,151670,Br5595,L6,58,82,9526,8789
151670_GTCCTATTGTTGTGGT-1,151670,Br5595,L3,29,7,6040,3636
151670_GTCCTTTAATGACTTC-1,151670,Br5595,L3,8,104,3541,10318
151670_GTCGGATATCTCAGAC-1,151670,Br5595,L3,32,36,6404,5631
151670_GTCTACTCAATTACAA-1,151670,Br5595,L3,37,13,6999,4046
151670_GTCTCAAGGCCCGGCT-1,151670,Br5595,WM,60,66,9762,7688
151670_GTCTCCTGCCAGTATG-1,151670,Br5595,L6,59,13,9634,4040
151670_GTCTGGGCGGTCGAGA-1,151670,Br5595,L5,46,44,8082,6177
151670_GTCTTAGTACAGCCGG-1,151670,Br5595,L3,12,78,4016,8527
151670_GTGAAACGGCGCCACC-1,151670,Br5595,L3,24,88,5455,9212
151670_GTGACGCAGGTTTCAT-1,151670,Br5595,WM,65,75,10363,8306
151670_GTGACTTCAGTAGTGC-1,151670,Br5595,L5,46,50,8083,6590
151670_GTGAGGACACTTAAGG-1,151670,Br5595,L3,41,77,7489,8450
151670_GTGAGGAGCGGTTGAG-1,151670,Br5595,L3,13,87,4137,9147
151670_GTGATGCACAACATCT-1,151670,Br5595,L3,12,96,4019,9766
151670_GTGCACGAAAGTGACT-1,151670,Br5595,L3,17,71,4614,8044
151670_GTGCGAAATCGAACAC-1,151670,Br5595,L5,45,43,7962,6109
151670_GTGCGGGACCATCGGC-1,151670,Br5595,L3,6,40,3291,5914
151670_GTGCGTGTATATGAGC-1,151670,Br5595,L3,41,83,7490,8863
151670_GTGGACGCATTTGTCC-1,151670,Br5595,L6,56,64,9283,7551
151670_GTGGCCTAATATCATT-1,151670,Br5595,L3,35,1,6758,3221
151670_GTGGTTACTTCTTTCG-1,151670,Br5595,L3,31,105,6296,10380
151670_GTGTACCTTGGCTACG-1,151670,Br5595,L3,26,78,5693,8523
151670_GTTAAGGGTGCGATGT-1,151670,Br5595,WM,61,71,9883,8031
151670_GTTAAGTTAGAGTGGG-1,151670,Br5595,L3,36,116,6896,11136
151670_GTTAGCCGTAAATCAA-1,151670,Br5595,L3,30,110,6177,10725
151670_GTTAGGCTACCCGTTT-1,151670,Br5595,L5,54,14,9035,4110
151670_GTTATAATACGGTGAA-1,151670,Br5595,L4,53,107,8931,10512
151670_GTTCCAGTCTGACCAT-1,151670,Br5595,L3,17,53,4611,6805
151670_GTTCCCGTAAACATAT-1,151670,Br5595,L5,59,119,9652,11336
151670_GTTGAGTCCCGCCGGT-1,151670,Br5595,L5,52,78,8806,8516
151670_GTTGCACGGAGTTTCG-1,151670,Br5595,L3,24,48,5448,6459
151670_GTTGCGCTAACATTAC-1,151670,Br5595,L3,41,119,7496,11341
151670_GTTGGACCGCATCAGG-1,151670,Br5595,L3,20,116,4980,11141
151670_GTTGGATTTGCGTTGG-1,151670,Br5595,L3,36,50,6886,6593
151670_GTTTGGCCGCTCAGCG-1,151670,Br5595,L3,12,32,4008,5361
151670_TAAACGTCGTCAATGA-1,151670,Br5595,L3,18,12,4724,3983
151670_TAAAGACAACCCTTTA-1,151670,Br5595,L3,40,118,7376,11272
151670_TAAAGAGCCCGAAACC-1,151670,Br5595,L3,10,46,3771,6325
151670_TAAAGCGGTATTTCCA-1,151670,Br5595,WM,63,49,10119,6517
151670_TAAATCTTTACACCTC-1,151670,Br5595,L3,24,120,5460,11415
151670_TAACAATATTTGTTGC-1,151670,Br5595,L3,28,16,5922,4255
151670_TAACATACACGCGATC-1,151670,Br5595,L6,55,25,9157,4867
151670_TAAGCGCGAATCAAAT-1,151670,Br5595,WM,65,25,10355,4864
151670_TAAGGCATAACATCAA-1,151670,Br5595,L6,57,49,9400,6518
151670_TAAGTAACATCTTGAC-1,151670,Br5595,L5,46,40,8082,5902
151670_TAAGTTGCGACGTAGG-1,151670,Br5595,L5,53,95,8929,9686
151670_TAATAAACAAGGAGAT-1,151670,Br5595,L3,17,91,4617,9421
151670_TAATAGGTCACCAGAA-1,151670,Br5595,L6,61,21,9875,4590
151670_TAATTGGAATCGGGAA-1,151670,Br5595,L3,17,105,4619,10384
151670_TACAACGCACAACTCA-1,151670,Br5595,L5,41,49,7484,6523
151670_TACAGAAACGGTGGGC-1,151670,Br5595,L6,59,85,9646,8996
151670_TACATGCCGGAATTGT-1,151670,Br5595,L4,54,122,9053,11544
151670_TACCAGCTAGGTTTAA-1,151670,Br5595,L3,11,65,3894,7633
151670_TACCGGTCGTTTCCAT-1,151670,Br5595,L5,44,34,7841,5490
151670_TACCTACTCCCAGTAT-1,151670,Br5595,WM,58,62,9522,7413
151670_TACCTGCTGCACTGTG-1,151670,Br5595,L3,28,22,5923,4668
151670_TACGAACACGACTTCA-1,151670,Br5595,L3,31,53,6287,6801
151670_TACGACGCTTGCTGCG-1,151670,Br5595,L5,46,54,8084,6866
151670_TACGACTGCCTCTTAG-1,151670,Br5595,L5,44,66,7846,7692
151670_TACGAGAACTTCACGT-1,151670,Br5595,L3,35,39,6764,5836
151670_TACGCAGTTCTTTCCT-1,151670,Br5595,L5,41,51,7485,6661
151670_TACGCCATATTCTAAT-1,151670,Br5595,L4,40,58,7366,7143
151670_TACGCCGAGGGTACCC-1,151670,Br5595,L6,56,34,9278,5486
151670_TACGCTATAGAAACCT-1,151670,Br5595,L3,34,104,6655,10311
151670_TACGTGCAAGGTTCCT-1,151670,Br5595,L3,34,126,6659,11825
151670_TACTATGGTTCCTCAG-1,151670,Br5595,L6,57,47,9400,6381
151670_TACTCCTCTAGTTGAC-1,151670,Br5595,WM,64,36,10237,5622
151670_TACTCTCCGAACAAAT-1,151670,Br5595,L3,21,81,5094,8731
151670_TACTCTTACTTTACTG-1,151670,Br5595,L5,59,111,9650,10785
151670_TACTGAACAGATTTAG-1,151670,Br5595,L6,56,44,9280,6174
151670_TACTTTCCGCACGCCA-1,151670,Br5595,L5,47,19,8198,4456
151670_TAGAAACCACTAAGTA-1,151670,Br5595,L3,5,79,3178,8598
151670_TAGAAAGGTGGCGCTA-1,151670,Br5595,L3,31,81,6292,8728
151670_TAGAAATTCACGTATA-1,151670,Br5595,L3,36,10,6879,3840
151670_TAGATATGGACTGGAA-1,151670,Br5595,L5,49,53,8443,6796
151670_TAGATCCGAAGTCGCA-1,151670,Br5595,L3,10,72,3775,8115
151670_TAGATTCCTGGTTATT-1,151670,Br5595,L3,32,20,6402,4530
151670_TAGCAACCTGTCACAA-1,151670,Br5595,L3,22,26,5205,4945
151670_TAGCCATTTCAAAGTC-1,151670,Br5595,L3,43,89,7730,9276
151670_TAGCGTTGGGTCTTAC-1,151670,Br5595,L3,38,68,7128,7832
151670_TAGCTCGCCTGATAAC-1,151670,Br5595,L5,50,58,8564,7140
151670_TAGGGTGTTTCAAGAG-1,151670,Br5595,L3,22,54,5210,6873
151670_TAGGTGACGATAACCT-1,151670,Br5595,L6,61,79,9884,8582
151670_TAGTAGCTTATACCAG-1,151670,Br5595,WM,61,43,9878,6104
151670_TAGTCCGCAGAGAATG-1,151670,Br5595,L4,39,53,7245,6799
151670_TAGTCCGTATGCATAA-1,151670,Br5595,L3,15,13,4364,4053
151670_TAGTGTCAGAAACGGC-1,151670,Br5595,L3,21,19,5084,4464
151670_TAGTTAAGATAGGATA-1,151670,Br5595,L3,12,82,4017,8803
151670_TATAAATCCACAAGCT-1,151670,Br5595,L3,20,44,4968,6185
151670_TATACACAGACGCCTT-1,151670,Br5595,L5,50,60,8564,7277
151670_TATAGAGTCGCTTGAA-1,151670,Br5595,WM,64,46,10238,6310
151670_TATATATCGAGAAATG-1,151670,Br5595,L6,60,28,9756,5072
151670_TATCCATATCATGCGA-1,151670,Br5595,L3,18,52,4730,6736
151670_TATCCATCTCGGTTAG-1,151670,Br5595,L6,61,17,9874,4315
151670_TATCCGCACCGTCGGG-1,151670,Br5595,WM,59,53,9641,6793
151670_TATCCTGCATGGGAAT-1,151670,Br5595,L3,14,54,4251,6875
151670_TATCTACAGAGGTAAT-1,151670,Br5595,L3,30,24,6163,4805
151670_TATCTACCACAGCGGG-1,151670,Br5595,L4,42,60,7606,7280
151670_TATGAAGACAGGTGCG-1,151670,Br5595,L3,29,21,6042,4599
151670_TATGATCTTCTCTTTA-1,151670,Br5595,L5,58,90,9527,9340
151670_TATGATTCTGCTTGGT-1,151670,Br5595,L3,5,35,3170,5570
151670_TATGGCCCGGCCTCGC-1,151670,Br5595,L3,30,30,6164,5218
151670_TATGGCTAGGCTAATT-1,151670,Br5595,L3,27,125,5820,11758
151670_TATGTCAAGACCGACT-1,151670,Br5595,L3,20,92,4976,9489
151670_TATTACCATCCTGCTT-1,151670,Br5595,L3,38,96,7133,9759
151670_TATTCCGGCAGTCCTA-1,151670,Br5595,L3,5,57,3174,7084
151670_TATTCGTGCCAGAATA-1,151670,Br5595,L3,34,64,6648,7557
151670_TATTGACATTTCTGCC-1,151670,Br5595,L3,35,117,6777,11205
151670_TATTTAGTCTAGATCG-1,151670,Br5595,L3,18,58,4731,7149
151670_TATTTGTTACCCTTTA-1,151670,Br5595,L3,24,46,5448,6321
151670_TCAACATAGCGCCCTA-1,151670,Br5595,WM,58,44,9519,6174
151670_TCAACCATGTTCGGGC-1,151670,Br5595,L3,25,51,5568,6665
151670_TCACAGATCCTCAAAC-1,151670,Br5595,L3,11,15,3886,4191
151670_TCACAGGTTATTGGGC-1,151670,Br5595,L3,32,48,6406,6457
151670_TCACCGCTCGGCACTC-1,151670,Br5595,L3,30,92,6174,9486
151670_TCACGTGCCCGATTCA-1,151670,Br5595,L3,38,62,7127,7419
151670_TCAGACGCTATAGAAG-1,151670,Br5595,L5,48,72,8326,8104
151670_TCAGCAAATGCATCTC-1,151670,Br5595,L3,31,73,6291,8178
151670_TCAGGGTGTAACGTAA-1,151670,Br5595,L3,28,72,5931,8110
151670_TCAGGTTCTTTGAGAA-1,151670,Br5595,L3,30,42,6166,6044
151670_TCAGTGTATACGTCAT-1,151670,Br5595,L6,58,36,9518,5623
151670_TCAGTTACGGAATGAT-1,151670,Br5595,L3,3,75,2938,8323
151670_TCATACTTACAGATCC-1,151670,Br5595,L3,22,24,5205,4808
151670_TCATCACTCGAGCTCG-1,151670,Br5595,L3,17,29,4607,5153
151670_TCCAGCGCTATAAGCG-1,151670,Br5595,L4,52,116,8813,11131
151670_TCCAGGGTATATACGA-1,151670,Br5595,WM,61,63,9882,7481
151670_TCCCAAAGCCCTAAAT-1,151670,Br5595,L3,39,117,7256,11204
151670_TCCCACTCTCTTCCGG-1,151670,Br5595,L3,31,107,6296,10518
151670_TCCCAGGCTTAGCTAA-1,151670,Br5595,L3,30,48,6167,6457
151670_TCCCGGTCAGGAATTT-1,151670,Br5595,L3,8,36,3530,5638
151670_TCCCTGGCTCGCTGGA-1,151670,Br5595,L3,33,27,6522,5011
151670_TCCGAACTTGGCTTAC-1,151670,Br5595,L3,33,19,6521,4460
151670_TCCGATTACATTGCCG-1,151670,Br5595,L3,32,32,6404,5355
151670_TCCTTTCTTACGCTTA-1,151670,Br5595,L3,30,62,6169,7421
151670_TCGCCGGATGGGCAAG-1,151670,Br5595,L3,26,4,5680,3430
151670_TCGCTAAACCGCTATC-1,151670,Br5595,L3,19,89,4856,9282
151670_TCGCTGGGCGGATTGT-1,151670,Br5595,L3,28,74,5931,8247
151670_TCGGAGTACATGAGTA-1,151670,Br5595,L3,32,74,6410,8246
151670_TCGGCGTACTGCACAA-1,151670,Br5595,L5,49,13,8436,4043
151670_TCGGGTGAAACTGCTA-1,151670,Br5595,L3,10,56,3773,7014
151670_TCGGTCCCTGACTCCA-1,151670,Br5595,L3,10,90,3778,9354
151670_TCGTAAGCTCCGAGGA-1,151670,Br5595,L3,16,106,4500,10453
151670_TCGTCAAGTACGCGCA-1,151670,Br5595,L6,56,38,9279,5762
151670_TCGTGTATTGGTCACG-1,151670,Br5595,L4,53,117,8933,11200
151670_TCGTGTCACGCTGACA-1,151670,Br5595,L5,43,23,7719,4733
151670_TCTACCCAATAGAGAG-1,151670,Br5595,L5,56,106,9290,10442
151670_TCTAGCAATCTCCGCC-1,151670,Br5595,L5,46,30,8080,5214
151670_TCTATCATGCAGTTAC-1,151670,Br5595,L3,18,40,4728,5910
151670_TCTATTACGCTGGCGA-1,151670,Br5595,L3,14,34,4248,5498
151670_TCTATTACTAGAGGAT-1,151670,Br5595,L4,41,15,7479,4183
151670_TCTCGAACGAGGTCAC-1,151670,Br5595,L3,12,94,4019,9629
151670_TCTCGACGTATCGCCG-1,151670,Br5595,L3,45,113,7974,10927
151670_TCTCTCGCCGCACATA-1,151670,Br5595,L5,55,115,9172,11062
151670_TCTGAACCGGTCGGCT-1,151670,Br5595,L3,21,37,5087,5703
151670_TCTGAACTCGTACCCG-1,151670,Br5595,L4,47,95,8210,9687
151670_TCTGACGGGCTAACCC-1,151670,Br5595,L3,28,120,5939,11414
151670_TCTGCACCATTAGTAA-1,151670,Br5595,L3,25,127,5581,11896
151670_TCTGCCAGAAACTGCA-1,151670,Br5595,L3,41,79,7489,8588
151670_TCTGCGAATCGTTCGC-1,151670,Br5595,L3,17,123,4622,11623
151670_TCTGGAGCGTAAGAGT-1,151670,Br5595,L3,38,126,7138,11824
151670_TCTGGGTAGCGCTCAT-1,151670,Br5595,L5,40,36,7362,5628
151670_TCTTACAGAGGTACCG-1,151670,Br5595,L3,15,45,4370,6255
151670_TCTTACCGGAACTCGT-1,151670,Br5595,L3,21,91,5096,9420
151670_TCTTACGGCATCCGAC-1,151670,Br5595,L3,25,29,5565,5151
151670_TCTTCCCATGGGCACA-1,151670,Br5595,L3,32,96,6414,9761
151670_TCTTCGCGGTGAGAGG-1,151670,Br5595,L5,60,116,9771,11129
151670_TCTTTAAGACTATGAA-1,151670,Br5595,L3,34,98,6654,9898
151670_TGAAACTTATGCAAGC-1,151670,Br5595,L3,11,73,3895,8184
151670_TGAACAAGCAGGGACT-1,151670,Br5595,WM,66,36,10476,5621
151670_TGAAGAGCGGTCCTAG-1,151670,Br5595,L3,19,11,4843,3914
151670_TGAAGTAGCTTACGGA-1,151670,Br5595,L3,17,5,4603,3501
151670_TGAATGAGATACAGCA-1,151670,Br5595,L3,17,125,4622,11761
151670_TGAATGTCAGCCGGCC-1,151670,Br5595,L3,47,109,8213,10651
151670_TGACACTTCTCTTTGC-1,151670,Br5595,L3,16,102,4499,10178
151670_TGACATATATGACGAT-1,151670,Br5595,L3,38,2,7117,3289
151670_TGACATCGAGCGGACC-1,151670,Br5595,L3,35,101,6774,10104
151670_TGACCAAATCTTAAAC-1,151670,Br5595,WM,66,62,10480,7411
151670_TGACGAATATTTCCCT-1,151670,Br5595,L5,44,22,7839,4664
151670_TGACGATGCACTAGAA-1,151670,Br5595,L3,37,95,7013,9690
151670_TGACTATAATCCTTTC-1,151670,Br5595,L5,46,68,8086,7829
151670_TGAGATCAAATACTCA-1,151670,Br5595,L3,7,63,3415,7496
151670_TGAGCCATACAGTCTC-1,151670,Br5595,L5,42,38,7602,5766
151670_TGATCAGGGAACTGCT-1,151670,Br5595,L5,42,24,7600,4802
151670_TGATCTCCGGCGCCAG-1,151670,Br5595,L3,28,50,5927,6596
151670_TGATGGCTGTTTCTGA-1,151670,Br5595,L3,30,114,6178,11000
151670_TGCAAGAATGACGTAA-1,151670,Br5595,L3,30,60,6169,7283
151670_TGCAGAGTACCGAGCA-1,151670,Br5595,L4,38,46,7124,6317
151670_TGCAGATCGTCCTAGG-1,151670,Br5595,L4,42,18,7599,4389
151670_TGCAGCTACGTACTTC-1,151670,Br5595,L4,42,16,7598,4251
151670_TGCCTGACATCGGTCA-1,151670,Br5595,L3,16,20,4485,4534
151670_TGCCTTGGCCAGGCAA-1,151670,Br5595,L5,52,82,8807,8791
151670_TGCGAATATGGGATTT-1,151670,Br5595,L5,45,13,7957,4044
151670_TGCGATGCTAATGGCT-1,151670,Br5595,L3,21,11,5083,3913
151670_TGCGGCATAGTTCAAC-1,151670,Br5595,L3,12,54,4012,6875
151670_TGCGTTTGTTGACACT-1,151670,Br5595,L3,42,76,7608,8381
151670_TGCTCGGCGAAACCCA-1,151670,Br5595,L6,57,61,9402,7344
151670_TGCTCGGTGGGTCACC-1,151670,Br5595,WM,66,72,10482,8099
151670_TGCTGGTTGGACAATT-1,151670,Br5595,L3,21,41,5088,5978
151670_TGCTTCCCAAGCAGTA-1,151670,Br5595,WM,62,66,10002,7687
151670_TGGAACCACTGACACA-1,151670,Br5595,L3,24,102,5457,10176
151670_TGGAAGAAGGGAACGT-1,151670,Br5595,L4,39,35,7242,5560
151670_TGGAAGACGAACACCA-1,151670,Br5595,L3,14,46,4250,6324
151670_TGGAATATCCTTGACC-1,151670,Br5595,L3,23,107,5338,10520
151670_TGGACGCAATCCAGCC-1,151670,Br5595,L6,58,20,9515,4522
151670_TGGCAAACTAAATTAC-1,151670,Br5595,L5,50,78,8567,8516
151670_TGGCAGATTACGATCA-1,151670,Br5595,L5,44,58,7845,7142
151670_TGGCAGCAGTAATAGT-1,151670,Br5595,L4,39,61,7247,7349
151670_TGGCATGAAGTTTGGG-1,151670,Br5595,L5,56,12,9275,3972
151670_TGGCCAAACTGAAGTA-1,151670,Br5595,L3,28,76,5932,8385
151670_TGGCGATCAAGTTATG-1,151670,Br5595,L6,51,55,8683,6933
151670_TGGCGGTGTGCGATTG-1,151670,Br5595,L3,7,43,3411,6120
151670_TGGGCACAAACAGAAC-1,151670,Br5595,L3,8,46,3532,6326
151670_TGGGCCCATACTAATT-1,151670,Br5595,L4,47,89,8209,9274
151670_TGGTTAACTTACATTT-1,151670,Br5595,L6,60,8,9753,3696
151670_TGGTTAAGGGCGCTGG-1,151670,Br5595,L3,26,114,5699,11001
151670_TGGTTCGTAGCAAAGG-1,151670,Br5595,L3,23,55,5329,6941
151670_TGTAATGACCACAATA-1,151670,Br5595,L3,36,14,6880,4115
151670_TGTAATGCCTTCGGAC-1,151670,Br5595,L3,3,107,2943,10526
151670_TGTAGGAGAAATTTCC-1,151670,Br5595,L3,34,86,6652,9072
151670_TGTATAACAGATCCTG-1,151670,Br5595,L3,29,79,6052,8591
151670_TGTATCCTTATTCCAT-1,151670,Br5595,L3,10,50,3772,6601
151670_TGTGCCGGTGCCGGAA-1,151670,Br5595,L5,53,97,8929,9823
151670_TGTGGCGGGCTTCTGG-1,151670,Br5595,WM,65,59,10360,7204
151670_TGTGGCTCCCACCAAC-1,151670,Br5595,L3,44,118,7855,11271
151670_TGTTATTGTATGTGGC-1,151670,Br5595,L3,44,86,7850,9069
151670_TGTTCGTATTGCGGTG-1,151670,Br5595,L5,49,61,8444,7347
151670_TGTTCTTCCATTGACT-1,151670,Br5595,L3,33,43,6525,6112
151670_TGTTTAATACTTCATC-1,151670,Br5595,L3,9,77,3656,8459
151670_TTAACCAACCCTCCCT-1,151670,Br5595,L3,19,55,4850,6942
151670_TTAATTTCAGACGCGG-1,151670,Br5595,L3,17,69,4613,7906
151670_TTACAACTACGCATCC-1,151670,Br5595,L3,24,52,5449,6734
151670_TTACAGACCTAAATGA-1,151670,Br5595,L3,26,96,5696,9762
151670_TTACATCGTGGCCTGG-1,151670,Br5595,L3,20,36,4967,5634
151670_TTACCCTAGGGATTGG-1,151670,Br5595,WM,60,58,9761,7137
151670_TTACGGATGGTTCGAG-1,151670,Br5595,L3,33,93,6533,9554
151670_TTACTCTGGTACGTAC-1,151670,Br5595,L5,43,31,7721,5283
151670_TTACTGTTTCTCTACG-1,151670,Br5595,L3,2,68,2817,7842
151670_TTAGAGTTTAGAAGGA-1,151670,Br5595,L4,46,86,8089,9068
151670_TTAGATAGGTCGATAC-1,151670,Br5595,L3,13,21,4126,4604
151670_TTAGCTCTGTAATCCG-1,151670,Br5595,L3,31,15,6281,4186
151670_TTAGTAGGGCGGCGGG-1,151670,Br5595,L3,34,26,6642,4942
151670_TTAGTTATTCGTGGCA-1,151670,Br5595,L4,47,91,8210,9412
151670_TTATAGGTAATTGTCT-1,151670,Br5595,WM,61,73,9883,8169
151670_TTATCCAATCGAACTC-1,151670,Br5595,L3,13,33,4128,5430
151670_TTATGCGTCCCGGTCC-1,151670,Br5595,L3,7,45,3412,6257
151670_TTCACTCGAGCACCTA-1,151670,Br5595,L6,55,69,9164,7896
151670_TTCAGCTGGCGTGCCC-1,151670,Br5595,L5,55,95,9168,9685
151670_TTCAGGCGTCAAAGCC-1,151670,Br5595,L3,40,16,7359,4252
151670_TTCAGTTTGTGGCAGC-1,151670,Br5595,L3,27,7,5801,3636
151670_TTCCAATCAGAGCTAG-1,151670,Br5595,L3,23,95,5336,9694
151670_TTCCCGACGCTTCACT-1,151670,Br5595,L3,1,89,2700,9288
151670_TTCCGCAGAGAAATAT-1,151670,Br5595,L3,21,101,5098,10108
151670_TTCCGGTATCTGTGTC-1,151670,Br5595,L3,41,115,7495,11066
151670_TTCCTCTGCCCGAATA-1,151670,Br5595,L3,35,15,6760,4185
151670_TTCGACAGAGCCCGTG-1,151670,Br5595,L5,52,68,8805,7828
151670_TTCGCGCGCCATACGA-1,151670,Br5595,WM,59,47,9640,6380
151670_TTCGGACTGATGCCTT-1,151670,Br5595,L3,7,99,3421,9974
151670_TTCGGCTAGAGATGGT-1,151670,Br5595,L3,18,24,4726,4809
151670_TTCGGGACTAATCGCG-1,151670,Br5595,L3,36,72,6889,8107
151670_TTCTAACCGAAGCTTA-1,151670,Br5595,L3,34,90,6653,9347
151670_TTCTATGCCTTTCGCA-1,151670,Br5595,L3,29,121,6059,11482
151670_TTCTGACCGGGCTCAA-1,151670,Br5595,L5,52,84,8807,8929
151670_TTCTTAGTGAACGGTG-1,151670,Br5595,L3,18,34,4727,5497
151670_TTCTTAGTGGCTCAGA-1,151670,Br5595,L3,17,61,4612,7356
151670_TTCTTGGAGTAATGAG-1,151670,Br5595,L3,21,79,5094,8594
151670_TTGAACGAATCCTTTG-1,151670,Br5595,L3,19,21,4845,4602
151670_TTGACATGAACGTGGA-1,151670,Br5595,L5,44,32,7841,5352
151670_TTGACGCTCCATGAGC-1,151670,Br5595,L3,41,101,7493,10102
151670_TTGATTAGCTGTTTCT-1,151670,Br5595,L5,48,34,8320,5489
151670_TTGCCGCAGACCTACA-1,151670,Br5595,L6,62,18,9994,4383
151670_TTGCCGCTTTCTAGTA-1,151670,Br5595,WM,62,78,10004,8513
151670_TTGCGCTCTCTCGCTT-1,151670,Br5595,L3,22,4,5201,3431
151670_TTGCGTGAACGCTTAG-1,151670,Br5595,L3,14,96,4258,9766
151670_TTGCTGAAGGAACCAC-1,151670,Br5595,L3,19,57,4851,7080
151670_TTGCTGGCCGGGCTTC-1,151670,Br5595,L3,8,78,3537,8529
151670_TTGGAGTCTCCCTTCT-1,151670,Br5595,L3,8,44,3531,6188
151670_TTGGATTGGGTACCAC-1,151670,Br5595,L3,17,55,4611,6943
151670_TTGGCTCGCATGAGAC-1,151670,Br5595,L3,23,37,5326,5702
151670_TTGGGACGTAAGAGTT-1,151670,Br5595,L4,51,109,8692,10650
151670_TTGGGCGGCGGTTGCC-1,151670,Br5595,L3,30,76,6171,8385
151670_TTGGTTCGCTCAAAGG-1,151670,Br5595,L3,39,125,7257,11755
151670_TTGGTTGCGGTGCGCG-1,151670,Br5595,L5,53,23,8917,4730
151670_TTGTGAACCTAATCCG-1,151670,Br5595,L5,56,90,9287,9341
151670_TTGTGAGGCATGACGC-1,151670,Br5595,L4,43,13,7718,4045
151670_TTGTTTCACATCCAGG-1,151670,Br5595,WM,58,42,9519,6036
151670_TTGTTTGTGTAAATTC-1,151670,Br5595,L3,7,51,3413,6670
151671_AAACAGAGCGACTCCT-1,151671,Br5595,L3,14,94,4322,9672
151671_AAACCGGGTAGGTACC-1,151671,Br5595,L5,42,28,7667,5121
151671_AAACCTAAGCAGCCGG-1,151671,Br5595,WM,65,83,10430,8902
151671_AAACCTCATGAAGTTG-1,151671,Br5595,L4,37,19,7067,4503
151671_AAACGCCCGAGATCGG-1,151671,Br5595,L3,4,108,3126,10638
151671_AAACTCGGTTCGCAAT-1,151671,Br5595,WM,66,70,10548,8007
151671_AAACTGCTGGCTCCAA-1,151671,Br5595,L5,45,67,8032,7806
151671_AAAGACTGGGCGCTTT-1,151671,Br5595,L3,29,15,6108,4230
151671_AAAGGCCCTATAATAC-1,151671,Br5595,L6,66,22,10541,4702
151671_AAAGGGCAGCTTGAAT-1,151671,Br5595,L3,24,26,5511,4988
151671_AAAGGTAAGCTGTACC-1,151671,Br5595,L3,10,106,3845,10499
151671_AAATGGCATGTCTTGT-1,151671,Br5595,L3,13,69,4199,7951
151671_AAATTCCAGGTCCAAA-1,151671,Br5595,L3,35,115,6841,11113
151671_AAATTTACCGAAATCC-1,151671,Br5595,L3,6,90,3363,9399
151671_AACACGAGACGCGGCC-1,151671,Br5595,L5,45,21,8026,4639
151671_AACAGCTGTGTGGCAA-1,151671,Br5595,L6,59,31,9704,5324
151671_AACATCGATACGTCTA-1,151671,Br5595,L3,17,113,4684,10980
151671_AACCAGTATCACTCTT-1,151671,Br5595,L3,6,92,3364,9536
151671_AACCCAGAGACGGAGA-1,151671,Br5595,L3,15,39,4434,5885
151671_AACCGTTGTGTTTGCT-1,151671,Br5595,L3,12,64,4078,7607
151671_AACCTCGCTTTAGCCC-1,151671,Br5595,L6,62,82,10071,8834
151671_AACCTTTAAATACGGT-1,151671,Br5595,L6,54,68,9110,7872
151671_AACGCATGATCTGGGT-1,151671,Br5595,L3,20,104,5042,10359
151671_AACGCTGTTGCTGAAA-1,151671,Br5595,L5,54,94,9114,9662
151671_AACGGACGTACGTATA-1,151671,Br5595,L5,50,92,8635,9526
151671_AACGTACTGTGGGTAC-1,151671,Br5595,L6,48,42,8388,6084
151671_AACGTGATGAAGGACA-1,151671,Br5595,L3,9,83,3722,8916
151671_AACTCGATGGCGCAGT-1,151671,Br5595,L3,11,27,3953,5060
151671_AACTCTCAGTGTGCTC-1,151671,Br5595,L6,53,41,8987,6014
151671_AAGAGGCATGGATCGC-1,151671,Br5595,L3,36,80,6956,8703
151671_AAGATTGGCGGAACGT-1,151671,Br5595,L3,26,90,5759,9394
151671_AAGCATACTCTCCTGA-1,151671,Br5595,L6,53,69,8991,7941
151671_AAGCTCTTTCATGGTG-1,151671,Br5595,L6,57,81,9472,8767
151671_AAGGGAACGACTGGCT-1,151671,Br5595,L6,63,21,10182,4634
151671_AAGGGACAGATTCTGT-1,151671,Br5595,L3,26,92,5760,9531
151671_AAGGTGATAAACCAGC-1,151671,Br5595,L4,44,92,7916,9527
151671_AAGTAGAAGACCGGGT-1,151671,Br5595,L3,19,47,4915,6435
151671_AAGTAGTGACGCGAGG-1,151671,Br5595,L4,33,31,6589,5330
151671_AAGTTCAGTCTGCGTA-1,151671,Br5595,L3,18,104,4803,10360
151671_AAGTTGTGATGTTATA-1,151671,Br5595,L6,66,106,10553,10485
151671_AAGTTTATGGGCCCAA-1,151671,Br5595,WM,68,70,10788,8006
151671_AATAACAACGCTCGGC-1,151671,Br5595,L5,36,30,6949,5260
151671_AATAACACTAGAACAA-1,151671,Br5595,L6,52,38,8866,5807
151671_AATAGAACAGAGTGGC-1,151671,Br5595,L6,52,46,8868,6358
151671_AATAGCAAGCCTCCTG-1,151671,Br5595,L3,7,111,3486,10844
151671_AATATCAAGGTCGGAT-1,151671,Br5595,L3,8,42,3596,6094
151671_AATATCGAGGGTTCTC-1,151671,Br5595,L3,27,101,5881,10151
151671_AATCAGGTTTCATTTA-1,151671,Br5595,WM,69,33,10902,5459
151671_AATCATGTAAAGACTC-1,151671,Br5595,L5,54,98,9115,9938
151671_AATCTATGCCGGAGCC-1,151671,Br5595,L3,26,110,5762,10771
151671_AATGACTGTCAGCCGG-1,151671,Br5595,L3,23,47,5394,6434
151671_AATGATGATACGCTAT-1,151671,Br5595,L3,23,93,5400,9601
151671_AATTCCAAGCATGTAC-1,151671,Br5595,WM,66,58,10546,7181
151671_AATTTGGTTCCAAAGA-1,151671,Br5595,L3,11,67,3959,7814
151671_ACAAATTCAGATCTGA-1,151671,Br5595,L3,7,103,3485,10294
151671_ACAACGGTCCCTGCGA-1,151671,Br5595,L3,22,30,5272,5264
151671_ACAAGCTATATGGAAG-1,151671,Br5595,L3,37,1,7064,3264
151671_ACAAGGATGCTTTAGG-1,151671,Br5595,L6,61,87,9952,9179
151671_ACAAGGGCAGGCTCTG-1,151671,Br5595,L5,44,76,7914,8425
151671_ACAATCCATTTAAACC-1,151671,Br5595,L5,36,32,6949,5398
151671_ACAATTGTGTCTCTTT-1,151671,Br5595,L5,51,97,8755,9870
151671_ACAATTTAGGAGGCTC-1,151671,Br5595,L3,31,9,6347,3816
151671_ACACAAAGACGGGTGG-1,151671,Br5595,L3,24,56,5515,7053
151671_ACACATGATCAAATCT-1,151671,Br5595,L6,60,16,9822,4291
151671_ACACCACATAATTAGC-1,151671,Br5595,L3,31,117,6362,11251
151671_ACACCTTACTACTTGC-1,151671,Br5595,L3,41,111,7559,10836
151671_ACACGGCACTATGCAT-1,151671,Br5595,L3,7,71,3480,8090
151671_ACACGGGAACTTAGGG-1,151671,Br5595,L3,27,71,5876,8085
151671_ACACGTAGGCCACAAG-1,151671,Br5595,L5,58,110,9595,10763
151671_ACACTGGGACAGTCGT-1,151671,Br5595,L5,59,115,9716,11107
151671_ACAGAACTGAGAACAA-1,151671,Br5595,L6,52,24,8865,4843
151671_ACAGCATAGAGCCAGT-1,151671,Br5595,L3,10,58,3838,7195
151671_ACAGGCACGGATCCTT-1,151671,Br5595,L6,69,95,10911,9727
151671_ACAGGCTTGCCCGACT-1,151671,Br5595,L5,53,87,8993,9181
151671_ACAGTATACCGTGGGA-1,151671,Br5595,L3,19,119,4925,11392
151671_ACATCGTTAACCTAGT-1,151671,Br5595,L3,9,75,3721,8365
151671_ACATGGCGCCAAAGTA-1,151671,Br5595,L3,40,104,7438,10354
151671_ACCAAACACCCAGCGA-1,151671,Br5595,L3,17,115,4685,11117
151671_ACCAAGTCATCGGCAG-1,151671,Br5595,L6,70,106,11032,10484
151671_ACCAATATGCAAGTTA-1,151671,Br5595,L6,56,78,9351,8560
151671_ACCACACGGTTGATGG-1,151671,Br5595,WM,75,79,11628,8624
151671_ACCCGATTGGTTCCGA-1,151671,Br5595,WM,69,35,10903,5597
151671_ACCCGGAAACTCCCAG-1,151671,Br5595,L6,57,65,9469,7665
151671_ACCCTATAGGACTGAG-1,151671,Br5595,L3,12,20,4072,4578
151671_ACCCTCCCTTGCTATT-1,151671,Br5595,L5,48,84,8394,8975
151671_ACCCTGGTAACGCCCT-1,151671,Br5595,L3,21,115,5164,11116
151671_ACCGATAGGCATAACC-1,151671,Br5595,L5,60,118,9836,11313
151671_ACCGCTAGTCATTGGT-1,151671,Br5595,WM,74,32,11501,5389
151671_ACCTAATCGACTTCCT-1,151671,Br5595,L4,32,30,6469,5261
151671_ACCTCCGCCCTCGCTG-1,151671,Br5595,L5,55,107,9236,10557
151671_ACCTCCGTTATTCACC-1,151671,Br5595,L3,34,112,6721,10906
151671_ACCTGCGTGTCATGTT-1,151671,Br5595,L5,46,18,8145,4432
151671_ACGACTCTAGGGCCGA-1,151671,Br5595,WM,71,93,11150,9589
151671_ACGAGTACGGATGCCC-1,151671,Br5595,L3,28,104,6001,10357
151671_ACGCATTCGTGAGTAC-1,151671,Br5595,L4,33,61,6594,7395
151671_ACGCGCTACACAGGGT-1,151671,Br5595,L5,41,31,7548,5328
151671_ACGCGGGCCAAGGACA-1,151671,Br5595,L4,34,62,6714,7464
151671_ACGCGTTTCTTAAGAG-1,151671,Br5595,L3,29,5,6107,3541
151671_ACGGAATTTAGCAAAT-1,151671,Br5595,L3,15,27,4433,5059
151671_ACGGATGGTGCGGATA-1,151671,Br5595,L6,57,79,9471,8629
151671_ACGGCGACGATGGGAA-1,151671,Br5595,L5,49,77,8513,8493
151671_ACGGGCGTATGCGACA-1,151671,Br5595,L3,24,118,5524,11322
151671_ACGTAGATTGCTGATG-1,151671,Br5595,L3,33,67,6595,7809
151671_ACGTTAGATTTGCCCG-1,151671,Br5595,L5,39,39,7309,5879
151671_ACTAAGGACGCACACC-1,151671,Br5595,L3,11,127,3968,11945
151671_ACTATATGCTGTGTTC-1,151671,Br5595,L3,13,105,4204,10430
151671_ACTATTCGTCCGTGGT-1,151671,Br5595,L3,14,74,4319,8295
151671_ACTCTCTGACTTAGGT-1,151671,Br5595,L4,42,78,7674,8564
151671_ACTCTGACCTAATAGA-1,151671,Br5595,L6,69,97,10911,9865
151671_ACTGCCCGCCATTCTC-1,151671,Br5595,WM,68,30,10782,5253
151671_ACTGGCGAACCTGCGT-1,151671,Br5595,L3,10,126,3848,11876
151671_ACTGTACGATACACAT-1,151671,Br5595,L3,30,78,6237,8567
151671_ACTGTATACGCGAGCA-1,151671,Br5595,L3,10,36,3835,5680
151671_ACTTATACTTACCCGG-1,151671,Br5595,L3,36,90,6957,9391
151671_ACTTCGCCATACGCAC-1,151671,Br5595,L3,27,75,5877,8361
151671_ACTTTGACTGCATCCT-1,151671,Br5595,L4,39,11,7305,3952
151671_ACTTTGTCGACGCACT-1,151671,Br5595,L5,56,120,9357,11452
151671_AGAAATTATGACTCGC-1,151671,Br5595,L5,53,115,8997,11108
151671_AGAACCCTCAATTGGG-1,151671,Br5595,L6,61,9,9941,3809
151671_AGAAGGTTGCCGAATT-1,151671,Br5595,L5,42,44,7669,6223
151671_AGAAGTGATTCGTGAT-1,151671,Br5595,L5,48,28,8386,5120
151671_AGACGGGCCGATTTAA-1,151671,Br5595,L3,8,102,3605,10224
151671_AGAGAACCGTCTAGGA-1,151671,Br5595,L3,26,88,5759,9256
151671_AGAGTAAACTTCACTA-1,151671,Br5595,L4,48,106,8397,10490
151671_AGATCGTGCATAAGAT-1,151671,Br5595,L3,21,97,5161,9877
151671_AGATGATGGAGTCTGG-1,151671,Br5595,L3,34,106,6720,10493
151671_AGATTATAGGACGTTT-1,151671,Br5595,L5,36,54,6952,6913
151671_AGCAACATATCTTATT-1,151671,Br5595,L3,41,93,7557,9597
151671_AGCAACCGAAAGTAAT-1,151671,Br5595,L6,56,20,9343,4567
151671_AGCACCAGTACTCACG-1,151671,Br5595,L3,27,65,5875,7672
151671_AGCACTACCGGCCTGT-1,151671,Br5595,L4,34,20,6708,4573
151671_AGCAGAAGGAGAAAGA-1,151671,Br5595,WM,64,68,10308,7870
151671_AGCATTACGAGGCAAG-1,151671,Br5595,L6,67,105,10673,10416
151671_AGCCACAGGTTACCCG-1,151671,Br5595,L6,63,89,10191,9316
151671_AGCCATATAGTATGTG-1,151671,Br5595,WM,71,65,11146,7661
151671_AGCCCATACATGTAAG-1,151671,Br5595,L5,42,26,7667,4984
151671_AGCCCGGCATTAGAGG-1,151671,Br5595,L6,64,26,10302,4978
151671_AGCCGCAAATTCAAAT-1,151671,Br5595,L3,37,3,7065,3401
151671_AGCCTTAAAGCGGAAG-1,151671,Br5595,L3,21,15,5150,4231
151671_AGCGACCAACGATATT-1,151671,Br5595,L3,25,55,5634,6984
151671_AGCGAGACGTGAAGGC-1,151671,Br5595,L6,68,22,10781,4702
151671_AGCGCGGGTGCCAATG-1,151671,Br5595,L3,24,92,5520,9532
151671_AGCGTGGTATTCTACT-1,151671,Br5595,L5,45,71,8033,8081
151671_AGCTAACAAGCAATGT-1,151671,Br5595,L6,61,33,9944,5461
151671_AGCTCGTTGATGGAAA-1,151671,Br5595,L3,16,124,4566,11737
151671_AGCTTGATCTTAACTT-1,151671,Br5595,L5,41,23,7547,4777
151671_AGGAAGCTGTCCGCCG-1,151671,Br5595,WM,61,65,9948,7664
151671_AGGACGCTCGATGTTG-1,151671,Br5595,L3,18,98,4802,9947
151671_AGGAGACATCCACAGT-1,151671,Br5595,L3,24,122,5524,11597
151671_AGGAGGCCTTCGCGCG-1,151671,Br5595,L5,52,98,8875,9938
151671_AGGATAAAGTCGGGAT-1,151671,Br5595,L6,53,65,8990,7666
151671_AGGATATCCGACTGCA-1,151671,Br5595,L6,71,95,11151,9727
151671_AGGCACGTGACTGTCC-1,151671,Br5595,L5,57,115,9476,11107
151671_AGGCAGATGCGTAAAC-1,151671,Br5595,L3,26,86,5759,9118
151671_AGGCAGGGAGCGTACT-1,151671,Br5595,WM,59,49,9707,6563
151671_AGGCCCATTGTACAGG-1,151671,Br5595,L3,15,55,4437,6987
151671_AGGCCTGAGAATCTCG-1,151671,Br5595,L6,62,88,10072,9247
151671_AGGCGGTTTGTCCCGC-1,151671,Br5595,L6,59,17,9702,4360
151671_AGGGAAACGAGGTACT-1,151671,Br5595,L3,13,89,4202,9328
151671_AGGGCCCTAATGTTCT-1,151671,Br5595,L5,64,122,10316,11588
151671_AGGGCTGCAGTTACAG-1,151671,Br5595,L4,35,65,6834,7670
151671_AGGGTGCTCTCGAGGG-1,151671,Br5595,L3,34,92,6718,9530
151671_AGGGTTTAGTTCGGGA-1,151671,Br5595,L4,33,63,6594,7533
151671_AGGTAGGTACAAAGCT-1,151671,Br5595,L5,35,31,6829,5330
151671_AGGTGTATCGCCATGA-1,151671,Br5595,L4,37,17,7067,4365
151671_AGGTTGAGGCACGCTT-1,151671,Br5595,L3,22,74,5278,8293
151671_AGTACATCATTTATCA-1,151671,Br5595,L3,29,109,6121,10701
151671_AGTACGGCCCGTATCG-1,151671,Br5595,L3,35,11,6826,3953
151671_AGTACTCTTATGCCCA-1,151671,Br5595,L6,56,88,9353,9249
151671_AGTAGGTAACATACAT-1,151671,Br5595,L3,13,51,4196,6712
151671_AGTATAATACTAGGCA-1,151671,Br5595,L3,25,33,5631,5470
151671_AGTATTTGGCACGACC-1,151671,Br5595,L6,58,52,9587,6770
151671_AGTCAAGATGACACTT-1,151671,Br5595,L5,48,90,8395,9388
151671_AGTCAGCCACCGCCTG-1,151671,Br5595,L3,16,28,4552,5128
151671_AGTCCCTCGCAGAAAG-1,151671,Br5595,L3,24,124,5524,11735
151671_AGTCGGCCCAAACGAC-1,151671,Br5595,L3,25,39,5632,5883
151671_AGTGAACAAACTTCTC-1,151671,Br5595,L3,44,102,7917,10216
151671_AGTGACCTACTTTACG-1,151671,Br5595,L5,44,52,7910,6773
151671_AGTGAGGGTTTCTGAC-1,151671,Br5595,L3,8,88,3603,9261
151671_AGTGATTCAAGCAGGA-1,151671,Br5595,L3,33,87,6597,9186
151671_AGTGCGTAGCTCGTAA-1,151671,Br5595,L6,46,42,8148,6084
151671_AGTGCTTGCACGAATA-1,151671,Br5595,L3,41,89,7556,9321
151671_AGTGGCGTCTGAAGGT-1,151671,Br5595,L6,62,86,10071,9110
151671_AGTTACCGCACATGGT-1,151671,Br5595,L3,26,14,5748,4161
151671_AGTTGACATCGGCTGG-1,151671,Br5595,L3,10,26,3833,4992
151671_AGTTTGGCCAGACCTA-1,151671,Br5595,L5,47,31,8267,5327
151671_ATAAACGTTGCACCAC-1,151671,Br5595,L5,57,107,9475,10557
151671_ATAATAGCTGTTGAAT-1,151671,Br5595,L5,47,63,8271,7530
151671_ATACCACGGGCAACTT-1,151671,Br5595,L5,35,29,6829,5192
151671_ATACCGTCATCCATAA-1,151671,Br5595,L3,15,115,4445,11118
151671_ATACGTCCACTCCTGT-1,151671,Br5595,L5,47,93,8275,9595
151671_ATACTGCCTTACACCG-1,151671,Br5595,L6,58,84,9592,8973
151671_ATAGACGAAGAGAAAG-1,151671,Br5595,L5,33,45,6591,6294
151671_ATAGGCGGCTATAGAA-1,151671,Br5595,L5,43,33,7788,5465
151671_ATAGGCTAGCTTCGCA-1,151671,Br5595,L3,25,97,5640,9876
151671_ATAGTCTTTGACGTGC-1,151671,Br5595,L3,7,67,3480,7815
151671_ATATAAAGCGCTCGTG-1,151671,Br5595,L6,58,68,9590,7871
151671_ATATAAATGTAGCTGC-1,151671,Br5595,L6,54,74,9111,8285
151671_ATATAACACGGGCGCA-1,151671,Br5595,L6,66,94,10552,9659
151671_ATATCGGTAGGGAGAT-1,151671,Br5595,L3,38,110,7200,10768
151671_ATATCTTAGGGCCTTC-1,151671,Br5595,L4,35,61,6833,7395
151671_ATATGTCTAGAGCGTG-1,151671,Br5595,WM,74,68,11506,7867
151671_ATATTCCACATAGTGA-1,151671,Br5595,L5,51,77,8752,8493
151671_ATCAAGATCCCAGGAC-1,151671,Br5595,WM,72,58,11265,7179
151671_ATCACATTAGAATATC-1,151671,Br5595,L3,20,82,5039,8845
151671_ATCAGGTCGCCATTGC-1,151671,Br5595,L3,8,94,3603,9674
151671_ATCCACTTTCAGACTA-1,151671,Br5595,L3,7,115,3487,11120
151671_ATCCAGGATTCGTGAA-1,151671,Br5595,L5,40,46,7430,6361
151671_ATCCCATCCACAGCGC-1,151671,Br5595,L6,62,14,10061,4153
151671_ATCCCATTTCCGTGGG-1,151671,Br5595,WM,71,57,11145,7111
151671_ATCCTACCTAAGCTCT-1,151671,Br5595,L5,44,48,7910,6498
151671_ATCGCTGCGTGCAGCA-1,151671,Br5595,L3,23,111,5403,10840
151671_ATCGGCAAGCAGTCCA-1,151671,Br5595,L3,20,96,5041,9808
151671_ATCGGTTACCTAGTAA-1,151671,Br5595,L3,34,8,6706,3746
151671_ATCGTGGAAAGTCTGG-1,151671,Br5595,L6,63,23,10182,4772
151671_ATCTAATATCCTACGG-1,151671,Br5595,L6,55,67,9230,7803
151671_ATCTACCATCTGCTCC-1,151671,Br5595,WM,70,88,11030,9245
151671_ATCTGGGCTGTTCTTG-1,151671,Br5595,WM,61,69,9949,7939
151671_ATCTTATCGCACACCC-1,151671,Br5595,L6,64,104,10313,10348
151671_ATCTTGACCTGCAACG-1,151671,Br5595,L3,26,44,5753,6227
151671_ATGACTATCAGCTGTG-1,151671,Br5595,WM,63,43,10185,6149
151671_ATGCGACAGTCCCATT-1,151671,Br5595,L3,35,71,6835,8083
151671_ATGCTTAGGAGTTGAT-1,151671,Br5595,L5,56,112,9356,10901
151671_ATGGACTGCTTAGTTG-1,151671,Br5595,WM,75,39,11622,5870
151671_ATGGGCCTCGGCCTCT-1,151671,Br5595,L4,45,91,8035,9458
151671_ATGGGTGTATACCTCC-1,151671,Br5595,L6,64,24,10302,4840
151671_ATGTACATGCGGTGAG-1,151671,Br5595,L6,64,112,10315,10899
151671_ATGTACGATGACGTCG-1,151671,Br5595,WM,66,64,10547,7594
151671_ATGTGCATCCGACGCA-1,151671,Br5595,L3,23,57,5395,7123
151671_ATTAATGAACCAGTCG-1,151671,Br5595,L3,23,79,5398,8637
151671_ATTACTAGCCTCTTGC-1,151671,Br5595,L3,18,44,4794,6229
151671_ATTATCTCGACAGATC-1,151671,Br5595,L3,7,61,3479,7402
151671_ATTCAGTAGCAGGGTC-1,151671,Br5595,L3,27,25,5870,4918
151671_ATTCATCGTTGAGGCA-1,151671,Br5595,L6,61,89,9952,9316
151671_ATTCCTAAGACGTGGA-1,151671,Br5595,L3,15,107,4444,10567
151671_ATTCCTCCGCCAGTGC-1,151671,Br5595,L3,23,39,5393,5883
151671_ATTCCTTCCAGGCGGT-1,151671,Br5595,L3,10,24,3833,4854
151671_ATTCGACGCCGGGCCT-1,151671,Br5595,L5,36,26,6948,4985
151671_ATTCGCAGAGGACACT-1,151671,Br5595,L3,14,126,4327,11875
151671_ATTGATCACCACATTT-1,151671,Br5595,L5,52,8,8862,3742
151671_ATTGTACAACTCGGCT-1,151671,Br5595,L3,35,103,6839,10287
151671_ATTTAACTCGTATTAC-1,151671,Br5595,L3,14,52,4316,6781
151671_ATTTACTAAGTCCATT-1,151671,Br5595,L3,31,111,6361,10838
151671_CAAACGGTCGCACTTT-1,151671,Br5595,L4,30,40,6231,5950
151671_CAAACTACGATAGAGA-1,151671,Br5595,L3,12,84,4081,8984
151671_CAAACTCGCGACGCCG-1,151671,Br5595,L3,45,111,8038,10835
151671_CAAAGGTTAAATTCAG-1,151671,Br5595,L3,5,115,3247,11120
151671_CAAATCTCTCACAAGG-1,151671,Br5595,L5,44,24,7906,4845
151671_CAAGGCCAGTGGTGCA-1,151671,Br5595,L6,66,100,10552,10072
151671_CAATACGAGAGTCTGA-1,151671,Br5595,L3,44,120,7920,11455
151671_CAATACGCTCTGAGGC-1,151671,Br5595,L4,40,10,7425,3883
151671_CAATATGTAGATTTAC-1,151671,Br5595,L3,5,105,3246,10432
151671_CAATCCCTATACCAGC-1,151671,Br5595,L3,12,88,4082,9260
151671_CAATGACCCTTAATTT-1,151671,Br5595,WM,73,57,11385,7110
151671_CAATGAGGTTCGACTA-1,151671,Br5595,L3,29,119,6123,11390
151671_CAATTTCGTATAAGGG-1,151671,Br5595,L5,37,63,7073,7532
151671_CACACACGCTAACGAG-1,151671,Br5595,L5,55,103,9235,10282
151671_CACACAGCTTGCGCTC-1,151671,Br5595,L3,47,115,8278,11110
151671_CACACGCGCTGTCTTA-1,151671,Br5595,L3,33,89,6598,9323
151671_CACAGAGACGAGGACG-1,151671,Br5595,L6,64,20,10301,4565
151671_CACAGGGCCGTTGTCA-1,151671,Br5595,WM,62,60,10068,7319
151671_CACATATTAGCAGGAT-1,151671,Br5595,L5,47,73,8272,8218
151671_CACCCACACGTCACCC-1,151671,Br5595,L3,17,43,4674,6160
151671_CACCCACGAGGCAATT-1,151671,Br5595,L3,20,86,5040,9120
151671_CACCCTTTCCTCGCTC-1,151671,Br5595,L3,8,40,3596,5956
151671_CACCGCGTCCACTCTA-1,151671,Br5595,L3,16,104,4563,10360
151671_CACCGGGCATCACAAG-1,151671,Br5595,WM,72,94,11270,9658
151671_CACCTCGATGGTGGAC-1,151671,Br5595,L3,18,70,4798,8019
151671_CACGTTCGTGCTCTAG-1,151671,Br5595,L3,37,81,7076,8771
151671_CACTCCTATGTAAGAT-1,151671,Br5595,L6,56,36,9345,5669
151671_CACTCTCAAGCATCGA-1,151671,Br5595,WM,69,47,10904,6423
151671_CACTTCGTCTTATCTC-1,151671,Br5595,L3,14,14,4311,4164
151671_CAGAACTTAGCCCTCT-1,151671,Br5595,L5,53,85,8993,9043
151671_CAGACACCGATCGCTG-1,151671,Br5595,L6,53,51,8988,6702
151671_CAGACCTGTAAGTGTT-1,151671,Br5595,L3,31,99,6359,10012
151671_CAGACGAACCTGATAC-1,151671,Br5595,L6,50,50,8629,6634
151671_CAGATACTAACATAGT-1,151671,Br5595,L3,26,46,5753,6365
151671_CAGATCCTGGTTTGAA-1,151671,Br5595,L5,55,17,9223,4361
151671_CAGCCTCCTGCAGAGG-1,151671,Br5595,L3,23,77,5398,8500
151671_CAGCCTCTCCTCAAGA-1,151671,Br5595,L3,15,95,4442,9741
151671_CAGCTCACTGAGACAT-1,151671,Br5595,L4,33,59,6593,7258
151671_CAGCTCGTGCTTGTGT-1,151671,Br5595,L3,14,42,4315,6092
151671_CAGGATATATCGTTGT-1,151671,Br5595,L5,44,60,7911,7324
151671_CAGGCCAGTACCACCT-1,151671,Br5595,L6,71,17,11140,4357
151671_CAGGCGCACGGTGGTC-1,151671,Br5595,L6,56,28,9344,5118
151671_CAGGCGCCATGCTAGG-1,151671,Br5595,L5,49,73,8512,8218
151671_CAGGGAGATAGGCCAG-1,151671,Br5595,L6,74,18,11499,4425
151671_CAGTACATTCTCTAAA-1,151671,Br5595,L3,20,102,5042,10221
151671_CAGTAGCCCACGCGGT-1,151671,Br5595,L3,25,91,5640,9463
151671_CAGTCCAACGCCTTCT-1,151671,Br5595,L3,8,120,3607,11464
151671_CAGTCTGTATACTGGG-1,151671,Br5595,L5,42,66,7673,7738
151671_CAGTGAATAAATGACT-1,151671,Br5595,L3,25,83,5638,8912
151671_CAGTGTCCGCAGAATG-1,151671,Br5595,L3,15,37,4434,5748
151671_CAGTGTCGGCTGGCCC-1,151671,Br5595,L5,52,92,8874,9525
151671_CATACGGCGTCTGGGC-1,151671,Br5595,L5,39,63,7313,7532
151671_CATACTATGTAATTGT-1,151671,Br5595,L5,36,48,6951,6500
151671_CATAGAGGAGATACTA-1,151671,Br5595,WM,69,87,10910,9177
151671_CATAGCGTTGCCCACC-1,151671,Br5595,L6,54,42,9107,6082
151671_CATCATTACCCTGAGG-1,151671,Br5595,L5,52,94,8874,9663
151671_CATCGGACGGGTTAAT-1,151671,Br5595,L5,42,58,7671,7187
151671_CATCTACCCGAGAACG-1,151671,Br5595,L3,6,112,3366,10913
151671_CATGAGATGCACTCTC-1,151671,Br5595,L6,59,79,9711,8628
151671_CATGAGTCCATCACGG-1,151671,Br5595,WM,75,33,11621,5457
151671_CATGATGCACAATTCT-1,151671,Br5595,L3,21,69,5157,7949
151671_CATGCGACCAGTTTAA-1,151671,Br5595,L3,26,98,5760,9945
151671_CATGGCAGGAAGATCG-1,151671,Br5595,L3,17,57,4676,7124
151671_CATGGTAAGTAGCGTT-1,151671,Br5595,L5,45,73,8033,8219
151671_CATGGTCTAGATACCG-1,151671,Br5595,L3,26,66,5756,7741
151671_CATGTAGGAGCGCCAA-1,151671,Br5595,L3,15,111,4444,10842
151671_CATTATCCCATTAACG-1,151671,Br5595,WM,67,31,10662,5322
151671_CATTCCCATTCCGTCG-1,151671,Br5595,L3,32,118,6482,11320
151671_CATTCGTCGTAGCGGT-1,151671,Br5595,L5,62,122,10076,11588
151671_CATTTATCGTTCAAGA-1,151671,Br5595,L3,5,77,3242,8504
151671_CCAAATAACAAGATTC-1,151671,Br5595,L4,51,113,8757,10971
151671_CCAAGCGTAACTCGTA-1,151671,Br5595,L3,33,71,6595,8084
151671_CCAAGGTTGCCCTTTC-1,151671,Br5595,L6,69,109,10913,10691
151671_CCAAGTTTCTACAGAT-1,151671,Br5595,L3,14,8,4310,3751
151671_CCAATAGATTTCATCT-1,151671,Br5595,L3,28,0,5986,3197
151671_CCAATGTCACAGCAAG-1,151671,Br5595,L5,37,49,7071,6568
151671_CCAATTGAATGTTAAT-1,151671,Br5595,L3,20,46,5034,6366
151671_CCACAATGTACGTCTT-1,151671,Br5595,L3,29,85,6118,9049
151671_CCACACTGAGATATTA-1,151671,Br5595,L5,39,49,7311,6568
151671_CCACCAACTTTACTGT-1,151671,Br5595,L6,52,40,8867,5945
151671_CCACCCAAGGAAAGTG-1,151671,Br5595,L3,37,75,7075,8358
151671_CCACGAATTTAACCTC-1,151671,Br5595,L3,41,109,7559,10698
151671_CCACTATCCGGGTCAC-1,151671,Br5595,L3,30,116,6242,11183
151671_CCACTGTTTGGATTAA-1,151671,Br5595,L5,58,106,9595,10487
151671_CCAGATAGTTGAGTGA-1,151671,Br5595,L3,28,84,5998,8980
151671_CCAGCCTGGACCAATA-1,151671,Br5595,L4,37,65,7073,7670
151671_CCAGTCAAATCTCTTA-1,151671,Br5595,L4,42,8,7664,3744
151671_CCAGTCCATTATTCGA-1,151671,Br5595,L3,10,22,3833,4716
151671_CCAGTCTTGTCATAGA-1,151671,Br5595,L6,59,59,9708,7251
151671_CCATAAACAACCCGAC-1,151671,Br5595,L3,14,76,4320,8433
151671_CCATACCTTTACTTGT-1,151671,Br5595,L3,30,102,6240,10219
151671_CCATAGGTTGGCGTGG-1,151671,Br5595,L3,18,62,4797,7468
151671_CCATATGGAAACTATA-1,151671,Br5595,L5,53,103,8996,10282
151671_CCATCGCAGTTAAACT-1,151671,Br5595,L6,50,62,8630,7460
151671_CCATGTTCATCTATAT-1,151671,Br5595,WM,68,28,10782,5115
151671_CCCAAGTCATTACACT-1,151671,Br5595,L6,68,96,10791,9797
151671_CCCAGGTCTGAAGGCT-1,151671,Br5595,L5,53,111,8997,10833
151671_CCCGACCATAGTCCGC-1,151671,Br5595,L3,20,74,5038,8294
151671_CCCGCAGCGCGAACTA-1,151671,Br5595,L6,49,67,8511,7805
151671_CCCGGGTCGTTCAGGG-1,151671,Br5595,WM,65,57,10427,7112
151671_CCCGTAAGTCTAGGCC-1,151671,Br5595,L5,40,28,7428,5122
151671_CCCGTTTCGCAGATGT-1,151671,Br5595,L5,52,106,8876,10489
151671_CCCTCAGATCGAGAAC-1,151671,Br5595,L6,72,26,11261,4976
151671_CCCTCATTCTGGAATT-1,151671,Br5595,L3,16,44,4555,6229
151671_CCCTCCTCGCTCGTAT-1,151671,Br5595,L4,50,106,8637,10489
151671_CCCTGACTAACAAATT-1,151671,Br5595,L4,38,12,7186,4021
151671_CCGAAGTATATTGTTC-1,151671,Br5595,L3,22,22,5270,4713
151671_CCGACAATAGGCCGCC-1,151671,Br5595,L5,57,111,9476,10832
151671_CCGATATGACGTAAGG-1,151671,Br5595,L4,55,127,9239,11934
151671_CCGATTCGAGGGACCC-1,151671,Br5595,L5,38,20,7187,4572
151671_CCGCACGTGACCTCGG-1,151671,Br5595,L3,28,26,5990,4987
151671_CCGCCTTGCGATGTCG-1,151671,Br5595,L5,43,7,7784,3675
151671_CCGCGGAATGCGTCAC-1,151671,Br5595,L6,51,45,8748,6289
151671_CCGCGTAGGTAAGGGC-1,151671,Br5595,L3,30,22,6229,4711
151671_CCGCTTGCTGACATGG-1,151671,Br5595,L3,27,113,5882,10977
151671_CCGGAATGGTTTCAGT-1,151671,Br5595,L3,24,32,5511,5401
151671_CCGGGCTGCTCCATAC-1,151671,Br5595,L3,36,86,6957,9116
151671_CCGTAGGAAATCCCTG-1,151671,Br5595,L6,60,96,9833,9798
151671_CCGTAGGGTTGTTTAC-1,151671,Br5595,L6,60,104,9834,10349
151671_CCTAAATTGTATCCTA-1,151671,Br5595,L4,52,114,8877,11040
151671_CCTAACCCAAACAAGT-1,151671,Br5595,L5,49,89,8514,9319
151671_CCTAACTAAGGCTCTA-1,151671,Br5595,L3,21,93,5161,9602
151671_CCTACTCAACACGATT-1,151671,Br5595,L5,63,119,10196,11381
151671_CCTACTGCGGCGGCCA-1,151671,Br5595,L3,22,126,5285,11873
151671_CCTACTGCTTACACTT-1,151671,Br5595,L3,27,49,5873,6571
151671_CCTAGGTAAAGGTAGC-1,151671,Br5595,L5,51,11,8743,3949
151671_CCTCACCTTAGCATCG-1,151671,Br5595,L3,27,97,5880,9875
151671_CCTCATGCAGCTACGA-1,151671,Br5595,L3,10,30,3834,5267
151671_CCTCGCGCTGTGCGAT-1,151671,Br5595,L6,57,59,9468,7252
151671_CCTCGGATGCTACCTG-1,151671,Br5595,L3,32,10,6467,3885
151671_CCTCTATCGATTAGCA-1,151671,Br5595,L6,52,26,8865,4981
151671_CCTCTCTCCCATCTAG-1,151671,Br5595,L5,34,36,6710,5674
151671_CCTCTGTACTATTCTA-1,151671,Br5595,L6,53,61,8990,7391
151671_CCTGCTATTTGAGAAG-1,151671,Br5595,L3,26,50,5754,6640
151671_CCTGTAAGACATGATA-1,151671,Br5595,L5,37,41,7070,6018
151671_CCTGTCACCCGGGCTC-1,151671,Br5595,L3,29,67,6115,7810
151671_CCTGTTCAACCTCGGG-1,151671,Br5595,WM,71,51,11144,6698
151671_CCTGTTTGAAGACACG-1,151671,Br5595,L6,58,94,9593,9661
151671_CCTTCCGCAACGCTGC-1,151671,Br5595,L6,71,15,11139,4219
151671_CCTTCGTATAGAATCC-1,151671,Br5595,WM,69,61,10906,7387
151671_CCTTGTGAACGTGGTT-1,151671,Br5595,WM,72,48,11264,6491
151671_CCTTTAAGGGAGCACT-1,151671,Br5595,L6,58,50,9587,6632
151671_CGAACCTCTTTCCTAG-1,151671,Br5595,L6,72,20,11260,4563
151671_CGAAGGGTTTCAGATT-1,151671,Br5595,L6,66,14,10540,4152
151671_CGACACCGCTTAAGGA-1,151671,Br5595,L3,10,118,3846,11325
151671_CGACACGCTCCGACAG-1,151671,Br5595,L4,46,94,8156,9664
151671_CGACAGTTCGCGTTAT-1,151671,Br5595,L5,36,42,6950,6087
151671_CGACCCTTAACGCCGG-1,151671,Br5595,L5,48,12,8384,4018
151671_CGACGCATCCGTACCT-1,151671,Br5595,L5,50,10,8623,3880
151671_CGACTCGGTACACGGT-1,151671,Br5595,L3,11,123,3967,11669
151671_CGACTTTGTATAGCCT-1,151671,Br5595,L3,33,109,6600,10700
151671_CGAGACCCTAGAGTGT-1,151671,Br5595,L5,43,61,7792,7393
151671_CGAGAGATGTGAACCT-1,151671,Br5595,L3,29,73,6116,8223
151671_CGAGAGCGCGTAGATA-1,151671,Br5595,L5,45,7,8024,3675
151671_CGAGCGTTGATCAGCC-1,151671,Br5595,L3,12,46,4076,6368
151671_CGAGGAGCTTCCATAT-1,151671,Br5595,L3,23,117,5404,11253
151671_CGAGGATCGGGAACGA-1,151671,Br5595,L3,28,118,6003,11321
151671_CGAGTGAAGGTACCAG-1,151671,Br5595,L6,55,29,9225,5187
151671_CGATAACCAATTTGAG-1,151671,Br5595,L3,6,124,3368,11740
151671_CGATAATACTCAGGTT-1,151671,Br5595,L3,43,117,7800,11248
151671_CGATCCGACCCAGTGC-1,151671,Br5595,L5,38,50,7191,6637
151671_CGATCCTCGCAACATA-1,151671,Br5595,WM,66,40,10544,5942
151671_CGATCTGTTGGAGGAC-1,151671,Br5595,L5,46,24,8146,4845
151671_CGATTCGCCTGGCTGC-1,151671,Br5595,L6,57,73,9470,8216
151671_CGCAAACACGAGTTAC-1,151671,Br5595,L3,27,37,5871,5745
151671_CGCAATTAGGGTAATA-1,151671,Br5595,L3,28,44,5992,6226
151671_CGCAGGCGATCCAAAC-1,151671,Br5595,L5,52,102,8876,10214
151671_CGCATGCCGAATGCGT-1,151671,Br5595,WM,67,89,10671,9315
151671_CGCCAAGAAGCCGAGT-1,151671,Br5595,L5,39,17,7306,4365
151671_CGCCGCCCATGCCTGT-1,151671,Br5595,L3,39,83,7316,8909
151671_CGCCTCCCTCCTCTAT-1,151671,Br5595,L5,43,73,7793,8219
151671_CGCCTGGCCTACGTAA-1,151671,Br5595,L5,41,27,7547,5053
151671_CGCGGGAATTCCTTTC-1,151671,Br5595,WM,72,84,11269,8969
151671_CGCGTACATTCTGGAA-1,151671,Br5595,L3,6,120,3368,11464
151671_CGCTACGGGACATTTA-1,151671,Br5595,L5,38,48,7191,6499
151671_CGCTAGAGACCGCTGC-1,151671,Br5595,L3,39,101,7318,10148
151671_CGCTATTCTTAGGCTC-1,151671,Br5595,L5,38,60,7192,7325
151671_CGCTGTGACGCCGCAC-1,151671,Br5595,L3,25,47,5633,6434
151671_CGCTGTGTGGATGTTG-1,151671,Br5595,WM,59,43,9706,6150
151671_CGCTTAGTATTGATAC-1,151671,Br5595,WM,66,52,10546,6768
151671_CGCTTATTCCCGGTCG-1,151671,Br5595,L5,42,30,7667,5259
151671_CGCTTCGGTCTAAGAC-1,151671,Br5595,L6,66,104,10553,10348
151671_CGGACCTTTACGTCCC-1,151671,Br5595,WM,71,71,11147,8075
151671_CGGACGTTACTTGAAG-1,151671,Br5595,L4,42,6,7664,3607
151671_CGGATAAGCGGACATG-1,151671,Br5595,L3,19,17,4910,4370
151671_CGGCAAACATCGTGCG-1,151671,Br5595,L6,52,66,8870,7735
151671_CGGCACCGTTAGCGCC-1,151671,Br5595,L3,11,89,3962,9329
151671_CGGCGCCATCAATCCC-1,151671,Br5595,L6,59,93,9713,9592
151671_CGGCTCTTCGTCGAAC-1,151671,Br5595,L3,8,86,3602,9123
151671_CGGGAAGTACCGTGGC-1,151671,Br5595,L6,70,12,11019,4013
151671_CGGGCAGCTAAACCGC-1,151671,Br5595,L4,32,56,6473,7052
151671_CGGGCGATGGATCACG-1,151671,Br5595,WM,69,75,10908,8350
151671_CGGGTTCGGCACGTAT-1,151671,Br5595,L3,7,107,3486,10569
151671_CGGGTTTGTTAGGGCT-1,151671,Br5595,L5,56,114,9356,11039
151671_CGGTCCGTCGCAAGCC-1,151671,Br5595,WM,63,51,10186,6700
151671_CGGTTATCCAACAGTG-1,151671,Br5595,L3,30,98,6240,9944
151671_CGGTTCAAGTAGGTGT-1,151671,Br5595,L3,24,98,5521,9945
151671_CGTAACTTCGACACTT-1,151671,Br5595,WM,68,50,10785,6630
151671_CGTAGCGCCGACGTTG-1,151671,Br5595,L3,7,53,3478,6851
151671_CGTATTAAGAGATCTA-1,151671,Br5595,L4,32,54,6473,6914
151671_CGTCAAGGCTATAAAT-1,151671,Br5595,L3,30,14,6228,4160
151671_CGTCAGTGCGCACAAG-1,151671,Br5595,L3,11,49,3956,6575
151671_CGTCGCATGTGAGCCA-1,151671,Br5595,WM,65,77,10429,8489
151671_CGTCGCTTGGTTATAC-1,151671,Br5595,L6,63,25,10182,4910
151671_CGTGCATTGTCGACGC-1,151671,Br5595,L5,39,31,7308,5329
151671_CGTGCCCTCCCGAAGA-1,151671,Br5595,L5,43,77,7794,8495
151671_CGTGGTACCCAAAGGC-1,151671,Br5595,WM,66,42,10544,6079
151671_CGTGTCCCATTCGCGA-1,151671,Br5595,L3,28,40,5992,5951
151671_CGTTAATGTCCCGACG-1,151671,Br5595,L6,59,87,9712,9179
151671_CGTTCAAGGAAACGGA-1,151671,Br5595,WM,70,46,11024,6354
151671_CGTTCATGGTGCGCGT-1,151671,Br5595,L5,48,20,8385,4569
151671_CGTTCTTCGCACACCT-1,151671,Br5595,L3,19,109,4923,10704
151671_CGTTGTAAACGTCAGG-1,151671,Br5595,L3,21,13,5149,4094
151671_CGTTGTAAGATTGATT-1,151671,Br5595,L3,26,108,5762,10633
151671_CGTTGTCGGCAATTGA-1,151671,Br5595,WM,64,66,10308,7732
151671_CGTTGTTTCAATTCCC-1,151671,Br5595,L5,34,40,6710,5949
151671_CGTTTCGCTCATTACA-1,151671,Br5595,L5,35,49,6832,6569
151671_CTAAATCCGGTGTACA-1,151671,Br5595,L6,61,35,9944,5599
151671_CTAAGTACAGGGCTAC-1,151671,Br5595,L3,6,102,3365,10225
151671_CTAATTATGAAGCGTA-1,151671,Br5595,L3,11,121,3967,11532
151671_CTACACTCGCAGATGG-1,151671,Br5595,L5,57,101,9474,10143
151671_CTACATATCGCGGGAC-1,151671,Br5595,L6,68,12,10780,4013
151671_CTACGACTAGCTATAA-1,151671,Br5595,L5,38,24,7187,4847
151671_CTACGCCATTTCCGAT-1,151671,Br5595,L3,12,80,4081,8709
151671_CTACTATCTTTCAGAG-1,151671,Br5595,L3,29,93,6119,9600
151671_CTAGATGTGAGTGTAA-1,151671,Br5595,L3,33,103,6600,10287
151671_CTAGTAGAAAGGGATT-1,151671,Br5595,L6,63,81,10190,8765
151671_CTAGTCACGTCTTAAG-1,151671,Br5595,L4,37,69,7074,7945
151671_CTATCACAACGCTGGA-1,151671,Br5595,WM,74,78,11508,8556
151671_CTATGAACACCTTGCC-1,151671,Br5595,WM,72,28,11261,5114
151671_CTATGTGAGTCACGGC-1,151671,Br5595,L5,45,17,8025,4363
151671_CTATTCATGTGTCCCA-1,151671,Br5595,L6,52,62,8870,7460
151671_CTCATGGCTCACAATC-1,151671,Br5595,L3,13,63,4198,7538
151671_CTCATGGTAATTTGCG-1,151671,Br5595,L5,50,26,8625,4982
151671_CTCATTTGATGGGCGG-1,151671,Br5595,L3,22,62,5276,7467
151671_CTCCGGCTTGTAGACA-1,151671,Br5595,L3,15,19,4431,4508
151671_CTCCTTTACGCAAGTC-1,151671,Br5595,L3,23,109,5403,10703
151671_CTCGAGGTCGAACAGT-1,151671,Br5595,L3,29,59,6114,7259
151671_CTCGCTAGGTAAGCGA-1,151671,Br5595,L6,72,96,11271,9796
151671_CTCGGGTTCTCTGGCC-1,151671,Br5595,L6,61,27,9943,5048
151671_CTCGGTACCACTGCTC-1,151671,Br5595,L4,41,81,7555,8770
151671_CTCGTCTGTGCCTTCG-1,151671,Br5595,WM,70,82,11029,8832
151671_CTCGTTACGGCTACCA-1,151671,Br5595,WM,70,40,11023,5941
151671_CTCTTCTGGAAGTTAG-1,151671,Br5595,WM,62,40,10065,5943
151671_CTCTTGTCCCGCTTGG-1,151671,Br5595,L6,54,58,9109,7184
151671_CTGAAAGAGATCCGAC-1,151671,Br5595,L3,19,69,4918,7950
151671_CTGAATTTATTGCCAG-1,151671,Br5595,L3,22,106,5282,10496
151671_CTGACTGCGCAGCTCG-1,151671,Br5595,L3,31,101,6360,10150
151671_CTGAGAAAGTTCGGCG-1,151671,Br5595,L3,49,117,8518,11247
151671_CTGAGCAAGTAACAAG-1,151671,Br5595,L3,15,25,4432,4921
151671_CTGCACTCCAGTACAG-1,151671,Br5595,L6,54,70,9111,8010
151671_CTGCCTTTCTAGTAAA-1,151671,Br5595,L6,63,93,10192,9591
151671_CTGCGGGTGAAATGTT-1,151671,Br5595,L3,31,23,6349,4780
151671_CTGCGGTAGTCACGTG-1,151671,Br5595,L3,10,92,3843,9535
151671_CTGCTTTATGTCCGCG-1,151671,Br5595,L3,20,112,5044,10910
151671_CTGGCGCACAGGTCTG-1,151671,Br5595,L3,37,89,7077,9322
151671_CTGGGATAAATAATGG-1,151671,Br5595,L3,38,84,7196,8978
151671_CTGGGATACGCTACCC-1,151671,Br5595,L3,37,117,7081,11250
151671_CTGGGTTGAGTTAAAG-1,151671,Br5595,L5,53,11,8982,3948
151671_CTGGTAAAGTGTGGGC-1,151671,Br5595,L5,60,114,9836,11038
151671_CTGGTAACACATAGAA-1,151671,Br5595,L4,42,88,7676,9252
151671_CTGGTAACGAGCTCTT-1,151671,Br5595,L3,29,97,6120,9875
151671_CTGGTTCAACGCATCA-1,151671,Br5595,L3,8,38,3596,5818
151671_CTGGTTTCGAGCAAGA-1,151671,Br5595,L5,46,88,8155,9251
151671_CTGTATGGTGTAGAAA-1,151671,Br5595,L3,20,32,5032,5402
151671_CTGTGGTCGGGAGATA-1,151671,Br5595,L5,55,89,9233,9318
151671_CTGTTCACTGCCTGTG-1,151671,Br5595,L3,22,56,5275,7054
151671_CTTAGTTGAGGAATCG-1,151671,Br5595,WM,67,33,10663,5459
151671_CTTCAACTCCACTTGG-1,151671,Br5595,L6,59,77,9711,8491
151671_CTTCACGCCCTGGTAC-1,151671,Br5595,L6,71,21,11140,4632
151671_CTTCAGTTGGACAACG-1,151671,Br5595,WM,73,91,11390,9451
151671_CTTGAGTTAGGGTAAT-1,151671,Br5595,L3,39,93,7317,9597
151671_CTTTAGGAACACTGTT-1,151671,Br5595,L4,41,87,7556,9184
151671_CTTTAGTGCTATTATT-1,151671,Br5595,L5,44,64,7912,7599
151671_GAAACAGCCATGCAGT-1,151671,Br5595,L3,13,61,4198,7400
151671_GAAACTCGTGCGATGC-1,151671,Br5595,L3,28,24,5989,4849
151671_GAAACTCTAATGAAGG-1,151671,Br5595,L3,13,73,4199,8227
151671_GAAAGCAGTGCACTTT-1,151671,Br5595,L6,56,54,9348,6908
151671_GAAATACCTGCTGGCT-1,151671,Br5595,L3,7,85,3482,9054
151671_GAAATATCACCATCAG-1,151671,Br5595,L4,33,23,6588,4779
151671_GAAATCGCGCGCAACT-1,151671,Br5595,L3,18,68,4798,7881
151671_GAAATGGGATGTAAAC-1,151671,Br5595,L3,13,17,4192,4371
151671_GAAATTAGCACGGATA-1,151671,Br5595,L3,18,96,4802,9809
151671_GAAATTCACATCGCTG-1,151671,Br5595,L3,13,49,4196,6574
151671_GAAATTGTCTCTATAA-1,151671,Br5595,L5,43,53,7790,6842
151671_GAACAACTGGGATGAA-1,151671,Br5595,WM,67,85,10670,9039
151671_GAACGACCGAATGATA-1,151671,Br5595,L3,19,63,4917,7537
151671_GAACGATAAGTTAAAG-1,151671,Br5595,L3,27,123,5884,11666
151671_GAACTGTGGAGAGACA-1,151671,Br5595,WM,68,66,10787,7731
151671_GAAGAAACGATATTGT-1,151671,Br5595,L6,59,29,9704,5186
151671_GAAGAACGGTGCAGGT-1,151671,Br5595,L3,14,40,4315,5954
151671_GAAGCGTGAGGAATTT-1,151671,Br5595,L4,34,60,6713,7326
151671_GAAGGGTCATTAAGAC-1,151671,Br5595,WM,73,81,11388,8763
151671_GAAGTTTCCACTCAAT-1,151671,Br5595,L5,36,46,6951,6362
151671_GAATCGACATGGTCAC-1,151671,Br5595,L3,26,42,5752,6089
151671_GAATGTATGGCAGGTC-1,151671,Br5595,L3,15,91,4442,9465
151671_GACAACGACCATTGAA-1,151671,Br5595,L3,25,77,5638,8499
151671_GACACTGAGTTCAGTG-1,151671,Br5595,L5,44,46,7909,6360
151671_GACAGCCAGACCTGAC-1,151671,Br5595,L4,42,86,7675,9114
151671_GACATTTCGCCCAGCC-1,151671,Br5595,L6,72,16,11259,4288
151671_GACCCAATTATGATAC-1,151671,Br5595,L5,54,20,9104,4568
151671_GACCGCGTCTGACGTG-1,151671,Br5595,L4,50,112,8637,10903
151671_GACCTTCCACGTCTAC-1,151671,Br5595,WM,66,74,10549,8282
151671_GACGAGGCTAATAAAC-1,151671,Br5595,L5,56,100,9354,10075
151671_GACGCATACCCGTCGG-1,151671,Br5595,L6,64,6,10299,3601
151671_GACGCCGTAAAGGCTA-1,151671,Br5595,L6,54,54,9108,6908
151671_GACTAACACAGCACCT-1,151671,Br5595,L3,8,90,3603,9398
151671_GACTACAAAGCGGTGG-1,151671,Br5595,L5,49,21,8505,4638
151671_GACTCGCGGGAATGAC-1,151671,Br5595,L3,28,96,6000,9806
151671_GACTCGGTCGGCGGAT-1,151671,Br5595,L3,9,107,3725,10568
151671_GACTGGGCGCCGCAAC-1,151671,Br5595,L3,6,94,3364,9674
151671_GAGAATCTCACGATCA-1,151671,Br5595,L3,31,5,6346,3541
151671_GAGACCCTGCAACGCC-1,151671,Br5595,L3,11,111,3965,10843
151671_GAGACTGATGGGTAGA-1,151671,Br5595,L3,28,56,5994,7052
151671_GAGATCTGCTTGGCAT-1,151671,Br5595,L5,34,44,6711,6225
151671_GAGCATCATCCCTGGG-1,151671,Br5595,L3,12,40,4075,5955
151671_GAGCCAGCTACCTGTG-1,151671,Br5595,L5,53,89,8994,9318
151671_GAGCCGAGCGTTTATT-1,151671,Br5595,L3,13,107,4204,10567
151671_GAGGAATGGAGAGGTT-1,151671,Br5595,L3,27,31,5871,5332
151671_GAGGCATTTGCAGCAG-1,151671,Br5595,L3,16,120,4566,11462
151671_GAGGCCCGACTCCGCA-1,151671,Br5595,L6,55,23,9224,4774
151671_GAGGCCTGTTGATACA-1,151671,Br5595,L6,63,107,10194,10555
151671_GAGGCTATCAAAGTCG-1,151671,Br5595,L5,35,27,6828,5054
151671_GAGGGAGTCAGATCGC-1,151671,Br5595,WM,65,41,10424,6011
151671_GAGGGCATCGCGTATC-1,151671,Br5595,L3,11,33,3954,5473
151671_GAGGGCGCAGCTCTGC-1,151671,Br5595,L3,27,89,5879,9325
151671_GAGTTGTCACCAGTCT-1,151671,Br5595,L6,68,8,10779,3738
151671_GATAAGGCAGATGCAA-1,151671,Br5595,L3,10,28,3834,5129
151671_GATAGGTAACGTTGAC-1,151671,Br5595,L6,48,60,8390,7323
151671_GATAGGTGTCCCGGGC-1,151671,Br5595,L3,39,123,7321,11663
151671_GATAGTGCGAGTAAGT-1,151671,Br5595,WM,68,44,10784,6216
151671_GATCAACATAAAGGGA-1,151671,Br5595,WM,62,36,10064,5667
151671_GATCCGAATATAAGTG-1,151671,Br5595,L3,36,124,6962,11732
151671_GATCCTAAATCGGGAC-1,151671,Br5595,L3,27,95,5880,9738
151671_GATCCTCTTGCGCTTA-1,151671,Br5595,L3,7,83,3482,8917
151671_GATCGACACTATCTGA-1,151671,Br5595,L3,27,47,5873,6433
151671_GATCGCTGTGGTGCGT-1,151671,Br5595,L6,70,18,11020,4426
151671_GATCTCGACGCTGTGG-1,151671,Br5595,L4,50,118,8638,11316
151671_GATGCCAGCAGAAGGC-1,151671,Br5595,L3,23,17,5389,4369
151671_GATGCCTTCTGCGGCA-1,151671,Br5595,L6,58,14,9582,4153
151671_GATGCTGTATTTCATC-1,151671,Br5595,L5,43,75,7794,8357
151671_GATGGTGCCCTAGGCA-1,151671,Br5595,L3,10,78,3841,8572
151671_GATGTTCAATCCACGA-1,151671,Br5595,L5,41,43,7549,6154
151671_GATTCTGTTAATGAGT-1,151671,Br5595,WM,74,62,11505,7454
151671_GCAAACCTTGGCCATA-1,151671,Br5595,L6,57,67,9470,7803
151671_GCAAACGTCGCCAGGT-1,151671,Br5595,L3,47,117,8279,11247
151671_GCAACAGCAGTATGCG-1,151671,Br5595,L3,46,106,8157,10490
151671_GCAAGATGTGTTCGCG-1,151671,Br5595,L3,11,105,3964,10430
151671_GCAAGTGCACAGAGAA-1,151671,Br5595,L3,24,42,5513,6090
151671_GCACAAACCCTAGATG-1,151671,Br5595,L6,65,21,10421,4634
151671_GCACAAACGAGGCGTG-1,151671,Br5595,L3,46,114,8159,11041
151671_GCAGAAACGTAATCCA-1,151671,Br5595,L3,8,122,3607,11601
151671_GCAGAAGGTAATCTCC-1,151671,Br5595,L3,50,122,8639,11591
151671_GCAGACCCAGCACGTA-1,151671,Br5595,L3,39,103,7318,10286
151671_GCAGATTAGGGATATC-1,151671,Br5595,L5,37,61,7073,7395
151671_GCAGCCTATATCACAT-1,151671,Br5595,L3,35,113,6841,10975
151671_GCAGTGTGGCTATAGG-1,151671,Br5595,L6,59,83,9711,8904
151671_GCATAGAGCACTCAGG-1,151671,Br5595,L5,37,59,7073,7257
151671_GCATTTCCAAGGCTCC-1,151671,Br5595,L3,33,111,6601,10838
151671_GCCAATAGGGCATCTC-1,151671,Br5595,L3,25,103,5641,10289
151671_GCCACAATTTAAGGAC-1,151671,Br5595,L5,45,39,8028,5878
151671_GCCAGGAGTAACCGAT-1,151671,Br5595,L3,21,89,5160,9326
151671_GCCATATTGCACACAG-1,151671,Br5595,L3,22,90,5280,9395
151671_GCCCGAGAGTCTAAAT-1,151671,Br5595,L6,62,10,10060,3877
151671_GCCCGTAATACCTTCT-1,151671,Br5595,L3,27,79,5877,8636
151671_GCCCTAGCCGTCGCGA-1,151671,Br5595,L5,54,16,9103,4292
151671_GCCGAAATTCCTACGT-1,151671,Br5595,L5,35,45,6831,6293
151671_GCCGTGGAAGAAATGT-1,151671,Br5595,L3,39,115,7320,11112
151671_GCCTGCTACACTGAGA-1,151671,Br5595,L3,8,106,3605,10500
151671_GCCTTCAGCCCTACCG-1,151671,Br5595,L3,16,50,4556,6642
151671_GCGACGGTAGTCTCCT-1,151671,Br5595,WM,73,71,11387,8074
151671_GCGCCGTTCCACGATA-1,151671,Br5595,L5,41,65,7553,7669
151671_GCGCTCGATCACCTGT-1,151671,Br5595,L3,45,125,8040,11799
151671_GCGGCTTTAGCAAGTT-1,151671,Br5595,WM,70,78,11028,8557
151671_GCGGGCATTACGATGC-1,151671,Br5595,L3,31,119,6362,11389
151671_GCGGTCTTGCTTTCAC-1,151671,Br5595,WM,72,82,11269,8832
151671_GCGGTTCCCTATCATG-1,151671,Br5595,L6,47,49,8269,6566
151671_GCGTAAATGGCCATAA-1,151671,Br5595,L3,34,102,6719,10218
151671_GCGTCTAACCTCCTAA-1,151671,Br5595,L3,32,126,6483,11871
151671_GCGTCTCTGCATTGGG-1,151671,Br5595,L5,39,41,7310,6017
151671_GCTACAATCGAGGATA-1,151671,Br5595,L6,62,104,10074,10349
151671_GCTAGACCGTCTACTG-1,151671,Br5595,L3,42,104,7678,10354
151671_GCTAGCACCTGGGCCA-1,151671,Br5595,L3,39,121,7321,11525
151671_GCTATCGCGGCGCAAC-1,151671,Br5595,L3,20,24,5031,4851
151671_GCTCAATGTAATACCG-1,151671,Br5595,WM,62,58,10067,7182
151671_GCTCCCAGTCGGTCCA-1,151671,Br5595,L3,43,109,7798,10698
151671_GCTCTCGGGTACCGAA-1,151671,Br5595,L3,26,58,5755,7191
151671_GCTGGACCCAAAGTGG-1,151671,Br5595,L3,14,106,4324,10498
151671_GCTTAGGGAAGCGGTA-1,151671,Br5595,L3,12,124,4087,11738
151671_GCTTGCAGCACAATTG-1,151671,Br5595,L3,19,117,4924,11254
151671_GCTTTACACAACTGGG-1,151671,Br5595,L6,70,116,11034,11173
151671_GCTTTCAGAGGAGGTG-1,151671,Br5595,L3,33,95,6598,9736
151671_GCTTTCTATCTCAACT-1,151671,Br5595,L3,5,117,3247,11258
151671_GGAAACTAAATGGGCC-1,151671,Br5595,L6,60,102,9834,10212
151671_GGAAAGGGAATTGAGC-1,151671,Br5595,WM,73,73,11387,8212
151671_GGAACCGTGTAAATTG-1,151671,Br5595,L6,49,47,8508,6428
151671_GGACACAAGTTTACAC-1,151671,Br5595,L3,47,111,8278,10834
151671_GGACTCACAAATTAGG-1,151671,Br5595,L3,49,121,8519,11522
151671_GGACTCGACAGCGCAT-1,151671,Br5595,WM,68,46,10784,6354
151671_GGACTCGTGAGTGGTC-1,151671,Br5595,WM,64,38,10304,5804
151671_GGAGCGAGGCCTACTT-1,151671,Br5595,WM,67,69,10668,7938
151671_GGAGGATTGAAAGGAG-1,151671,Br5595,L3,7,73,3481,8228
151671_GGATACTCATGAATTG-1,151671,Br5595,L3,9,45,3716,6300
151671_GGATCATCCCGTACGC-1,151671,Br5595,L3,17,101,4683,10153
151671_GGATGTCCTTACCGCA-1,151671,Br5595,L3,35,91,6838,9460
151671_GGATTAAGCTAAGGTC-1,151671,Br5595,L3,7,87,3483,9192
151671_GGATTAATCATGGACC-1,151671,Br5595,WM,71,75,11148,8350
151671_GGATTCAGTACGGTGG-1,151671,Br5595,L3,19,33,4913,5471
151671_GGCAAATTACTTTACT-1,151671,Br5595,L5,41,53,7551,6843
151671_GGCAAGGCGAAATAGC-1,151671,Br5595,L5,45,69,8032,7943
151671_GGCACTCAGCCGACCC-1,151671,Br5595,L4,55,123,9238,11659
151671_GGCACTGCGGTGGTTT-1,151671,Br5595,L6,70,110,11033,10760
151671_GGCAGCAAACCTATGC-1,151671,Br5595,L5,51,103,8756,10283
151671_GGCAGCGGTAATCCTA-1,151671,Br5595,L3,14,100,4323,10085
151671_GGCCCAATCTAGAGGG-1,151671,Br5595,L3,7,117,3487,11257
151671_GGCCTGCTCTGATGTT-1,151671,Br5595,WM,72,64,11266,7592
151671_GGCGAAATCTAACTTG-1,151671,Br5595,L4,43,87,7795,9183
151671_GGCGCGGAGATCTTTC-1,151671,Br5595,L6,58,86,9592,9110
151671_GGCTACTATACACTCC-1,151671,Br5595,WM,64,44,10305,6217
151671_GGCTATTAAGTTGTAT-1,151671,Br5595,L5,33,41,6591,6019
151671_GGCTCTGCTCCAACGC-1,151671,Br5595,L3,26,72,5757,8155
151671_GGGAGAACTCACAGTA-1,151671,Br5595,L3,32,64,6474,7602
151671_GGGAGTAATGGCTGGC-1,151671,Br5595,L3,10,42,3836,6093
151671_GGGATGGTCGTAACCG-1,151671,Br5595,L6,47,43,8268,6153
151671_GGGATTTACCGCACCT-1,151671,Br5595,L4,42,90,7676,9390
151671_GGGCCCGTCTTAAACA-1,151671,Br5595,L5,42,52,7671,6774
151671_GGGCCTATTTAAGTAT-1,151671,Br5595,L3,13,117,4206,11256
151671_GGGCGGCAAATGAATT-1,151671,Br5595,L6,49,45,8508,6290
151671_GGGCGTACATTTATAT-1,151671,Br5595,L3,24,54,5515,6916
151671_GGGCTCATCGAACCCA-1,151671,Br5595,L3,25,89,5639,9325
151671_GGGCTGGTTAGTCGCG-1,151671,Br5595,L4,31,51,6353,6708
151671_GGGTCATGCGTACCAT-1,151671,Br5595,L3,22,14,5269,4162
151671_GGGTCTATCGCTTTCC-1,151671,Br5595,L6,63,113,10195,10968
151671_GGGTGGTCCAGCCTGT-1,151671,Br5595,L3,7,69,3480,7953
151671_GGGTGTTTCAGCTATG-1,151671,Br5595,L3,16,68,4558,7882
151671_GGGTTAACATTTGAGT-1,151671,Br5595,L6,54,50,9108,6633
151671_GGGTTCAGACGAACAA-1,151671,Br5595,L3,19,19,4911,4507
151671_GGGTTTAGGATAGGAT-1,151671,Br5595,L3,43,107,7798,10560
151671_GGTAACCGGGAGGATA-1,151671,Br5595,L6,57,27,9464,5049
151671_GGTACAAACATGCTAT-1,151671,Br5595,L5,40,54,7431,6912
151671_GGTACACCAGATTTAT-1,151671,Br5595,L3,26,118,5763,11322
151671_GGTACGTTGCGGCCGG-1,151671,Br5595,L6,66,112,10554,10899
151671_GGTACTAAGTGCTTTG-1,151671,Br5595,L3,51,123,8759,11660
151671_GGTAGAAGACCGCCTG-1,151671,Br5595,L6,53,71,8991,8079
151671_GGTAGTGCTCGCACCA-1,151671,Br5595,L3,34,72,6715,8153
151671_GGTATAGTGACACATA-1,151671,Br5595,L3,34,114,6721,11044
151671_GGTCATTGTAGTCATA-1,151671,Br5595,L3,14,120,4326,11462
151671_GGTGATGAAGGAAGTG-1,151671,Br5595,L3,31,1,6346,3265
151671_GGTGCTGATCACAAAG-1,151671,Br5595,L3,27,21,5869,4643
151671_GGTGCTGGTACACATT-1,151671,Br5595,L5,42,46,7670,6361
151671_GGTGTAGGTAAGTAAA-1,151671,Br5595,WM,70,50,11024,6629
151671_GGTTCCCTAGTGTCTC-1,151671,Br5595,L3,7,123,3488,11670
151671_GGTTTACAATCTCAAT-1,151671,Br5595,L3,25,73,5637,8224
151671_GGTTTAGCCTTTCTTG-1,151671,Br5595,L4,46,102,8157,10215
151671_GGTTTGCGAACACGTA-1,151671,Br5595,L3,15,123,4446,11668
151671_GTAAGGATTTGTCGGA-1,151671,Br5595,L3,10,68,3839,7883
151671_GTACGTTTGCCCGTCA-1,151671,Br5595,L5,44,68,7912,7875
151671_GTACTAAGATTTGGAG-1,151671,Br5595,L3,27,55,5874,6984
151671_GTACTCCTGGGTATGC-1,151671,Br5595,L3,26,102,5761,10220
151671_GTAGAGGGAGACAAGT-1,151671,Br5595,L6,51,31,8746,5326
151671_GTAGCTCCGGGAGGCT-1,151671,Br5595,WM,65,37,10424,5735
151671_GTAGCTTCCTCTTGTT-1,151671,Br5595,L3,31,89,6358,9324
151671_GTAGTGAGCAACCTCA-1,151671,Br5595,L6,69,113,10914,10967
151671_GTAGTTCGAAGGCGAA-1,151671,Br5595,WM,65,39,10424,5873
151671_GTATAATCTCCCGGAT-1,151671,Br5595,L3,14,12,4311,4027
151671_GTATAGGACTCAGTAG-1,151671,Br5595,L3,20,58,5036,7192
151671_GTATCAAACGTTAGCT-1,151671,Br5595,L5,55,97,9234,9869
151671_GTATCTCAGTCTTGAC-1,151671,Br5595,L6,58,22,9583,4704
151671_GTATGAAATTTCACTC-1,151671,Br5595,L5,52,22,8864,4706
151671_GTATTAGGGTTCGCGT-1,151671,Br5595,L3,7,109,3486,10707
151671_GTATTCTGAGAAACGA-1,151671,Br5595,L6,48,38,8387,5808
151671_GTCAAAGAAGTGGTGT-1,151671,Br5595,L6,56,18,9343,4429
151671_GTCAAAGTTTACATAG-1,151671,Br5595,L3,13,29,4193,5197
151671_GTCACAAAGTTTCCAA-1,151671,Br5595,L3,9,61,3719,7401
151671_GTCCACGTCGCATTCG-1,151671,Br5595,L6,64,118,10315,11312
151671_GTCCCAACGTAAAGTA-1,151671,Br5595,L3,33,73,6595,8222
151671_GTCCGGACCTGAAATT-1,151671,Br5595,L5,54,88,9113,9249
151671_GTCCTACAGGCGGCTC-1,151671,Br5595,L3,18,16,4790,4301
151671_GTCCTTCTAGTGGGTT-1,151671,Br5595,L3,10,82,3841,8847
151671_GTCGGAAGGATACCAG-1,151671,Br5595,L3,13,115,4205,11118
151671_GTCGGGAAGCAGAAAC-1,151671,Br5595,L6,59,65,9709,7664
151671_GTCGTACCTACGATTG-1,151671,Br5595,L3,37,9,7065,3814
151671_GTCTAGTGAGCCGCTT-1,151671,Br5595,L6,66,92,10551,9522
151671_GTCTCGATCTGCTTTC-1,151671,Br5595,L3,20,80,5039,8707
151671_GTCTGCCGACTCGACG-1,151671,Br5595,WM,73,87,11389,9176
151671_GTGAAGATTTCAAGTG-1,151671,Br5595,L3,21,103,5162,10290
151671_GTGACAGCTTCCCACT-1,151671,Br5595,WM,64,74,10309,8283
151671_GTGAGTCGACTAATAG-1,151671,Br5595,L6,71,113,11153,10966
151671_GTGAGTCTAAGACGGA-1,151671,Br5595,L3,25,11,5628,3955
151671_GTGAGTGGTACAACGC-1,151671,Br5595,L6,52,56,8869,7047
151671_GTGATCAAGCGTGCAC-1,151671,Br5595,L6,65,27,10422,5047
151671_GTGATCACTAACGCCT-1,151671,Br5595,L4,47,97,8276,9871
151671_GTGATCCTTGTCATGA-1,151671,Br5595,L6,62,84,10071,8972
151671_GTGCACGAAAGTGACT-1,151671,Br5595,L3,17,71,4678,8088
151671_GTGCCATCACACGGTG-1,151671,Br5595,L5,42,34,7668,5534
151671_GTGCCGCTTCAAAGGT-1,151671,Br5595,L6,44,44,7909,6222
151671_GTGCTCAAGTACTGTC-1,151671,Br5595,L5,34,52,6712,6776
151671_GTGCTGCAGATAAGGA-1,151671,Br5595,L3,37,7,7065,3677
151671_GTGGAGCATGTCGGCC-1,151671,Br5595,L3,37,125,7082,11801
151671_GTGGAGCGTTTACCGA-1,151671,Br5595,L6,58,16,9582,4291
151671_GTGGAGTCGGCGGTTG-1,151671,Br5595,L6,54,38,9106,5807
151671_GTGGCCGGTTTCTCGG-1,151671,Br5595,L6,68,10,10779,3876
151671_GTGGCTGTTTCTGTTC-1,151671,Br5595,WM,70,92,11030,9521
151671_GTGGGCTTAGACACAC-1,151671,Br5595,L3,29,39,6111,5882
151671_GTGGTCAGCGAAGTAT-1,151671,Br5595,L3,8,92,3603,9536
151671_GTGTCAGTGTACGTGG-1,151671,Br5595,WM,68,42,10784,6079
151671_GTGTCGTATTCACCTT-1,151671,Br5595,L3,9,117,3727,11257
151671_GTTACTTTGGGCCTAG-1,151671,Br5595,L5,43,51,7790,6705
151671_GTTAGAGTGTGCCGCT-1,151671,Br5595,L3,7,75,3481,8366
151671_GTTATAATACGGTGAA-1,151671,Br5595,L5,53,107,8996,10558
151671_GTTATATCAGGAGCCA-1,151671,Br5595,L3,23,115,5403,11116
151671_GTTATATTATCTCCCT-1,151671,Br5595,L6,48,56,8390,7048
151671_GTTCACAGGAGTCTAG-1,151671,Br5595,L4,32,34,6470,5537
151671_GTTCAGTCGCCAAATG-1,151671,Br5595,WM,70,60,11026,7318
151671_GTTCCAGTCTGACCAT-1,151671,Br5595,L3,17,53,4676,6849
151671_GTTCGTCTGGGTCCCT-1,151671,Br5595,L3,21,119,5164,11392
151671_GTTCTTCCCTCGATGT-1,151671,Br5595,L3,15,51,4436,6711
151671_GTTCTTGTAACTCAAT-1,151671,Br5595,WM,75,61,11625,7385
151671_GTTGAGTCCCGCCGGT-1,151671,Br5595,L5,52,78,8872,8561
151671_GTTGCCCTAACGGGTG-1,151671,Br5595,L6,73,15,11379,4219
151671_GTTGGACCGCATCAGG-1,151671,Br5595,L3,20,116,5044,11185
151671_GTTGGATTCAGTGGCT-1,151671,Br5595,L3,16,96,4562,9809
151671_GTTGGATTGAGAACAC-1,151671,Br5595,L3,32,88,6478,9255
151671_GTTGTCGTGTTAGTTG-1,151671,Br5595,L3,15,47,4435,6436
151671_GTTTCAAACGAGTTGT-1,151671,Br5595,L5,61,109,9955,10693
151671_GTTTCTAGAGGCGCGG-1,151671,Br5595,L6,69,93,10911,9590
151671_TAAACCCAGGAGGGCA-1,151671,Br5595,L6,54,36,9106,5669
151671_TAAATCTTTACACCTC-1,151671,Br5595,L3,24,120,5524,11460
151671_TAACCGCCCGCAGTGC-1,151671,Br5595,L3,9,49,3717,6575
151671_TAACCTAGGGAGTCCA-1,151671,Br5595,L5,60,106,9835,10487
151671_TAACTGAAATACGCCT-1,151671,Br5595,L6,71,7,11138,3668
151671_TAAGAGGGACAGGGAC-1,151671,Br5595,L6,63,19,10182,4496
151671_TAAGGAACTTGTGGGA-1,151671,Br5595,L3,16,40,4554,5954
151671_TAAGGCAACATAAGAT-1,151671,Br5595,L3,25,71,5637,8086
151671_TAAGGCTGAATCCCTC-1,151671,Br5595,L4,45,97,8036,9871
151671_TAAGTGAATAGTCTAC-1,151671,Br5595,L6,72,24,11260,4839
151671_TAATAGCTAAATGATG-1,151671,Br5595,L3,26,124,5764,11735
151671_TAATGAAAGACCCTTG-1,151671,Br5595,L3,25,17,5629,4368
151671_TAATTAGATGGATATG-1,151671,Br5595,L3,10,32,3834,5405
151671_TAATTAGGACATCCGT-1,151671,Br5595,L3,42,108,7678,10629
151671_TACAAGTCTCGTGCAT-1,151671,Br5595,L4,31,27,6349,5055
151671_TACCAGCTAGGTTTAA-1,151671,Br5595,L3,11,65,3959,7676
151671_TACCGCGGACTTGCAG-1,151671,Br5595,L3,33,97,6599,9874
151671_TACCTACTCCCAGTAT-1,151671,Br5595,L6,58,62,9589,7458
151671_TACCTATCCCTAGAGG-1,151671,Br5595,L3,40,2,7424,3332
151671_TACCTCACGCTTGTAC-1,151671,Br5595,L3,16,56,4556,7055
151671_TACCTTAAGATTTCCC-1,151671,Br5595,L6,49,29,8506,5188
151671_TACGAGAACTTCACGT-1,151671,Br5595,L5,35,39,6830,5880
151671_TACGCTATAGAAACCT-1,151671,Br5595,L3,34,104,6720,10356
151671_TACGGGTAATAACATA-1,151671,Br5595,WM,72,88,11269,9245
151671_TACTACGTGCAATGCG-1,151671,Br5595,WM,71,85,11149,9038
151671_TACTCGGCACGCCGGG-1,151671,Br5595,L4,36,16,6947,4297
151671_TACTGAGGGAAGAAAG-1,151671,Br5595,L5,60,6,9820,3602
151671_TACTGCAATCAATTAC-1,151671,Br5595,L3,22,102,5282,10221
151671_TACTGTTTCTCTGGTA-1,151671,Br5595,L3,47,119,8279,11385
151671_TAGAATAGCCGATGAA-1,151671,Br5595,L6,62,100,10073,10073
151671_TAGACGAAACGCCAAT-1,151671,Br5595,WM,63,73,10189,8214
151671_TAGACTACCTAGCGTT-1,151671,Br5595,L3,38,104,7199,10355
151671_TAGACTCAGTTGGCCT-1,151671,Br5595,L6,70,14,11019,4151
151671_TAGAGGGAGTTTATCT-1,151671,Br5595,WM,73,65,11386,7661
151671_TAGAGGTTCTACTTGT-1,151671,Br5595,L5,54,96,9114,9800
151671_TAGCAACCTGTCACAA-1,151671,Br5595,L3,22,26,5271,4989
151671_TAGCGTCGAATATTGA-1,151671,Br5595,L3,34,4,6705,3471
151671_TAGCTAGTGATGATGG-1,151671,Br5595,WM,60,48,9826,6494
151671_TAGGCGATGAGGTCTC-1,151671,Br5595,L5,55,11,9222,3948
151671_TAGGGTGTTTCAAGAG-1,151671,Br5595,L3,22,54,5275,6916
151671_TAGGTCCAAGTAAGGA-1,151671,Br5595,L3,29,23,6109,4780
151671_TAGTACCACAACTTTC-1,151671,Br5595,L6,63,13,10181,4083
151671_TAGTACCTTAGTGGTC-1,151671,Br5595,L3,21,21,5150,4645
151671_TAGTCCGCAGAGAATG-1,151671,Br5595,L5,39,53,7311,6843
151671_TAGTCCTGCACTAAGC-1,151671,Br5595,L6,69,25,10901,4908
151671_TAGTCTAACAACGAGA-1,151671,Br5595,L5,40,34,7428,5535
151671_TAGTGTCAGAAACGGC-1,151671,Br5595,L3,21,19,5150,4507
151671_TATAGATGGTCGCAGT-1,151671,Br5595,L3,40,102,7438,10217
151671_TATAGTTAGGTGTACT-1,151671,Br5595,L6,72,12,11259,4012
151671_TATATATCGAGAAATG-1,151671,Br5595,L6,60,28,9823,5117
151671_TATCGATGATTAAACG-1,151671,Br5595,L3,23,49,5394,6572
151671_TATCTACAGAGGTAAT-1,151671,Br5595,L3,30,24,6229,4849
151671_TATCTAGCCTAAAGGA-1,151671,Br5595,L3,34,12,6707,4022
151671_TATGAAGACAGGTGCG-1,151671,Br5595,L3,29,21,6109,4643
151671_TATGATCCGGCACGCC-1,151671,Br5595,L3,26,112,5762,10908
151671_TATGCTCCCTACTTAC-1,151671,Br5595,L3,25,61,5635,7397
151671_TATGGCCCGGCCTCGC-1,151671,Br5595,L3,30,30,6230,5262
151671_TATGGGACCGAGCAGG-1,151671,Br5595,L5,36,56,6952,7051
151671_TATGGTTAGTGGGAGA-1,151671,Br5595,L3,41,105,7558,10423
151671_TATTAACACCAAAGCA-1,151671,Br5595,L5,54,10,9102,3879
151671_TATTTGATTTGCACAG-1,151671,Br5595,L5,54,118,9117,11315
151671_TCAACGAGGAGACAAA-1,151671,Br5595,L5,42,56,7671,7049
151671_TCAAGGTTACTACACC-1,151671,Br5595,L4,47,103,8277,10284
151671_TCACAAACCGAGGTAC-1,151671,Br5595,L6,61,95,9953,9729
151671_TCACCCTCTTAAGATT-1,151671,Br5595,L5,45,59,8031,7255
151671_TCACGGTCATCGCACA-1,151671,Br5595,L3,23,45,5393,6296
151671_TCACTACGACCAATGC-1,151671,Br5595,L3,13,95,4203,9741
151671_TCAGAACCTCCACAGG-1,151671,Br5595,L3,30,106,6241,10494
151671_TCAGGGCGACTTCCTT-1,151671,Br5595,L3,24,4,5507,3473
151671_TCAGGGCGCAAACTCG-1,151671,Br5595,L3,22,16,5270,4300
151671_TCATCCCAGAGGGTGG-1,151671,Br5595,L3,12,70,4079,8020
151671_TCCAACTCAGCTATCT-1,151671,Br5595,L6,67,91,10671,9453
151671_TCCAGATGTACGCCAA-1,151671,Br5595,L3,24,114,5523,11047
151671_TCCCAAACAGACAACG-1,151671,Br5595,L3,22,110,5283,10772
151671_TCCCAAAGCCCTAAAT-1,151671,Br5595,L3,39,117,7320,11249
151671_TCCCAGGCTTAGCTAA-1,151671,Br5595,L4,30,48,6232,6501
151671_TCCCTGGCGTATTAAC-1,151671,Br5595,L6,58,18,9582,4429
151671_TCCGAACTTGGCTTAC-1,151671,Br5595,L3,33,19,6588,4504
151671_TCCGATGACTGAGCTC-1,151671,Br5595,L3,22,76,5278,8431
151671_TCCGGTTCGTCCGGTC-1,151671,Br5595,L6,51,53,8749,6840
151671_TCCTTACGACGGTCCG-1,151671,Br5595,L5,49,95,8515,9732
151671_TCCTTTAAATCCGCTT-1,151671,Br5595,L5,56,92,9353,9524
151671_TCGAATCGCAGGGTAG-1,151671,Br5595,WM,75,53,11624,6834
151671_TCGACAACTGAACCCG-1,151671,Br5595,L5,57,15,9462,4223
151671_TCGACATAGCGTAGCG-1,151671,Br5595,WM,72,30,11261,5252
151671_TCGAGACCAACACCGT-1,151671,Br5595,L5,37,55,7072,6981
151671_TCGAGCCAGGCAGGCC-1,151671,Br5595,L6,57,37,9465,5737
151671_TCGCATCCCTAAGTGT-1,151671,Br5595,L3,15,31,4433,5335
151671_TCGCCCACTGCGAGAG-1,151671,Br5595,L3,36,2,6945,3333
151671_TCGCCGACATATTCGC-1,151671,Br5595,WM,66,86,10550,9109
151671_TCGCTACTGGCTTTGA-1,151671,Br5595,WM,65,73,10429,8214
151671_TCGCTGTGCGTAAATC-1,151671,Br5595,L3,17,41,4674,6023
151671_TCGGAGTACATGAGTA-1,151671,Br5595,L3,32,74,6476,8291
151671_TCGGCGAACCCAAACC-1,151671,Br5595,L4,49,105,8517,10421
151671_TCGGGATTCAAACATA-1,151671,Br5595,L4,39,15,7306,4227
151671_TCGTACCGACGTCAAG-1,151671,Br5595,WM,68,56,10786,7043
151671_TCGTGTTCGACCACAA-1,151671,Br5595,L5,57,105,9475,10419
151671_TCGTTGGCTCGTCAAT-1,151671,Br5595,L3,9,31,3714,5336
151671_TCTAAAGAACAGTCTC-1,151671,Br5595,L5,52,10,8863,3880
151671_TCTACGGGCTCAGTTG-1,151671,Br5595,L3,16,122,4566,11599
151671_TCTAGCATCTTCGATG-1,151671,Br5595,L3,23,43,5393,6159
151671_TCTATCATGCAGTTAC-1,151671,Br5595,L3,18,40,4794,5953
151671_TCTATGCTATAACGAC-1,151671,Br5595,L6,64,94,10312,9660
151671_TCTCAAATCAATCGGG-1,151671,Br5595,WM,71,89,11150,9314
151671_TCTCCCTGGGCAGCGT-1,151671,Br5595,L6,54,80,9112,8698
151671_TCTCGACGTATCGCCG-1,151671,Br5595,L3,45,113,8039,10973
151671_TCTCTCGCCGCACATA-1,151671,Br5595,L5,55,115,9237,11108
151671_TCTCTTACCGCGAACC-1,151671,Br5595,WM,65,43,10425,6148
151671_TCTGAAGCACGTGGTC-1,151671,Br5595,L6,56,84,9352,8973
151671_TCTGACGGGCTAACCC-1,151671,Br5595,L3,28,120,6003,11459
151671_TCTGAGCAATTGACTG-1,151671,Br5595,L5,54,112,9117,10902
151671_TCTGCAGATTCGAGTC-1,151671,Br5595,L3,25,5,5627,3542
151671_TCTGCGAATCGTTCGC-1,151671,Br5595,L3,17,123,4686,11668
151671_TCTGGGAACCTTTGAA-1,151671,Br5595,L3,40,98,7437,9941
151671_TCTGTGCCATCATAGT-1,151671,Br5595,L3,32,80,6477,8704
151671_TCTTACGGCATCCGAC-1,151671,Br5595,L3,25,29,5631,5194
151671_TCTTACTTATGCCTCT-1,151671,Br5595,L4,45,93,8036,9596
151671_TCTTAGAGCTCCAATT-1,151671,Br5595,L3,40,108,7439,10630
151671_TCTTAGAGTGAACTCT-1,151671,Br5595,L3,43,99,7797,10009
151671_TCTTGGTCAATGATAC-1,151671,Br5595,L6,74,20,11499,4563
151671_TGAAACTTATGCAAGC-1,151671,Br5595,L3,11,73,3960,8227
151671_TGAACTGCTATGACTT-1,151671,Br5595,L3,39,1,7304,3263
151671_TGAATGAGTGTTTCCC-1,151671,Br5595,WM,66,50,10545,6630
151671_TGAATGTCAGCCGGCC-1,151671,Br5595,L3,47,109,8278,10697
151671_TGACATGTAACGTGAC-1,151671,Br5595,WM,69,63,10907,7524
151671_TGACTCTAACTGGTAA-1,151671,Br5595,L6,67,123,10675,11656
151671_TGAGAATGCTTTACCG-1,151671,Br5595,L3,18,54,4796,6917
151671_TGAGCGGAAAGTGTTC-1,151671,Br5595,L6,55,65,9230,7665
151671_TGAGTGCCTCTTAAAT-1,151671,Br5595,L6,45,41,8028,6016
151671_TGAGTGGTCCGTGACG-1,151671,Br5595,L3,30,84,6238,8980
151671_TGATCGGTTTGACCCT-1,151671,Br5595,L3,28,54,5994,6915
151671_TGATGTCAATTAAGTG-1,151671,Br5595,L5,59,103,9714,10281
151671_TGATTCCCGGTTACCT-1,151671,Br5595,WM,64,50,10306,6631
151671_TGCAACCCATCTGCGG-1,151671,Br5595,L6,60,90,9832,9385
151671_TGCAGTTTCCTCCCAT-1,151671,Br5595,L3,40,90,7436,9390
151671_TGCATGGATCGGATCT-1,151671,Br5595,L3,19,67,4917,7812
151671_TGCCCGTACCGTTAAA-1,151671,Br5595,L5,45,75,8033,8356
151671_TGCCGTGGGACCCAAT-1,151671,Br5595,WM,71,67,11147,7799
151671_TGCGAGAATATTACCC-1,151671,Br5595,L6,50,40,8627,5945
151671_TGCGAGATGGCGGCCA-1,151671,Br5595,L3,11,115,3966,11119
151671_TGCGGACTTGACTCCG-1,151671,Br5595,WM,68,76,10789,8420
151671_TGCGTCATGACTGAGC-1,151671,Br5595,L5,53,21,8984,4637
151671_TGCTAAGTGTCTATTT-1,151671,Br5595,L5,52,90,8874,9387
151671_TGCTCGGCGAAACCCA-1,151671,Br5595,L6,57,61,9469,7390
151671_TGCTGGTTGGACAATT-1,151671,Br5595,L3,21,41,5153,6022
151671_TGGAATTAGACGCTTT-1,151671,Br5595,L3,26,18,5749,4437
151671_TGGCAAGCACAAGTCG-1,151671,Br5595,WM,66,56,10546,7043
151671_TGGCAGATTACGATCA-1,151671,Br5595,L5,44,58,7911,7186
151671_TGGGAAATGCCTTTCC-1,151671,Br5595,L3,23,27,5391,5057
151671_TGGGATGCACTCATTC-1,151671,Br5595,L3,12,98,4083,9948
151671_TGGGCAGGCCACCGCA-1,151671,Br5595,L5,54,116,9117,11177
151671_TGGGCCACAAGAGCGC-1,151671,Br5595,L3,18,72,4798,8157
151671_TGGGTAAGGTTCCCGC-1,151671,Br5595,L3,13,79,4200,8640
151671_TGGGTTTCGGGCGTAC-1,151671,Br5595,L6,71,25,11141,4908
151671_TGGTCCCACGCTACGG-1,151671,Br5595,L6,52,74,8872,8286
151671_TGGTCGATATACCTCT-1,151671,Br5595,WM,73,37,11382,5733
151671_TGGTCGTGCAAGGCAA-1,151671,Br5595,L4,41,7,7544,3676
151671_TGGTCGTTTGATAGAT-1,151671,Br5595,L3,2,106,2886,10501
151671_TGGTTAAGGGCGCTGG-1,151671,Br5595,L3,26,114,5763,11046
151671_TGTATACGGATGATGA-1,151671,Br5595,L3,25,125,5644,11804
151671_TGTCCCGACATAGCAC-1,151671,Br5595,L3,11,57,3958,7126
151671_TGTCCGCAAACAATTC-1,151671,Br5595,WM,73,51,11384,6697
151671_TGTCCTAAGTCACCGC-1,151671,Br5595,L4,34,30,6709,5261
151671_TGTGACTACGCCAGTC-1,151671,Br5595,L3,21,73,5158,8225
151671_TGTGAGACTAGCCCAA-1,151671,Br5595,L6,59,63,9709,7527
151671_TTAAACCTGGTTCCTT-1,151671,Br5595,L3,26,12,5748,4024
151671_TTAAAGGCGATGCTCG-1,151671,Br5595,WM,73,49,11384,6559
151671_TTAACACCTCGAACAT-1,151671,Br5595,L3,24,22,5510,4713
151671_TTAAGACGAACGAACC-1,151671,Br5595,L3,6,96,3364,9812
151671_TTAATCAGTACGTCAG-1,151671,Br5595,L3,18,76,4799,8432
151671_TTAATGTAGACCAGGT-1,151671,Br5595,L3,30,68,6235,7878
151671_TTACATCGTGGCCTGG-1,151671,Br5595,L3,20,36,5033,5678
151671_TTACGGATGGTTCGAG-1,151671,Br5595,L3,33,93,6598,9599
151671_TTACTAAAGGACTTTA-1,151671,Br5595,L5,48,78,8393,8562
151671_TTAGAATAAGGGTCGG-1,151671,Br5595,WM,61,45,9946,6287
151671_TTAGACACGATCGTTG-1,151671,Br5595,L3,16,86,4561,9121
151671_TTAGACGAGTCACCTC-1,151671,Br5595,L5,48,80,8393,8700
151671_TTAGAGTTTAGAAGGA-1,151671,Br5595,L5,46,86,8155,9113
151671_TTAGCAACATGGATGT-1,151671,Br5595,L3,20,28,5032,5127
151671_TTAGTAGGGCGGCGGG-1,151671,Br5595,L4,34,26,6708,4986
151671_TTAGTTATTCGTGGCA-1,151671,Br5595,L5,47,91,8275,9457
151671_TTATAGGTAATTGTCT-1,151671,Br5595,WM,61,73,9950,8215
151671_TTATATACGCTGTCAC-1,151671,Br5595,L4,38,74,7194,8289
151671_TTATCTGACATTAGGA-1,151671,Br5595,L5,46,8,8143,3743
151671_TTATGATCTTAACGAA-1,151671,Br5595,L3,38,82,7196,8840
151671_TTATGCGTCCCGGTCC-1,151671,Br5595,L3,7,45,3477,6300
151671_TTATTATCTGGAAGGC-1,151671,Br5595,L4,55,121,9238,11521
151671_TTCACGGTCGTCACGT-1,151671,Br5595,L6,71,27,11141,5045
151671_TTCAGTTTGTGGCAGC-1,151671,Br5595,L3,27,7,5867,3679
151671_TTCATGGCGCAACAGG-1,151671,Br5595,L3,19,75,4919,8363
151671_TTCCAATCAGAGCTAG-1,151671,Br5595,L3,23,95,5401,9739
151671_TTCCAATCTGGCTATC-1,151671,Br5595,L6,48,46,8388,6359
151671_TTCCAGTGGGTTTCGT-1,151671,Br5595,WM,75,47,11623,6421
151671_TTCCATCGACAGCGTG-1,151671,Br5595,L6,61,107,9954,10556
151671_TTCCGGCCTTGAGGCT-1,151671,Br5595,L6,54,44,9107,6220
151671_TTCCGGCTCGACTTCT-1,151671,Br5595,L3,12,110,4085,10774
151671_TTCGAACGAAACATGC-1,151671,Br5595,WM,74,42,11503,6077
151671_TTCGACAGAGCCCGTG-1,151671,Br5595,L6,52,68,8871,7873
151671_TTCGCACTGTACGACA-1,151671,Br5595,WM,61,59,9948,7251
151671_TTCGGCAACCCGCTGA-1,151671,Br5595,L3,16,88,4561,9259
151671_TTCGGGCGCTAGTCTT-1,151671,Br5595,L6,55,37,9226,5738
151671_TTCGTAATCCCAGCGG-1,151671,Br5595,L3,12,86,4082,9122
151671_TTCGTACTCCAGAACG-1,151671,Br5595,L3,29,29,6110,5193
151671_TTCTACTTGCGAGGGC-1,151671,Br5595,L3,22,32,5272,5402
151671_TTCTATGCCTTTCGCA-1,151671,Br5595,L3,29,121,6123,11527
151671_TTCTATTAAACGCAGC-1,151671,Br5595,WM,67,55,10666,6974
151671_TTCTGCCGCGCCTAGA-1,151671,Br5595,L5,49,69,8512,7942
151671_TTCTTAGTGAACGGTG-1,151671,Br5595,L3,18,34,4793,5540
151671_TTCTTGTAACCTAATG-1,151671,Br5595,L3,23,35,5392,5608
151671_TTGAAGAATTCCCAGG-1,151671,Br5595,L4,32,50,6472,6638
151671_TTGAATCGTTGTATAA-1,151671,Br5595,L5,48,10,8383,3881
151671_TTGAATTCACGTGAGG-1,151671,Br5595,L3,39,97,7318,9873
151671_TTGACCGTGTTAATGA-1,151671,Br5595,L6,50,34,8626,5532
151671_TTGACGCTCCATGAGC-1,151671,Br5595,L3,41,101,7558,10147
151671_TTGAGAGTACTGCTAA-1,151671,Br5595,L5,44,38,7908,5809
151671_TTGCCTAATCCAAAGT-1,151671,Br5595,L6,69,21,10901,4633
151671_TTGCCTTCTCGCCGGG-1,151671,Br5595,L6,68,104,10793,10347
151671_TTGCGTCGGCCAACCG-1,151671,Br5595,L6,51,41,8747,6014
151671_TTGCTGAAGGAACCAC-1,151671,Br5595,L3,19,57,4916,7124
151671_TTGCTGATCATGTTCG-1,151671,Br5595,L4,33,57,6593,7120
151671_TTGGATATCGTCTACG-1,151671,Br5595,L6,48,52,8389,6772
151671_TTGGATCGACTTCTGG-1,151671,Br5595,L3,10,60,3838,7332
151671_TTGGGAAGACGAGCCG-1,151671,Br5595,WM,68,64,10787,7593
151671_TTGGTATGGCTTGTGT-1,151671,Br5595,L3,33,117,6602,11251
151671_TTGGTGCGGTGTTGAA-1,151671,Br5595,L3,6,122,3368,11602
151671_TTGTAAGGCCAGTTGG-1,151671,Br5595,L3,27,81,5878,8774
151671_TTGTATCACACAGAAT-1,151671,Br5595,L3,12,74,4080,8296
151671_TTGTGGTGGTACTAAG-1,151671,Br5595,L6,63,95,10192,9729
151671_TTGTGTTTCCCGAAAG-1,151671,Br5595,L6,51,59,8750,7253
151671_TTGTTAGCAAATTCGA-1,151671,Br5595,L3,22,42,5273,6090
151671_TTGTTTCATTAGTCTA-1,151671,Br5595,L6,60,30,9824,5255
151671_TTGTTTGTGTAAATTC-1,151671,Br5595,L3,7,51,3478,6713
151672_AAACACCAATAACTGC-1,151672,Br5595,L6,59,19,9767,4499
151672_AAACAGAGCGACTCCT-1,151672,Br5595,L3,14,94,4390,9675
151672_AAACATTTCCCGGATT-1,151672,Br5595,L6,61,97,10020,9868
151672_AAACGGGCGTACGGGT-1,151672,Br5595,L6,65,91,10498,9454
151672_AAACTTAATTGCACGC-1,151672,Br5595,L6,64,12,10365,4016
151672_AAAGACATGAAGTTTA-1,151672,Br5595,L3,0,92,2713,9541
151672_AAAGGCTCTCGCGCCG-1,151672,Br5595,WM,55,55,9294,6979
151672_AAAGGGATGTAGCAAG-1,151672,Br5595,L3,24,62,5582,7469
151672_AAAGTGTGATTTATCT-1,151672,Br5595,L5,44,94,7983,9666
151672_AAATCTAGCCCTGCTA-1,151672,Br5595,L6,53,101,9062,10145
151672_AAATGATTCGATCAGC-1,151672,Br5595,L3,21,111,5231,10843
151672_AAATGGCATGTCTTGT-1,151672,Br5595,L3,13,69,4266,7954
151672_AAATGGCCCGTGCCCT-1,151672,Br5595,L6,49,17,8569,4365
151672_AAATGGTCAATGTGCC-1,151672,Br5595,L5,33,51,6658,6710
151672_AAATGTGGGTGCTCCT-1,151672,Br5595,L3,2,54,2946,6925
151672_AAATTACCTATCGATG-1,151672,Br5595,L3,26,94,5827,9671
151672_AACAATACATTGTCGA-1,151672,Br5595,WM,61,37,10010,5738
151672_AACACGAGACGCGGCC-1,151672,Br5595,L6,45,21,8091,4641
151672_AACATATCAACTGGTG-1,151672,Br5595,L3,27,99,5948,10015
151672_AACATTGAAGTTGATC-1,151672,Br5595,L6,67,23,10726,4772
151672_AACCATAGGGTTGAAC-1,151672,Br5595,L6,65,11,10484,3947
151672_AACCCAGAGACGGAGA-1,151672,Br5595,L3,15,39,4501,5889
151672_AACCCGACAACCCGTG-1,151672,Br5595,WM,67,43,10729,6149
151672_AACCCGATAGGGCTTC-1,151672,Br5595,L3,5,125,3317,11811
151672_AACCGCTAAGGGATGC-1,151672,Br5595,L5,46,92,8222,9528
151672_AACGATAGAAGGGCCG-1,151672,Br5595,L3,15,53,4503,6852
151672_AACGCATGATCTGGGT-1,151672,Br5595,L3,20,104,5110,10361
151672_AACGCGAACGGCAACA-1,151672,Br5595,L3,8,22,3659,4721
151672_AACTCCTAATCCCATG-1,151672,Br5595,L3,12,92,4150,9538
151672_AACTTTCTCGATCATG-1,151672,Br5595,L3,22,124,5353,11738
151672_AAGACCCAACTGAACA-1,151672,Br5595,WM,60,54,9893,6908
151672_AAGAGGATGTACGCGA-1,151672,Br5595,L5,39,29,7373,5194
151672_AAGAGGCCCTTTGGAA-1,151672,Br5595,L6,59,109,9782,10694
151672_AAGATGGCACCGGACC-1,151672,Br5595,WM,59,39,9770,5876
151672_AAGATTGGCGGAACGT-1,151672,Br5595,L3,26,90,5826,9396
151672_AAGCGGCGTCATGGGT-1,151672,Br5595,L3,9,97,3792,9883
151672_AAGCTCTTTCATGGTG-1,151672,Br5595,L6,57,81,9538,8768
151672_AAGGAGAACTTATAAG-1,151672,Br5595,L3,3,57,3066,7131
151672_AAGTAGAAGACCGGGT-1,151672,Br5595,L3,19,47,4981,6438
151672_AAGTGACGACCGAATT-1,151672,Br5595,L5,41,25,7612,4918
151672_AAGTGCAAAGGTAGAC-1,151672,Br5595,L4,28,10,6053,3889
151672_AAGTGTTTGGAGACGG-1,151672,Br5595,L6,52,80,8939,8700
151672_AAGTTCGGCCAACAGG-1,151672,Br5595,L6,46,34,8213,5536
151672_AATAACAACGCTCGGC-1,151672,Br5595,L5,36,30,7014,5263
151672_AATAAGTCCTCGAGAC-1,151672,Br5595,L3,5,71,3308,8094
151672_AATACAATGTTTCAGG-1,151672,Br5595,L4,23,19,5455,4510
151672_AATACCGGAGGGCTGT-1,151672,Br5595,WM,67,37,10728,5736
151672_AATAGCTACCGCGTGC-1,151672,Br5595,L3,19,111,4992,10844
151672_AATATCGAGGGTTCTC-1,151672,Br5595,L3,27,101,5948,10153
151672_AATATTGGAGTATTGA-1,151672,Br5595,L5,36,22,7013,4713
151672_AATCGCGCAGAGGACT-1,151672,Br5595,L3,42,114,7747,11043
151672_AATCTGCGTTGGGACG-1,151672,Br5595,L3,32,92,6545,9532
151672_AATGACAGCAATGTCT-1,151672,Br5595,L6,48,30,8451,5260
151672_AATGAGTTCGCATATG-1,151672,Br5595,L3,15,21,4498,4650
151672_AATGGTTCTCACAAGC-1,151672,Br5595,L4,19,35,4979,5612
151672_AATGTGCCCGAGGTGT-1,151672,Br5595,L6,55,27,9289,5051
151672_AATGTGCTAATCTGAG-1,151672,Br5595,WM,66,32,10608,5392
151672_AATTAAAGGTCGGCGT-1,151672,Br5595,L6,40,50,7497,6639
151672_AATTAACGGATTTCCA-1,151672,Br5595,WM,58,66,9655,7735
151672_AATTCCAAGCATGTAC-1,151672,Br5595,WM,66,58,10612,7182
151672_ACAAATTCAGATCTGA-1,151672,Br5595,L3,7,103,3553,10296
151672_ACAACAGCATGAGCTA-1,151672,Br5595,L4,32,72,6542,8155
151672_ACAAGGAAATCCGCCC-1,151672,Br5595,L6,49,75,8579,8357
151672_ACAAGGACAAGAGGTT-1,151672,Br5595,L5,29,37,6177,5747
151672_ACAATTTAGGAGGCTC-1,151672,Br5595,L4,31,9,6412,3819
151672_ACAATTTGGCCATATT-1,151672,Br5595,L3,43,123,7868,11663
151672_ACACCGGTCTGACCGC-1,151672,Br5595,L6,65,17,10485,4360
151672_ACACGGCACTATGCAT-1,151672,Br5595,L3,7,71,3548,8094
151672_ACACGGGAACTTAGGG-1,151672,Br5595,L3,27,71,5943,8088
151672_ACAGAACTGAGAACAA-1,151672,Br5595,L6,52,24,8930,4846
151672_ACAGCGCACCCGCAGC-1,151672,Br5595,L3,10,80,3909,8712
151672_ACAGTAATACAACTTG-1,151672,Br5595,L5,46,14,8209,4159
151672_ACATCGTATGCAATGG-1,151672,Br5595,L5,45,81,8101,8771
151672_ACATGGCGCCAAAGTA-1,151672,Br5595,L4,40,104,7506,10356
151672_ACCAATATGCAAGTTA-1,151672,Br5595,L6,56,78,9418,8561
151672_ACCACAACTCAGAACA-1,151672,Br5595,L3,7,81,3549,8782
151672_ACCATCCGCCAACTAG-1,151672,Br5595,L5,44,12,7969,4022
151672_ACCCATCTTGAGGGTA-1,151672,Br5595,L5,37,37,7135,5745
151672_ACCCGATTGGTTCCGA-1,151672,Br5595,WM,69,35,10967,5598
151672_ACCCTATAGGACTGAG-1,151672,Br5595,L3,12,20,4138,4582
151672_ACCCTCCCTTGCTATT-1,151672,Br5595,L6,48,84,8460,8977
151672_ACCGAAGAGTCTGGTT-1,151672,Br5595,L6,57,11,9526,3949
151672_ACCGACACATCTCCCA-1,151672,Br5595,WM,61,67,10015,7803
151672_ACCGATAGGCATAACC-1,151672,Br5595,L6,60,118,9903,11314
151672_ACCGATATTTAATCAT-1,151672,Br5595,L5,54,120,9185,11453
151672_ACCGGGCCTTTGTTGA-1,151672,Br5595,L5,46,98,8223,9941
151672_ACCGGTCAGGTACACC-1,151672,Br5595,L6,59,15,9766,4224
151672_ACCGTTCCCGCTCTGA-1,151672,Br5595,L3,5,65,3307,7681
151672_ACCTAATCGACTTCCT-1,151672,Br5595,L5,32,30,6535,5264
151672_ACCTCCGCCCTCGCTG-1,151672,Br5595,L6,55,107,9303,10558
151672_ACCTCCGTTATTCACC-1,151672,Br5595,L3,34,112,6788,10908
151672_ACCTCGAACTTATGCT-1,151672,Br5595,L6,65,15,10485,4222
151672_ACGAGAACCCATCACG-1,151672,Br5595,L3,8,34,3661,5547
151672_ACGAGGTTTACAACGT-1,151672,Br5595,L6,57,13,9527,4087
151672_ACGATCATACATAGAG-1,151672,Br5595,L3,25,63,5702,7538
151672_ACGATGCATATGTTAT-1,151672,Br5595,L5,37,43,7136,6158
151672_ACGCATTCGTGAGTAC-1,151672,Br5595,L5,33,61,6660,7398
151672_ACGCCCAGCTGTCGAT-1,151672,Br5595,L3,3,71,3069,8095
151672_ACGCGCTACACAGGGT-1,151672,Br5595,L6,41,31,7613,5331
151672_ACGGCACTTGCTTGGG-1,151672,Br5595,L6,52,60,8936,7324
151672_ACGGCGGGTTGCCCTG-1,151672,Br5595,L3,5,31,3302,5341
151672_ACGGGCGTATGCGACA-1,151672,Br5595,L3,24,118,5592,11324
151672_ACGGGTCATGTGACTT-1,151672,Br5595,L3,15,9,4496,3824
151672_ACGTACAGATTTCTCT-1,151672,Br5595,L3,10,66,3906,7749
151672_ACGTAGATTGCTGATG-1,151672,Br5595,L4,33,67,6661,7811
151672_ACGTGCGCCTCGTGCA-1,151672,Br5595,L3,17,63,4744,7540
151672_ACGTTCTGTACAAGTC-1,151672,Br5595,L6,65,95,10498,9729
151672_ACGTTTAGTTGTGATC-1,151672,Br5595,L3,14,68,4386,7885
151672_ACTAATACGTCAGGCG-1,151672,Br5595,L3,8,98,3672,9952
151672_ACTACATCCCGACAAG-1,151672,Br5595,L6,63,17,10246,4361
151672_ACTAGTTGCGATCGTC-1,151672,Br5595,L5,50,104,8703,10353
151672_ACTATATGCTGTGTTC-1,151672,Br5595,L3,13,105,4272,10432
151672_ACTATCCAGGGCATGG-1,151672,Br5595,L3,38,108,7267,10632
151672_ACTATGTCCAGCTGCC-1,151672,Br5595,L6,64,22,10366,4705
151672_ACTATTTCCGGGCCCA-1,151672,Br5595,WM,59,41,9771,6014
151672_ACTGAAACGCCGTTAG-1,151672,Br5595,L6,57,93,9540,9594
151672_ACTGTATACGCGAGCA-1,151672,Br5595,L3,10,36,3901,5684
151672_ACTGTTTAGTGTAGGC-1,151672,Br5595,L3,3,59,3067,7269
151672_ACTTACGCATCCACGC-1,151672,Br5595,L6,58,78,9657,8561
151672_ACTTATTTATGTGCCA-1,151672,Br5595,L5,46,90,8222,9390
151672_ACTTCAGGCTGATCCC-1,151672,Br5595,L6,51,81,8819,8769
151672_ACTTCCATGCGGGACA-1,151672,Br5595,L6,61,85,10018,9042
151672_ACTTTGACTGCATCCT-1,151672,Br5595,L5,39,11,7370,3955
151672_ACTTTGTCGACGCACT-1,151672,Br5595,L5,56,120,9425,11452
151672_AGAAATTATGACTCGC-1,151672,Br5595,L5,53,115,9064,11109
151672_AGAACGTGGTACATTC-1,151672,Br5595,L3,27,73,5943,8226
151672_AGAAGAGCGCCGTTCC-1,151672,Br5595,L4,38,88,7263,9255
151672_AGAAGGTTGCCGAATT-1,151672,Br5595,L6,42,44,7735,6225
151672_AGAATTGTTTGACATA-1,151672,Br5595,L3,17,23,4737,4787
151672_AGACCAAACCACACCT-1,151672,Br5595,L5,51,9,8807,3813
151672_AGACCCGCCCTCCTCG-1,151672,Br5595,L4,26,56,5821,7056
151672_AGACGCCCACTTCGCC-1,151672,Br5595,L6,60,120,9904,11451
151672_AGACGGGCCGATTTAA-1,151672,Br5595,L3,8,102,3673,10227
151672_AGACTAGCCTTCCAGA-1,151672,Br5595,L5,28,46,6059,6367
151672_AGAGCTACGAAAGCAT-1,151672,Br5595,L3,10,16,3898,4307
151672_AGAGTATAGTGTTACG-1,151672,Br5595,L3,28,122,6071,11598
151672_AGAGTTAGAGACCGAT-1,151672,Br5595,L3,6,98,3432,9952
151672_AGATACCAATAGAACC-1,151672,Br5595,L6,64,110,10381,10762
151672_AGATCGTGCATAAGAT-1,151672,Br5595,L3,21,97,5229,9879
151672_AGATGAGGGTTGCGAT-1,151672,Br5595,L3,14,98,4391,9950
151672_AGATTATAGGACGTTT-1,151672,Br5595,L5,36,54,7018,6915
151672_AGATTCAAGCGGGTCG-1,151672,Br5595,L3,3,111,3075,10848
151672_AGCAAAGGCCGCTAGT-1,151672,Br5595,WM,60,72,9896,8147
151672_AGCACACGTTTAGACT-1,151672,Br5595,L6,68,26,10846,4979
151672_AGCACTACCTCACCAG-1,151672,Br5595,L6,53,81,9059,8769
151672_AGCAGAAGGAGAAAGA-1,151672,Br5595,WM,64,68,10374,7871
151672_AGCATATCAATATGCT-1,151672,Br5595,L6,51,95,8822,9733
151672_AGCCCGGTAGCCTGTA-1,151672,Br5595,WM,61,49,10012,6564
151672_AGCCCTTGGACATCCC-1,151672,Br5595,L5,57,117,9544,11246
151672_AGCGGCGGTTAGCGGT-1,151672,Br5595,L6,50,12,8688,4020
151672_AGCGGGTCTGACACTC-1,151672,Br5595,WM,66,66,10613,7733
151672_AGCGTACGAGAGCTAG-1,151672,Br5595,L3,8,24,3660,4858
151672_AGCTATTTAATCCAAC-1,151672,Br5595,L3,16,74,4626,8298
151672_AGCTCCATATATGTTC-1,151672,Br5595,L6,57,109,9542,10695
151672_AGCTCCTTCGCACATC-1,151672,Br5595,L6,52,86,8940,9113
151672_AGCTCGTTGATGGAAA-1,151672,Br5595,L3,16,124,4634,11739
151672_AGCTCTAGACGTTCCA-1,151672,Br5595,L5,38,76,7261,8429
151672_AGCTCTTCCCAGTGCA-1,151672,Br5595,L3,18,88,4868,9261
151672_AGCTCTTCGTAACCTT-1,151672,Br5595,L3,39,107,7386,10562
151672_AGCTGCATTTGAGGTG-1,151672,Br5595,L3,1,107,2835,10573
151672_AGCTGCTGTGCCGAAT-1,151672,Br5595,L3,1,113,2836,10986
151672_AGCTTATAGAGACCTG-1,151672,Br5595,L3,5,47,3304,6442
151672_AGCTTGATCTTAACTT-1,151672,Br5595,L5,41,23,7612,4780
151672_AGGAACGAACGACTTC-1,151672,Br5595,L6,64,120,10383,11450
151672_AGGAAGCTGTCCGCCG-1,151672,Br5595,WM,61,65,10014,7665
151672_AGGACGCTCGATGTTG-1,151672,Br5595,L3,18,98,4870,9949
151672_AGGAGACATCCACAGT-1,151672,Br5595,L3,24,122,5592,11599
151672_AGGCACGTGACTGTCC-1,151672,Br5595,L6,57,115,9543,11108
151672_AGGCATTGTCGTAGGG-1,151672,Br5595,L5,49,99,8583,10009
151672_AGGCCCATTGTACAGG-1,151672,Br5595,L3,15,55,4503,6990
151672_AGGCGGTTTGTCCCGC-1,151672,Br5595,L6,59,17,9767,4362
151672_AGGCGTCTATGGACGG-1,151672,Br5595,L3,16,112,4632,10913
151672_AGGGAAACGAGGTACT-1,151672,Br5595,L3,13,89,4269,9331
151672_AGGGCAGCGGCGTGGT-1,151672,Br5595,L3,8,74,3668,8300
151672_AGGGTGCCGTTCTTTA-1,151672,Br5595,WM,65,33,10488,5461
151672_AGGGTGGATAGTGCAT-1,151672,Br5595,L4,29,11,6173,3957
151672_AGGTGTATCGCCATGA-1,151672,Br5595,L5,37,17,7132,4368
151672_AGGTTACACCATGCCG-1,151672,Br5595,L4,43,115,7867,11112
151672_AGGTTTCACACACCTT-1,151672,Br5595,L5,41,67,7619,7809
151672_AGTACCTTCGAGTGCT-1,151672,Br5595,L3,10,108,3913,10640
151672_AGTACTCTTATGCCCA-1,151672,Br5595,L6,56,88,9419,9250
151672_AGTAGCGTGAACGAAC-1,151672,Br5595,L3,2,72,2949,8164
151672_AGTAGGAAGGAAGTTG-1,151672,Br5595,L3,16,98,4630,9950
151672_AGTCAAATGATGTGAT-1,151672,Br5595,WM,67,35,10728,5598
151672_AGTCAGCCACCGCCTG-1,151672,Br5595,L3,16,28,4619,5131
151672_AGTCCATTGGCTGATG-1,151672,Br5595,L4,42,100,7744,10080
151672_AGTCGACGGTCTCAAG-1,151672,Br5595,L4,38,90,7264,9393
151672_AGTCGTCGACCACCAA-1,151672,Br5595,L6,57,91,9539,9456
151672_AGTCGTGGGCATTACG-1,151672,Br5595,L6,51,29,8811,5190
151672_AGTCTCACAAGACTAC-1,151672,Br5595,L6,54,30,9170,5258
151672_AGTCTGGACATCCTTG-1,151672,Br5595,L3,18,20,4857,4580
151672_AGTCTTTAAAGTGTCC-1,151672,Br5595,WM,67,77,10735,8489
151672_AGTGCACGCTTAAGAA-1,151672,Br5595,L6,52,96,8941,9802
151672_AGTGTATTGCGCATTG-1,151672,Br5595,L3,17,95,4749,9743
151672_AGTGTGCTAAGATCGC-1,151672,Br5595,L3,14,10,4376,3893
151672_AGTGTGGTCTATTGTG-1,151672,Br5595,L4,21,23,5217,4786
151672_AGTTAAGTCAACCGCT-1,151672,Br5595,L6,51,25,8810,4915
151672_AGTTACTCTATCGTGG-1,151672,Br5595,L3,15,89,4509,9330
151672_AGTTCTGCGTTGTATC-1,151672,Br5595,L3,13,19,4258,4513
151672_ATAAACGTTGCACCAC-1,151672,Br5595,L6,57,107,9542,10557
151672_ATAAAGGCTCGGTCGT-1,151672,Br5595,L5,34,50,6778,6640
151672_ATAAGCAAACACCGAG-1,151672,Br5595,L3,9,125,3796,11810
151672_ATAAGTAGGATTCAGA-1,151672,Br5595,L3,27,103,5948,10291
151672_ATAAGTAGGGCGACTC-1,151672,Br5595,L3,36,108,7027,10632
151672_ATAATAGTGTAGGGAC-1,151672,Br5595,L3,18,30,4858,5268
151672_ATACAGGCCCTCCAAT-1,151672,Br5595,WM,56,72,9417,8148
151672_ATACCAGGCTAATAGA-1,151672,Br5595,L3,9,55,3785,6992
151672_ATACCGTCATCCATAA-1,151672,Br5595,L3,15,115,4513,11120
151672_ATACGGTGAAGATGCA-1,151672,Br5595,L5,33,11,6652,3956
151672_ATACGTACTTAGCCAC-1,151672,Br5595,L6,55,77,9298,8493
151672_ATACGTCCACTCCTGT-1,151672,Br5595,L5,47,93,8342,9597
151672_ATACGTTATGCACGGA-1,151672,Br5595,WM,63,63,10253,7527
151672_ATACTCTCGCCACTCT-1,151672,Br5595,L3,9,25,3780,4927
151672_ATACTGCCTTACACCG-1,151672,Br5595,L6,58,84,9658,8974
151672_ATACTTGTTCTCGAGC-1,151672,Br5595,L4,30,10,6292,3888
151672_ATAGCTGCTCTTGTTA-1,151672,Br5595,L3,16,10,4616,3892
151672_ATAGGTTGGGCAGATG-1,151672,Br5595,L4,28,64,6062,7606
151672_ATATCTCCCTCGTTAA-1,151672,Br5595,L3,19,87,4988,9192
151672_ATATCTTAGGGCCTTC-1,151672,Br5595,L5,35,61,6900,7397
151672_ATCACGTGCTAATTAA-1,151672,Br5595,L6,46,36,8213,5673
151672_ATCAGCTCGTCCACTA-1,151672,Br5595,L6,49,15,8569,4227
151672_ATCAGGTCGCCATTGC-1,151672,Br5595,L3,8,94,3671,9677
151672_ATCATCCAATATTTGT-1,151672,Br5595,L5,39,59,7378,7259
151672_ATCCACGCTAAATGTT-1,151672,Br5595,L3,5,83,3310,8920
151672_ATCGTGGAAAGTCTGG-1,151672,Br5595,L6,63,23,10247,4774
151672_ATCTCCCACGGAATAT-1,151672,Br5595,L6,60,108,9902,10625
151672_ATCTCGTGAGCGAAAC-1,151672,Br5595,L4,48,116,8466,11179
151672_ATGACTATGCGACATT-1,151672,Br5595,L5,48,88,8461,9252
151672_ATGAGGAGTGTTAATC-1,151672,Br5595,L5,25,35,5698,5611
151672_ATGATCGGGAATAGAC-1,151672,Br5595,L3,16,54,4623,6921
151672_ATGATGCAATGGTACA-1,151672,Br5595,L6,44,50,7976,6638
151672_ATGCACCTTCCTTAAT-1,151672,Br5595,L3,20,6,5094,3616
151672_ATGCACGCGCTGTTCA-1,151672,Br5595,L6,59,11,9766,3949
151672_ATGCATTCCGTGATGG-1,151672,Br5595,L3,4,52,3185,6787
151672_ATGCTCAGTGTTGCAT-1,151672,Br5595,L4,21,29,5218,5199
151672_ATGCTCTGGCGCGGTA-1,151672,Br5595,WM,60,76,9896,8423
151672_ATGGCTGGAAATGGCC-1,151672,Br5595,L3,9,93,3791,9607
151672_ATGGGCCTCGGCCTCT-1,151672,Br5595,L5,45,91,8102,9459
151672_ATGGTTACGAAACATG-1,151672,Br5595,L3,6,116,3435,11191
151672_ATGTAAGGCTGCTCTT-1,151672,Br5595,L3,32,112,6549,10909
151672_ATGTACGATGACGTCG-1,151672,Br5595,WM,66,64,10613,7595
151672_ATGTGCATCCGACGCA-1,151672,Br5595,L3,23,57,5462,7125
151672_ATGTGGACATCTTGAT-1,151672,Br5595,L6,47,71,8338,8082
151672_ATGTTCCTGCCCACCT-1,151672,Br5595,L3,16,8,4615,3755
151672_ATGTTCGTCGACCCAC-1,151672,Br5595,L5,34,14,6772,4162
151672_ATTACATGTCAGTCTT-1,151672,Br5595,L5,50,108,8704,10628
151672_ATTACTAGCCTCTTGC-1,151672,Br5595,L3,18,44,4861,6232
151672_ATTAGATTCCTCAGCA-1,151672,Br5595,L3,25,105,5709,10429
151672_ATTAGATTGATAGCGG-1,151672,Br5595,L3,19,49,4981,6576
151672_ATTATCTCGACAGATC-1,151672,Br5595,L3,7,61,3546,7405
151672_ATTATGAGACCCAATT-1,151672,Br5595,L6,66,12,10604,4016
151672_ATTATGCCATAGGGAG-1,151672,Br5595,L3,21,53,5222,6851
151672_ATTATTCAGAGTCACT-1,151672,Br5595,L6,67,97,10738,9866
151672_ATTCAGATGAATCCCT-1,151672,Br5595,L3,1,111,2836,10849
151672_ATTCCCACATAAACAA-1,151672,Br5595,L5,26,24,5816,4853
151672_ATTCCTTCCAGGCGGT-1,151672,Br5595,L3,10,24,3899,4858
151672_ATTCGACGCCGGGCCT-1,151672,Br5595,L5,36,26,7014,4988
151672_ATTCTCGTCTCTTTAG-1,151672,Br5595,L3,11,51,4024,6716
151672_ATTGAAGATCTTAGTG-1,151672,Br5595,L5,31,49,6419,6572
151672_ATTGATGAGTCCTAAC-1,151672,Br5595,L3,33,99,6666,10014
151672_ATTGCGATCAGTAACT-1,151672,Br5595,L5,51,99,8822,10008
151672_ATTGCTGCTCCTCCAT-1,151672,Br5595,L5,35,43,6897,6158
151672_ATTGGGAGTTCTGTAA-1,151672,Br5595,L3,8,114,3675,11053
151672_ATTTACTAAGTCCATT-1,151672,Br5595,L3,31,111,6429,10840
151672_CAAATCTCTCACAAGG-1,151672,Br5595,L6,44,24,7971,4848
151672_CAAATTGTCAGCAAGC-1,151672,Br5595,L3,13,67,4266,7817
151672_CAACGTGGTGGAGTCT-1,151672,Br5595,L5,55,113,9304,10971
151672_CAACTCCGTAACTTGC-1,151672,Br5595,L3,13,119,4274,11396
151672_CAACTCCTTGATCCCG-1,151672,Br5595,L3,18,46,4861,6370
151672_CAACTGCTCATCCGAT-1,151672,Br5595,WM,59,55,9773,6977
151672_CAAGGTCCTATAGGCT-1,151672,Br5595,L3,34,110,6788,10770
151672_CAATACGCTCTGAGGC-1,151672,Br5595,L5,40,10,7490,3885
151672_CAATATGTAGATTTAC-1,151672,Br5595,L3,5,105,3314,10435
151672_CAATGCGAGAAGTATC-1,151672,Br5595,L6,54,82,9179,8837
151672_CAATGGATCTCTACCA-1,151672,Br5595,L3,28,86,6065,9120
151672_CAATTAAGGGTGATGA-1,151672,Br5595,L4,29,65,6182,7674
151672_CAATTTCGTATAAGGG-1,151672,Br5595,L5,37,63,7139,7534
151672_CACACACGCTAACGAG-1,151672,Br5595,L6,55,103,9302,10283
151672_CACACAGCTTGCGCTC-1,151672,Br5595,L4,47,115,8346,11111
151672_CACATTTCTTGTCAGA-1,151672,Br5595,L4,44,108,7985,10630
151672_CACCCAAATCTTATGT-1,151672,Br5595,L3,35,105,6907,10426
151672_CACCCACGAGGCAATT-1,151672,Br5595,L3,20,86,5107,9122
151672_CACCCGGTTTGTGACT-1,151672,Br5595,L6,53,39,9052,5878
151672_CACCGGAGATATCTCC-1,151672,Br5595,L3,7,93,3551,9608
151672_CACCGGTAGAGACATT-1,151672,Br5595,L6,66,16,10605,4291
151672_CACCGTATCCCATCCG-1,151672,Br5595,L5,52,104,8943,10352
151672_CACCTCTACGAGTGTG-1,151672,Br5595,L3,0,118,2717,11331
151672_CACGACGTAATAGTAA-1,151672,Br5595,L3,6,106,3434,10503
151672_CACGCGGAACTGTTGC-1,151672,Br5595,L4,42,98,7744,9942
151672_CACGGGATTGAGGGTT-1,151672,Br5595,L4,31,11,6412,3957
151672_CACGTCGGCAACCTCT-1,151672,Br5595,L6,49,37,8572,5741
151672_CACTACGGGAGCTGCC-1,151672,Br5595,L6,59,107,9782,10557
151672_CACTCAGCTCTTGAGG-1,151672,Br5595,L3,11,71,4027,8093
151672_CACTCCTATGTAAGAT-1,151672,Br5595,L6,56,36,9411,5670
151672_CACTCCTCTCGGTCGG-1,151672,Br5595,L3,15,87,4509,9193
151672_CACTTCGTCTTATCTC-1,151672,Br5595,L3,14,14,4377,4168
151672_CAGACGAACCTGATAC-1,151672,Br5595,L6,50,50,8694,6636
151672_CAGAGTGATTTAACGT-1,151672,Br5595,L3,9,69,3787,7955
151672_CAGATCATTTAAAGTC-1,151672,Br5595,L3,22,108,5350,10636
151672_CAGCAGCCCGTTCCTT-1,151672,Br5595,L3,28,78,6064,8569
151672_CAGCCTCTCCTCAAGA-1,151672,Br5595,L3,15,95,4510,9743
151672_CAGCTCGTGCTTGTGT-1,151672,Br5595,L3,14,42,4381,6096
151672_CAGGCCGTTTGGGTGT-1,151672,Br5595,L5,39,43,7376,6157
151672_CAGGTTTAGTACTACA-1,151672,Br5595,L3,13,125,4275,11809
151672_CAGTACCAGTTTACGT-1,151672,Br5595,L6,48,18,8450,4434
151672_CAGTCGAGGATGCAAT-1,151672,Br5595,L3,25,99,5708,10016
151672_CAGTGAATAAATGACT-1,151672,Br5595,L3,25,83,5706,8915
151672_CATAAGAAGCTTGGCT-1,151672,Br5595,WM,58,72,9656,8148
151672_CATAATGAGCGGGCGA-1,151672,Br5595,L3,6,46,3424,6373
151672_CATACAAAGCCGAACC-1,151672,Br5595,L3,13,35,4260,5614
151672_CATACTATGTAATTGT-1,151672,Br5595,L5,36,48,7017,6502
151672_CATACTTCTTTCTCCG-1,151672,Br5595,WM,68,52,10850,6768
151672_CATAGTAGCATAGTAG-1,151672,Br5595,L3,19,45,4981,6301
151672_CATATACTACTGATAA-1,151672,Br5595,L3,18,102,4870,10224
151672_CATATAGGTACAGTCA-1,151672,Br5595,L6,43,55,7857,6982
151672_CATATGTCAGGCTACG-1,151672,Br5595,L6,48,24,8450,4847
151672_CATCTATCCCGTGTCT-1,151672,Br5595,L3,18,100,4870,10087
151672_CATCTTACACCACCTC-1,151672,Br5595,L3,37,99,7145,10012
151672_CATGCACGTGTTACTG-1,151672,Br5595,L3,3,91,3072,9472
151672_CATGCGTTAGACAGAA-1,151672,Br5595,L3,15,63,4505,7541
151672_CATGGGTATGCCTTAT-1,151672,Br5595,L6,56,82,9418,8837
151672_CATGGGTCGGGTGTGG-1,151672,Br5595,L3,21,85,5227,9053
151672_CATTACATAGATTGTG-1,151672,Br5595,L3,27,117,5951,11254
151672_CATTGCAAAGCATAAT-1,151672,Br5595,L3,1,83,2831,8921
151672_CCAAATAACAAGATTC-1,151672,Br5595,L5,51,113,8825,10972
151672_CCAATGTCACAGCAAG-1,151672,Br5595,L5,37,49,7137,6571
151672_CCACCAACTTTACTGT-1,151672,Br5595,L6,52,40,8932,5947
151672_CCACGAGAAGAGAATC-1,151672,Br5595,L3,17,75,4746,8366
151672_CCAGAGACAAAGCCGG-1,151672,Br5595,L4,23,21,5456,4647
151672_CCAGATGTAAATGGGT-1,151672,Br5595,L3,19,123,4994,11670
151672_CCAGCGGGATCACCAG-1,151672,Br5595,L3,32,124,6551,11735
151672_CCAGCTACGCCTCATA-1,151672,Br5595,L3,9,35,3781,5615
151672_CCAGCTCGAACGCATT-1,151672,Br5595,WM,63,65,10254,7665
151672_CCAGCTGATGGTACTT-1,151672,Br5595,L5,37,21,7133,4643
151672_CCAGGCTGGCGTCTGA-1,151672,Br5595,L5,56,122,9425,11590
151672_CCATATGGAAACTATA-1,151672,Br5595,L6,53,103,9062,10283
151672_CCATCATAAGAACAGG-1,151672,Br5595,L3,1,109,2835,10711
151672_CCATGCCTGTTTAGTA-1,151672,Br5595,L5,35,53,6898,6847
151672_CCATTCCCTGCCCACA-1,151672,Br5595,L5,33,39,6656,5884
151672_CCCGAGTTTCTCCGTA-1,151672,Br5595,L5,48,108,8464,10629
151672_CCCGCTAGAGGGTTAA-1,151672,Br5595,L3,0,82,2711,8853
151672_CCCGTAGCTGGGAAGA-1,151672,Br5595,WM,57,39,9531,5877
151672_CCCTAGTGTCAGGTGT-1,151672,Br5595,L3,10,20,3899,4582
151672_CCCTCCTCGCTCGTAT-1,151672,Br5595,L5,50,106,8704,10490
151672_CCCTGATGTAACTCGT-1,151672,Br5595,L3,14,16,4377,4306
151672_CCCTGCCCAATCCGCT-1,151672,Br5595,L5,41,19,7611,4505
151672_CCGAACCTTCCCGGCC-1,151672,Br5595,L6,49,71,8578,8082
151672_CCGACAAAGGGAGTGC-1,151672,Br5595,L5,33,21,6653,4645
151672_CCGACAATAGGCCGCC-1,151672,Br5595,L6,57,111,9543,10833
151672_CCGAGGGATGTTAGGC-1,151672,Br5595,L3,6,62,3426,7474
151672_CCGATTCGAGGGACCC-1,151672,Br5595,L5,38,20,7252,4574
151672_CCGATTGGTCAATGAA-1,151672,Br5595,L3,2,98,2953,9954
151672_CCGCACGTGACCTCGG-1,151672,Br5595,L5,28,26,6055,4990
151672_CCGCATGTGGTACGAT-1,151672,Br5595,WM,56,66,9416,7735
151672_CCGCCGGTCAACACAC-1,151672,Br5595,L3,13,55,4264,6991
151672_CCGCCTTGCGATGTCG-1,151672,Br5595,L5,43,7,7849,3678
151672_CCGCTTGCTGACATGG-1,151672,Br5595,L3,27,113,5950,10979
151672_CCGGCGCATATTGGAT-1,151672,Br5595,L3,14,56,4384,7059
151672_CCGGGCTGCTCCATAC-1,151672,Br5595,L4,36,86,7024,9118
151672_CCGGGTTCGAGGTTAC-1,151672,Br5595,L5,38,32,7254,5400
151672_CCGGTTTGTAATTGTG-1,151672,Br5595,WM,56,42,9412,6083
151672_CCGTATTAGCGCAGTT-1,151672,Br5595,L3,17,111,4752,10844
151672_CCGTGGAACGATCCAA-1,151672,Br5595,L3,24,106,5590,10498
151672_CCTAACTAAGGCTCTA-1,151672,Br5595,L3,21,93,5228,9604
151672_CCTACGCGACCTTACA-1,151672,Br5595,L3,3,93,3072,9609
151672_CCTAGGTAAAGGTAGC-1,151672,Br5595,L6,51,11,8808,3951
151672_CCTATACCGTCCTGTC-1,151672,Br5595,WM,55,45,9292,6290
151672_CCTATGGCTCCTAGTG-1,151672,Br5595,L6,62,24,10127,4843
151672_CCTATGGGTTACCGTC-1,151672,Br5595,L4,29,69,6182,7950
151672_CCTATGGTCAAAGCTG-1,151672,Br5595,WM,68,68,10853,7870
151672_CCTATGTCCACTCCAC-1,151672,Br5595,L6,62,92,10138,9523
151672_CCTCCCGACAATCCCT-1,151672,Br5595,L3,9,63,3786,7542
151672_CCTCCTAGCTAGAGTC-1,151672,Br5595,L6,67,13,10724,4084
151672_CCTCCTGTTGTGTCGT-1,151672,Br5595,L6,62,96,10139,9799
151672_CCTCGCCAGCAAATTA-1,151672,Br5595,L3,18,74,4866,8297
151672_CCTCGGACCGGGATAG-1,151672,Br5595,L5,41,85,7622,9048
151672_CCTCGGATGCTACCTG-1,151672,Br5595,L4,32,10,6532,3888
151672_CCTCGTTACGCCTGTT-1,151672,Br5595,L3,5,109,3314,10710
151672_CCTGCCCGTTGTCTAG-1,151672,Br5595,L5,35,9,6891,3818
151672_CCTGGCTAGACCCGCC-1,151672,Br5595,L5,29,43,6178,6160
151672_CCTGGTCGAATGTGGG-1,151672,Br5595,WM,59,69,9775,7941
151672_CCTGTCGCCCGTAAAT-1,151672,Br5595,L5,36,62,7020,7466
151672_CCTTCTCAGCGTTCCT-1,151672,Br5595,L5,43,15,7850,4229
151672_CCTTTAAGGGAGCACT-1,151672,Br5595,WM,58,50,9652,6634
151672_CGAAACATAGATGGCA-1,151672,Br5595,L3,11,77,4028,8506
151672_CGAAGGGTTTCAGATT-1,151672,Br5595,L6,66,14,10605,4153
151672_CGAAGTTGCTCTGTGT-1,151672,Br5595,L5,33,35,6656,5608
151672_CGACAATTTGATCTAA-1,151672,Br5595,L5,43,95,7863,9735
151672_CGACACCGCTTAAGGA-1,151672,Br5595,L3,10,118,3915,11328
151672_CGACACGCTCCGACAG-1,151672,Br5595,L5,46,94,8223,9666
151672_CGAGACCCTAGAGTGT-1,151672,Br5595,L6,43,61,7858,7395
151672_CGAGAGCGCGTAGATA-1,151672,Br5595,L5,45,7,8088,3677
151672_CGAGAGGGTAGCCGCG-1,151672,Br5595,L6,56,104,9422,10351
151672_CGAGGCCAGGCATTGG-1,151672,Br5595,L3,14,22,4378,4719
151672_CGATAATACTCAGGTT-1,151672,Br5595,L3,43,117,7867,11250
151672_CGATCCTCGCAACATA-1,151672,Br5595,WM,66,40,10609,5943
151672_CGATGTTGTTATCTAC-1,151672,Br5595,L6,58,12,9646,4018
151672_CGATTCGCCTGGCTGC-1,151672,Br5595,WM,57,73,9537,8217
151672_CGCAGGCGATCCAAAC-1,151672,Br5595,L5,52,102,8942,10215
151672_CGCATCATGGCTTCAG-1,151672,Br5595,L3,9,85,3790,9057
151672_CGCATGCCGAATGCGT-1,151672,Br5595,WM,67,89,10737,9315
151672_CGCCACAGGTCGCGAT-1,151672,Br5595,L5,49,9,8568,3814
151672_CGCCTGGCCTACGTAA-1,151672,Br5595,L6,41,27,7613,5055
151672_CGCCTTTAGCATGCTC-1,151672,Br5595,L4,45,117,8107,11249
151672_CGCGCAAGGAACTACA-1,151672,Br5595,L3,5,29,3301,5203
151672_CGCGCATGTTTGATTG-1,151672,Br5595,L6,50,54,8695,6911
151672_CGCGGTCACAAACCAA-1,151672,Br5595,L3,18,106,4871,10500
151672_CGCGTCATATTAAACC-1,151672,Br5595,L3,2,64,2948,7613
151672_CGCGTTCATGAAATAC-1,151672,Br5595,L4,27,51,5940,6711
151672_CGCTATTCTTAGGCTC-1,151672,Br5595,L5,38,60,7259,7328
151672_CGCTGTGTGGATGTTG-1,151672,Br5595,WM,59,43,9771,6151
151672_CGCTTCCACTGAAATC-1,151672,Br5595,L3,18,42,4860,6094
151672_CGCTTGGACGGATAGA-1,151672,Br5595,L6,63,117,10262,11244
151672_CGGAAAGAATCAAACG-1,151672,Br5595,WM,58,48,9652,6496
151672_CGGAACGTAAACATAG-1,151672,Br5595,L6,47,45,8334,6293
151672_CGGCACCGTTAGCGCC-1,151672,Br5595,L3,11,89,4030,9332
151672_CGGCCAGAGCGACCAT-1,151672,Br5595,WM,67,49,10730,6562
151672_CGGCCCAACCTGTAGT-1,151672,Br5595,L3,28,112,6070,10910
151672_CGGGATCAATGTAAGA-1,151672,Br5595,L3,23,59,5462,7263
151672_CGGGCCTTCTTTGTAA-1,151672,Br5595,L6,41,55,7617,6983
151672_CGGGTTTGTTAGGGCT-1,151672,Br5595,L5,56,114,9424,11039
151672_CGGTGAAGACTAAAGT-1,151672,Br5595,L5,35,23,6893,4782
151672_CGGTGCAGATAGAACG-1,151672,Br5595,L6,42,36,7734,5674
151672_CGGTTATCCAACAGTG-1,151672,Br5595,L3,30,98,6307,9946
151672_CGGTTCAAGTAGGTGT-1,151672,Br5595,L3,24,98,5588,9947
151672_CGGTTGACCTGGCATA-1,151672,Br5595,L5,39,25,7373,4918
151672_CGTAGCGCCGACGTTG-1,151672,Br5595,L3,7,53,3545,6855
151672_CGTCAGCTATTTACTC-1,151672,Br5595,L3,17,11,4736,3961
151672_CGTCATACCATATCCA-1,151672,Br5595,L4,20,20,5096,4579
151672_CGTCGGGTCTAAGCGC-1,151672,Br5595,L6,54,22,9169,4707
151672_CGTCGTCCTTCGCGAA-1,151672,Br5595,L6,56,76,9417,8424
151672_CGTGAAGTTAATTCAC-1,151672,Br5595,L5,40,56,7498,7052
151672_CGTGCAGACTGGGACA-1,151672,Br5595,L5,40,74,7501,8291
151672_CGTGCCCTCCCGAAGA-1,151672,Br5595,L5,43,77,7860,8496
151672_CGTTGAGTAATTGCGT-1,151672,Br5595,L3,11,101,4032,10158
151672_CGTTGTCGGCAATTGA-1,151672,Br5595,WM,64,66,10374,7733
151672_CTAAATCCTATTCCGG-1,151672,Br5595,L3,26,84,5825,8983
151672_CTAACGAAACTTGCTG-1,151672,Br5595,L3,30,94,6306,9670
151672_CTAATTCGCACGCGCT-1,151672,Br5595,L5,28,34,6057,5541
151672_CTAATTTCAACAACAC-1,151672,Br5595,L4,21,27,5217,5061
151672_CTACCCTAAGGTCATA-1,151672,Br5595,L3,31,91,6425,9463
151672_CTACTATCATAGGTTT-1,151672,Br5595,L6,53,25,9050,4914
151672_CTAGCTTAATGGTCCC-1,151672,Br5595,L4,47,125,8347,11799
151672_CTATGGGAAGCGGAAT-1,151672,Br5595,L6,54,104,9182,10352
151672_CTATGTGAGTCACGGC-1,151672,Br5595,L5,45,17,8090,4366
151672_CTCACATTTACTAAAT-1,151672,Br5595,WM,62,68,10135,7871
151672_CTCACCGATCCAAACT-1,151672,Br5595,L3,8,118,3675,11329
151672_CTCAGCAGACTGCCGA-1,151672,Br5595,L3,2,112,2956,10917
151672_CTCCCAATGAGTCGCG-1,151672,Br5595,L5,51,115,8825,11110
151672_CTCCGAGTAAATCCGC-1,151672,Br5595,L3,1,123,2838,11675
151672_CTCCTCCAGCTCACAC-1,151672,Br5595,WM,62,50,10132,6632
151672_CTCGATATTTGCGAGC-1,151672,Br5595,L3,23,99,5469,10016
151672_CTCGCACCTATATAGT-1,151672,Br5595,L3,24,68,5583,7882
151672_CTCGGTACCACTGCTC-1,151672,Br5595,L5,41,81,7622,8772
151672_CTCGTCGAGGGCTCAT-1,151672,Br5595,L6,60,18,9887,4430
151672_CTCGTTTCTAATGTTT-1,151672,Br5595,L3,22,104,5350,10361
151672_CTCTAATGCATTGATC-1,151672,Br5595,L3,24,110,5590,10773
151672_CTCTACACTGGCGATT-1,151672,Br5595,L5,43,17,7850,4366
151672_CTCTAGCCCTCGGAAA-1,151672,Br5595,L6,66,90,10617,9385
151672_CTCTCACAATCGATGA-1,151672,Br5595,L4,32,70,6542,8018
151672_CTCTGCGAAGCAAGCA-1,151672,Br5595,L3,12,50,4143,6647
151672_CTCTGGACGCCTGGTG-1,151672,Br5595,L5,32,62,6540,7467
151672_CTCTTGTCCCGCTTGG-1,151672,Br5595,WM,54,58,9175,7185
151672_CTGAATCCGAGACCTC-1,151672,Br5595,L6,47,53,8336,6843
151672_CTGAGCGAGACTTATT-1,151672,Br5595,L3,31,125,6431,11804
151672_CTGCACTCCAGTACAG-1,151672,Br5595,L6,54,70,9177,8011
151672_CTGCCCACGAAGCGTT-1,151672,Br5595,L4,32,6,6531,3612
151672_CTGCCTTTCTAGTAAA-1,151672,Br5595,L6,63,93,10258,9592
151672_CTGCTGTCTAACGAGC-1,151672,Br5595,L4,49,119,8586,11386
151672_CTGGACGCAGTCCGGC-1,151672,Br5595,L6,51,13,8808,4089
151672_CTGGATTTACACTTGA-1,151672,Br5595,L6,49,55,8575,6980
151672_CTGGCGACATAAGTCC-1,151672,Br5595,L3,17,81,4747,8779
151672_CTGGCTGGTTGTCAGT-1,151672,Br5595,WM,54,56,9174,7048
151672_CTGGGATAAATAATGG-1,151672,Br5595,L5,38,84,7263,8980
151672_CTGGGCACTAGTCGGA-1,151672,Br5595,L3,1,97,2833,9885
151672_CTGGTAACGAGCTCTT-1,151672,Br5595,L3,29,97,6187,9877
151672_CTGTCAAATGGCTCGG-1,151672,Br5595,L3,23,83,5466,8915
151672_CTGTCACGCCAGGCGC-1,151672,Br5595,L3,10,98,3911,9951
151672_CTGTGCAGGGTAGGTC-1,151672,Br5595,L5,42,70,7739,8015
151672_CTGTTCATCTCACGGG-1,151672,Br5595,L4,22,34,5338,5543
151672_CTGTTGTTCAGTCGTA-1,151672,Br5595,L6,67,21,10726,4635
151672_CTTAGCCCGGATAGTG-1,151672,Br5595,L4,27,9,5933,3820
151672_CTTAGTTGAGGAATCG-1,151672,Br5595,WM,67,33,10728,5461
151672_CTTATGTTGACTACCA-1,151672,Br5595,L3,13,27,4259,5063
151672_CTTCAACTCCACTTGG-1,151672,Br5595,WM,59,77,9777,8492
151672_CTTCATAGCTCAAGAA-1,151672,Br5595,L4,19,37,4979,5750
151672_CTTCGATTGCGCAAGC-1,151672,Br5595,WM,68,88,10856,9246
151672_CTTCGGCCAATTGTTT-1,151672,Br5595,L5,50,110,8704,10766
151672_CTTCGTAGATAGGTGA-1,151672,Br5595,L5,39,45,7376,6295
151672_CTTCTTACGTCGTATA-1,151672,Br5595,L3,14,60,4384,7335
151672_CTTGACCCGAAAGATA-1,151672,Br5595,L3,9,57,3785,7129
151672_CTTGCCCAGGCTCTAC-1,151672,Br5595,L6,45,55,8096,6981
151672_CTTTGCTGTCATGGAT-1,151672,Br5595,L4,48,122,8467,11592
151672_CTTTGGCAGACAGAGT-1,151672,Br5595,L3,5,113,3315,10985
151672_CTTTGGCGCTTTATAC-1,151672,Br5595,L5,32,18,6533,4438
151672_GAAACCGAATTACCTT-1,151672,Br5595,L6,45,51,8096,6706
151672_GAAACTCGTGCGATGC-1,151672,Br5595,L5,28,24,6055,4853
151672_GAAAGCAGTGCACTTT-1,151672,Br5595,WM,56,54,9414,6909
151672_GAAAGCCCTTTGGACC-1,151672,Br5595,L5,35,21,6893,4644
151672_GAAATCGCGCGCAACT-1,151672,Br5595,L3,18,68,4865,7884
151672_GAAATTAGCACGGATA-1,151672,Br5595,L3,18,96,4869,9811
151672_GAAATTCACATCGCTG-1,151672,Br5595,L3,13,49,4263,6578
151672_GAAATTGTCTCTATAA-1,151672,Br5595,L6,43,53,7856,6844
151672_GAACAACTGGGATGAA-1,151672,Br5595,WM,67,85,10736,9040
151672_GAACACACATCAACCA-1,151672,Br5595,L4,22,50,5341,6644
151672_GAACCATCTGGGAGAC-1,151672,Br5595,L3,4,54,3186,6924
151672_GAACGTTAGGAAGACG-1,151672,Br5595,L5,33,15,6652,4232
151672_GAACTTAGCGCCCGGT-1,151672,Br5595,L3,5,101,3313,10159
151672_GAACTTGTGCACGGGA-1,151672,Br5595,L3,18,124,4874,11739
151672_GAAGAACGGTGCAGGT-1,151672,Br5595,L3,14,40,4381,5958
151672_GAAGTCAGTTGCACTA-1,151672,Br5595,L6,52,58,8935,7186
151672_GAATCGACATGGTCAC-1,151672,Br5595,L5,26,42,5819,6092
151672_GAATCGCCGGACACGG-1,151672,Br5595,L3,11,41,4022,6028
151672_GAATTATAGTGAAAGG-1,151672,Br5595,L5,34,68,6781,7879
151672_GAATTATGCAACCTAC-1,151672,Br5595,L3,2,126,2958,11881
151672_GAATTCACCCGGGTGT-1,151672,Br5595,L6,47,55,8336,6981
151672_GACAACGCAGCTTACG-1,151672,Br5595,L3,20,54,5102,6920
151672_GACACTGAGTTCAGTG-1,151672,Br5595,L6,44,46,7975,6362
151672_GACACTGGAACCCGAT-1,151672,Br5595,L5,52,110,8944,10765
151672_GACATCGATTTATAAC-1,151672,Br5595,L6,52,50,8934,6635
151672_GACCAAACGTTGACTG-1,151672,Br5595,L6,58,108,9662,10626
151672_GACCGACGTGAAAGCA-1,151672,Br5595,L3,38,112,7267,10907
151672_GACCGCGTCTGACGTG-1,151672,Br5595,L5,50,112,8705,10903
151672_GACGCCGTAAAGGCTA-1,151672,Br5595,WM,54,54,9174,6910
151672_GACGGGTTGGCCCGTA-1,151672,Br5595,WM,61,51,10012,6702
151672_GACGGTCAATAGAAGC-1,151672,Br5595,L3,30,100,6307,10083
151672_GACGTTCGTAAATACA-1,151672,Br5595,L3,24,116,5591,11186
151672_GACTAAGTAGGCTCAC-1,151672,Br5595,L5,27,43,5938,6161
151672_GACTAGGCCGTTAGGT-1,151672,Br5595,WM,66,78,10615,8559
151672_GACTGCTGGTGAGAAA-1,151672,Br5595,WM,67,39,10729,5874
151672_GAGATGGCTTTAATCA-1,151672,Br5595,WM,70,76,11094,8420
151672_GAGATGGGAGTCGACA-1,151672,Br5595,L6,52,72,8937,8150
151672_GAGCACCTGTGTCCAG-1,151672,Br5595,L6,58,80,9657,8699
151672_GAGCATCAACAACTTG-1,151672,Br5595,L6,64,30,10368,5255
151672_GAGCCACGGTAGTAGG-1,151672,Br5595,L3,9,47,3783,6441
151672_GAGCCAGCTACCTGTG-1,151672,Br5595,L6,53,89,9060,9319
151672_GAGCCGAGCGTTTATT-1,151672,Br5595,L3,13,107,4272,10570
151672_GAGCTAAGGGCATATC-1,151672,Br5595,L3,29,83,6185,8913
151672_GAGGGCGCAGCTCTGC-1,151672,Br5595,L3,27,89,5946,9327
151672_GAGGTCCCAAAGATCT-1,151672,Br5595,L3,18,26,4858,4993
151672_GAGGTCTTAGTGGGTC-1,151672,Br5595,L3,3,95,3073,9747
151672_GAGTAAACCGGAAAGT-1,151672,Br5595,L5,51,117,8825,11247
151672_GAGTCAGACCAGAATC-1,151672,Br5595,WM,56,48,9413,6496
151672_GAGTCGACAGACCCTC-1,151672,Br5595,L4,29,9,6172,3820
151672_GATACGATGGGAGTCA-1,151672,Br5595,L6,45,45,8095,6293
151672_GATCCCTTTATACTGC-1,151672,Br5595,L4,28,60,6061,7331
151672_GATCCGAATATAAGTG-1,151672,Br5595,L3,36,124,7030,11733
151672_GATCCGGGAATTAACA-1,151672,Br5595,L5,39,73,7381,8222
151672_GATCGACACTATCTGA-1,151672,Br5595,L5,27,47,5939,6436
151672_GATCGGTGGCCATAAC-1,151672,Br5595,L3,28,68,6062,7881
151672_GATCTTCATTGTCCTC-1,151672,Br5595,L3,19,9,4975,3823
151672_GATCTTGGAGGGCATA-1,151672,Br5595,L6,44,70,7979,8014
151672_GATGCCAGCAGAAGGC-1,151672,Br5595,L4,23,17,5455,4372
151672_GATGCTGTATTTCATC-1,151672,Br5595,L5,43,75,7860,8359
151672_GATGGCGCACACATTA-1,151672,Br5595,L4,19,29,4978,5199
151672_GATGTGTTGTCACAAG-1,151672,Br5595,L3,6,78,3429,8576
151672_GATGTTCAATCCACGA-1,151672,Br5595,L6,41,43,7615,6157
151672_GATTCCGCGTTTCCGT-1,151672,Br5595,L3,16,76,4626,8435
151672_GCAAACCTTGGCCATA-1,151672,Br5595,WM,57,67,9536,7804
151672_GCAAATATTACGCTTT-1,151672,Br5595,L5,35,41,6896,6021
151672_GCAACCACGGCCGCGT-1,151672,Br5595,L6,43,29,7852,5192
151672_GCAAGATGTGTTCGCG-1,151672,Br5595,L3,11,105,4032,10433
151672_GCACAAACGAGGCGTG-1,151672,Br5595,L4,46,114,8226,11042
151672_GCACAACCTCGGGCGT-1,151672,Br5595,L6,58,10,9646,3880
151672_GCACGCCTACTTAGAT-1,151672,Br5595,WM,55,39,9291,5877
151672_GCAGAAACGTAATCCA-1,151672,Br5595,L3,8,122,3676,11604
151672_GCAGATCCATAAGACT-1,151672,Br5595,L6,51,85,8820,9045
151672_GCAGCGGTGGGCATTA-1,151672,Br5595,L3,7,31,3541,5340
151672_GCAGCTATGGACAGGT-1,151672,Br5595,L3,13,113,4273,10983
151672_GCAGGAACTTAGATCT-1,151672,Br5595,L6,53,15,9048,4226
151672_GCAGGTAGAGTATGGT-1,151672,Br5595,L3,18,94,4869,9674
151672_GCAGTTCGATCCGAGC-1,151672,Br5595,L5,56,118,9424,11315
151672_GCATGCTAATAACGAT-1,151672,Br5595,L6,67,95,10738,9728
151672_GCATTTCCAAGGCTCC-1,151672,Br5595,L3,33,111,6668,10840
151672_GCCCACTGGTCCACAA-1,151672,Br5595,L3,7,125,3557,11811
151672_GCCCAGTTGGTATGCC-1,151672,Br5595,L4,22,38,5339,5818
151672_GCCCGACTTCTTCCCG-1,151672,Br5595,L6,49,25,8570,4915
151672_GCCCGAGAGTCTAAAT-1,151672,Br5595,L6,62,10,10125,3879
151672_GCCCGATCTGTGGTCG-1,151672,Br5595,L6,53,63,9056,7530
151672_GCCGCATTAGTCCGGC-1,151672,Br5595,L5,35,17,6892,4369
151672_GCCGCTAGATACGCAG-1,151672,Br5595,L3,2,96,2953,9816
151672_GCCGGAAACACATCTT-1,151672,Br5595,L3,3,53,3066,6856
151672_GCCTACGTTCTGTGCA-1,151672,Br5595,WM,68,82,10855,8833
151672_GCCTATGCTGGGCCTT-1,151672,Br5595,L3,18,114,4872,11050
151672_GCCTCATCTGGAAATA-1,151672,Br5595,L4,41,95,7624,9736
151672_GCCTCTATACATAGCA-1,151672,Br5595,L6,55,75,9297,8355
151672_GCGACCCAACCATCTG-1,151672,Br5595,L6,59,33,9769,5463
151672_GCGAGAAACGGGAGTT-1,151672,Br5595,L3,13,13,4257,4100
151672_GCGAGCGCATGCTCCC-1,151672,Br5595,L3,37,109,7147,10701
151672_GCGAGGCCCGAGCAGA-1,151672,Br5595,L5,37,47,7137,6433
151672_GCGAGTTCTGCAAAGA-1,151672,Br5595,L5,35,63,6900,7535
151672_GCGATTGTTAACGTTA-1,151672,Br5595,L5,37,77,7142,8498
151672_GCGCTGCTTTGCATTT-1,151672,Br5595,L3,28,94,6067,9671
151672_GCGGAGAAACTTCGCA-1,151672,Br5595,L6,55,33,9290,5464
151672_GCGGTTCCCTATCATG-1,151672,Br5595,L6,47,49,8335,6568
151672_GCGTGGTACTGGGTTA-1,151672,Br5595,L3,35,95,6905,9738
151672_GCGTTCGGAGACCGGG-1,151672,Br5595,L3,19,103,4990,10293
151672_GCTACGACTTATTGGG-1,151672,Br5595,L5,43,69,7859,7946
151672_GCTACTATAGTAGAGT-1,151672,Br5595,L6,50,94,8702,9664
151672_GCTAGCACCTGGGCCA-1,151672,Br5595,L3,39,121,7389,11526
151672_GCTAGTAGAGCTTGTA-1,151672,Br5595,L5,39,65,7379,7672
151672_GCTATACGTCTCGGAC-1,151672,Br5595,L6,52,88,8940,9251
151672_GCTCATTACTGCATGT-1,151672,Br5595,L3,13,93,4270,9606
151672_GCTCCGCTCGCTTCAG-1,151672,Br5595,L4,42,112,7746,10906
151672_GCTCCTGACATACTGG-1,151672,Br5595,L6,56,32,9410,5395
151672_GCTCGACCGAACTGAA-1,151672,Br5595,L3,1,115,2836,11124
151672_GCTCGCGGTTCCGCTC-1,151672,Br5595,L4,25,13,5694,4096
151672_GCTCGGAATTTAAAGC-1,151672,Br5595,L3,22,84,5346,8984
151672_GCTCTAAACCCTGACG-1,151672,Br5595,L3,24,58,5582,7194
151672_GCTCTATGTTACGTGC-1,151672,Br5595,L5,26,40,5818,5954
151672_GCTGAATCTTCCAATC-1,151672,Br5595,L6,59,23,9768,4775
151672_GCTGAGGCGTGAGTAT-1,151672,Br5595,L5,40,64,7499,7602
151672_GCTGCACGGTTTCTTA-1,151672,Br5595,L5,41,73,7620,8222
151672_GCTGCTACTGCGTAGC-1,151672,Br5595,L6,51,75,8818,8356
151672_GCTGGACCCAAAGTGG-1,151672,Br5595,L3,14,106,4392,10501
151672_GCTGGTGACTCGTAGT-1,151672,Br5595,L3,11,117,4034,11259
151672_GCTGGTTTAGGCCATA-1,151672,Br5595,L6,60,14,9886,4155
151672_GCTTAATGTAACTAAC-1,151672,Br5595,L5,42,84,7742,8978
151672_GCTTAGGGAAGCGGTA-1,151672,Br5595,L3,12,124,4155,11740
151672_GCTTCAGTGGGATTAC-1,151672,Br5595,L3,7,113,3555,10985
151672_GCTTGCAGCACAATTG-1,151672,Br5595,L3,19,117,4993,11257
151672_GCTTTCAGAGGAGGTG-1,151672,Br5595,L3,33,95,6666,9738
151672_GGAAACTAAATGGGCC-1,151672,Br5595,L6,60,102,9901,10212
151672_GGACAAGTTGCAGTGA-1,151672,Br5595,L4,33,7,6651,3681
151672_GGACCTCTAGGCCGCC-1,151672,Br5595,L6,58,30,9649,5257
151672_GGACGTCCATAGTTGG-1,151672,Br5595,L3,14,116,4394,11189
151672_GGACTCGTGAGTGGTC-1,151672,Br5595,WM,64,38,10369,5806
151672_GGAGAAGTCATTGGCA-1,151672,Br5595,L4,23,41,5459,6024
151672_GGAGACCATCTACATA-1,151672,Br5595,L5,50,8,8687,3745
151672_GGAGCAACATTTCAAG-1,151672,Br5595,L6,57,103,9541,10282
151672_GGAGCACCAAGAACTA-1,151672,Br5595,L3,26,82,5825,8845
151672_GGAGGATTGAAAGGAG-1,151672,Br5595,L3,7,73,3548,8231
151672_GGAGTGCCGCCCTGGA-1,151672,Br5595,L3,19,53,4982,6851
151672_GGATCTTGACTCAACC-1,151672,Br5595,L6,51,17,8809,4364
151672_GGATGACGCGAGTTTA-1,151672,Br5595,L5,37,45,7137,6295
151672_GGATGCTGGCGTTCCT-1,151672,Br5595,L5,39,19,7372,4505
151672_GGATGTCCTTACCGCA-1,151672,Br5595,L3,35,91,6905,9462
151672_GGATTCCGCTATACCC-1,151672,Br5595,L3,19,81,4987,8779
151672_GGCAAGCCCATAGTGG-1,151672,Br5595,WM,67,61,10732,7388
151672_GGCAAGGCGAAATAGC-1,151672,Br5595,L6,45,69,8099,7945
151672_GGCACTCCACTGGGCA-1,151672,Br5595,L5,34,46,6777,6365
151672_GGCATACAGGTAGCGG-1,151672,Br5595,L5,34,32,6775,5401
151672_GGCATATCGGTTCTGC-1,151672,Br5595,L3,17,83,4747,8917
151672_GGCCCAGTTATCAGCA-1,151672,Br5595,L3,12,116,4154,11190
151672_GGCCCGGAGCATGTCT-1,151672,Br5595,L3,35,119,6909,11390
151672_GGCCGGCGTCTGCTAT-1,151672,Br5595,WM,65,79,10496,8628
151672_GGCCTGCTTCTCCCGA-1,151672,Br5595,L6,59,113,9783,10970
151672_GGCGAAATCTAACTTG-1,151672,Br5595,L5,43,87,7862,9185
151672_GGCGAGCGAAACGGCA-1,151672,Br5595,L5,51,7,8807,3676
151672_GGCGCGGAGATCTTTC-1,151672,Br5595,L6,58,86,9658,9112
151672_GGCGCTCCTCATCAAT-1,151672,Br5595,L3,17,19,4737,4512
151672_GGCGTCCTATCCGCTG-1,151672,Br5595,L5,31,33,6416,5471
151672_GGCTATTAAGTTGTAT-1,151672,Br5595,L5,33,41,6657,6021
151672_GGCTCCTCCACCTGTT-1,151672,Br5595,WM,59,35,9770,5601
151672_GGCTCGCGTTGAGGTA-1,151672,Br5595,L3,31,93,6426,9601
151672_GGCTGAAATAGCAAAG-1,151672,Br5595,L6,49,79,8579,8632
151672_GGCTGAGCATCGTAAG-1,151672,Br5595,L3,9,99,3792,10020
151672_GGCTGGCTAGCTTAAA-1,151672,Br5595,L3,11,29,4020,5202
151672_GGGAAGACGGTCTGTC-1,151672,Br5595,WM,64,76,10375,8421
151672_GGGAAGGGCTTTCTCA-1,151672,Br5595,L6,63,87,10257,9179
151672_GGGAATGAGCCCTCAC-1,151672,Br5595,L3,19,107,4991,10568
151672_GGGACAGAGTTACTCC-1,151672,Br5595,L6,57,19,9528,4500
151672_GGGACTGCATAGATAG-1,151672,Br5595,L5,32,60,6540,7329
151672_GGGAGTAATGGCTGGC-1,151672,Br5595,L3,10,42,3902,6097
151672_GGGCCTAAATGGGCTA-1,151672,Br5595,L5,45,9,8089,3815
151672_GGGCCTATACAACCGG-1,151672,Br5595,L3,3,115,3076,11123
151672_GGGCGCAGCGTTACTC-1,151672,Br5595,L3,34,120,6790,11459
151672_GGGCGGCAAATGAATT-1,151672,Br5595,L6,49,45,8574,6292
151672_GGGCGGTCCTATTGTC-1,151672,Br5595,L3,14,28,4379,5132
151672_GGGCGTCCACTGGCTC-1,151672,Br5595,L3,16,84,4628,8986
151672_GGGCGTGGTTTCCCAG-1,151672,Br5595,WM,61,81,10017,8767
151672_GGGCTCATCGAACCCA-1,151672,Br5595,L3,25,89,5707,9328
151672_GGGTAATGCTGTGTTT-1,151672,Br5595,L3,9,21,3779,4651
151672_GGGTTAACATTTGAGT-1,151672,Br5595,WM,54,50,9173,6635
151672_GGTACACCAGATTTAT-1,151672,Br5595,L3,26,118,5831,11323
151672_GGTACTAAGTGCTTTG-1,151672,Br5595,L5,51,123,8826,11660
151672_GGTAGTGCTCGCACCA-1,151672,Br5595,L4,34,72,6782,8155
151672_GGTATAGTGACACATA-1,151672,Br5595,L3,34,114,6789,11046
151672_GGTATTGCCGAGTTTA-1,151672,Br5595,L5,33,53,6659,6847
151672_GGTCCTTCATACGACT-1,151672,Br5595,L3,13,9,4256,3824
151672_GGTCGGTAATTAGACA-1,151672,Br5595,L3,12,36,4141,5683
151672_GGTCGTAAGCTCGCAC-1,151672,Br5595,L6,49,19,8569,4502
151672_GGTCTGAGAATCTGGA-1,151672,Br5595,L3,30,80,6304,8707
151672_GGTGAACGGGCTAGCC-1,151672,Br5595,L3,8,32,3661,5409
151672_GGTGAGATGCAGATAA-1,151672,Br5595,L3,16,36,4620,5682
151672_GGTGATTTCATCTTGT-1,151672,Br5595,L3,9,39,3782,5890
151672_GGTGCAGAGCCTATCG-1,151672,Br5595,L3,12,104,4152,10364
151672_GGTGCATAAATGATTA-1,151672,Br5595,WM,67,47,10730,6424
151672_GGTGCTGGTACACATT-1,151672,Br5595,L6,42,46,7736,6363
151672_GGTTACCACCCTCGGG-1,151672,Br5595,L6,45,33,8093,5467
151672_GGTTCCACCCGCTTCT-1,151672,Br5595,L3,2,90,2952,9403
151672_GGTTCGATGCTGAGTT-1,151672,Br5595,L3,4,112,3195,10917
151672_GGTTTGAGTGCTGGAA-1,151672,Br5595,L3,12,42,4142,6096
151672_GTAACATCAGCTCATC-1,151672,Br5595,L3,3,113,3076,10986
151672_GTAACTGCCCAAGGAG-1,151672,Br5595,WM,66,46,10610,6356
151672_GTAAGTAGGGTATACC-1,151672,Br5595,L5,26,36,5818,5679
151672_GTAAGTCCACACTCTA-1,151672,Br5595,L3,43,119,7867,11387
151672_GTACTGCATGAAGCGT-1,151672,Br5595,L3,11,39,4022,5890
151672_GTAGACAACCGATGAA-1,151672,Br5595,L3,7,55,3545,6992
151672_GTAGCTAGTAAGCGCG-1,151672,Br5595,L3,2,80,2950,8715
151672_GTAGCTCCGGGAGGCT-1,151672,Br5595,WM,65,37,10489,5737
151672_GTAGCTTCCTCTTGTT-1,151672,Br5595,L3,31,89,6425,9326
151672_GTATAGGACTCAGTAG-1,151672,Br5595,L3,20,58,5103,7195
151672_GTATGAAATTTCACTC-1,151672,Br5595,L6,52,22,8929,4708
151672_GTATTCTGAGAAACGA-1,151672,Br5595,L6,48,38,8453,5810
151672_GTCAACCAGGCCTATA-1,151672,Br5595,L6,65,103,10500,10280
151672_GTCAAGCGGACTCGGG-1,151672,Br5595,L5,39,77,7381,8497
151672_GTCATGCACCTCCGTT-1,151672,Br5595,L4,29,61,6181,7399
151672_GTCATGGACATGACTA-1,151672,Br5595,L3,26,62,5822,7469
151672_GTCCCAACGTAAAGTA-1,151672,Br5595,L4,33,73,6662,8224
151672_GTCGCCGTTGTGTGTT-1,151672,Br5595,WM,57,43,9532,6152
151672_GTCGGAAGGATACCAG-1,151672,Br5595,L3,13,115,4274,11121
151672_GTCGGATGTAGCGCGC-1,151672,Br5595,L3,17,77,4746,8504
151672_GTCGGGAAGCAGAAAC-1,151672,Br5595,WM,59,65,9775,7666
151672_GTCGTCTGGTTGGCTA-1,151672,Br5595,L3,30,122,6311,11598
151672_GTCGTGTCTGGTCATC-1,151672,Br5595,L3,28,110,6069,10772
151672_GTCTATTGCATGCTCG-1,151672,Br5595,L6,65,105,10500,10417
151672_GTCTCGACTAAGTTTG-1,151672,Br5595,L3,25,111,5710,10842
151672_GTCTTAGTACAGCCGG-1,151672,Br5595,L3,12,78,4148,8574
151672_GTCTTGAGGAGCAGTG-1,151672,Br5595,L3,38,116,7268,11182
151672_GTGACAGCTTCCCACT-1,151672,Br5595,WM,64,74,10375,8284
151672_GTGACCGCACACTACG-1,151672,Br5595,L4,39,91,7384,9461
151672_GTGACGAGGGTGACCC-1,151672,Br5595,L3,32,114,6549,11046
151672_GTGAGATAACCTTATA-1,151672,Br5595,WM,69,41,10968,6011
151672_GTGAGGACACTTAAGG-1,151672,Br5595,L5,41,77,7621,8497
151672_GTGAGTCTAAGACGGA-1,151672,Br5595,L4,25,11,5694,3959
151672_GTGATCAAGCGTGCAC-1,151672,Br5595,L6,65,27,10487,5048
151672_GTGATCCTTGTCATGA-1,151672,Br5595,WM,62,84,10137,8973
151672_GTGATGCACAACATCT-1,151672,Br5595,L3,12,96,4151,9813
151672_GTGCACCAGCTTCAAC-1,151672,Br5595,WM,66,54,10611,6907
151672_GTGCCATCACACGGTG-1,151672,Br5595,L6,42,34,7734,5537
151672_GTGCCTAGCTATGCTT-1,151672,Br5595,L3,13,11,4256,3962
151672_GTGCTCAAGTACTGTC-1,151672,Br5595,L5,34,52,6778,6778
151672_GTGGACCAACCCGATT-1,151672,Br5595,L6,45,29,8092,5192
151672_GTGGACGTGCTGAGAC-1,151672,Br5595,L3,17,39,4740,5888
151672_GTGGAGCATGTCGGCC-1,151672,Br5595,L3,37,125,7150,11802
151672_GTGGAGTCGGCGGTTG-1,151672,Br5595,L6,54,38,9171,5809
151672_GTGGCGTGCACCAGAG-1,151672,Br5595,L3,1,101,2834,10160
151672_GTGGGCTTAGACACAC-1,151672,Br5595,L5,29,39,6177,5885
151672_GTGGTATAGTCTGCCG-1,151672,Br5595,WM,57,41,9531,6014
151672_GTGGTCAGCGAAGTAT-1,151672,Br5595,L3,8,92,3671,9539
151672_GTGTCAGTGTACGTGG-1,151672,Br5595,WM,68,42,10849,6080
151672_GTTACAATTGGTGACG-1,151672,Br5595,L5,37,33,7135,5469
151672_GTTACCTACAACTTGC-1,151672,Br5595,L6,47,67,8338,7807
151672_GTTAGAGTGTGCCGCT-1,151672,Br5595,L3,7,75,3548,8369
151672_GTTATAATACGGTGAA-1,151672,Br5595,L5,53,107,9063,10558
151672_GTTATATCAGGAGCCA-1,151672,Br5595,L3,23,115,5471,11118
151672_GTTATATTATCTCCCT-1,151672,Br5595,L6,48,56,8456,7049
151672_GTTCACAGGAGTCTAG-1,151672,Br5595,L5,32,34,6536,5540
151672_GTTGGATTCAGTGGCT-1,151672,Br5595,L3,16,96,4630,9812
151672_GTTGTCGTGTTAGTTG-1,151672,Br5595,L3,15,47,4502,6439
151672_GTTTATGGGATTTAGA-1,151672,Br5595,L3,22,8,5334,3753
151672_GTTTCTGCAGTCTCCC-1,151672,Br5595,L5,40,72,7500,8153
151672_GTTTGGCGTCAGGCAC-1,151672,Br5595,L3,4,116,3196,11192
151672_GTTTGGTAGGGTCAAC-1,151672,Br5595,L6,53,59,9055,7254
151672_TAACATACAATGTGGG-1,151672,Br5595,L5,38,70,7260,8016
151672_TAACATACACGCGATC-1,151672,Br5595,L6,55,25,9289,4914
151672_TAACGCTTTGAGAGCG-1,151672,Br5595,L5,27,29,5936,5197
151672_TAAGAGGGACAGGGAC-1,151672,Br5595,L6,63,19,10246,4498
151672_TAAGGCTGAATCCCTC-1,151672,Br5595,L5,45,97,8103,9872
151672_TAAGTAAATGTGCCGC-1,151672,Br5595,L3,5,97,3312,9884
151672_TAAGTAACATCTTGAC-1,151672,Br5595,L6,46,40,8214,5949
151672_TAAGTTGCGACGTAGG-1,151672,Br5595,L6,53,95,9061,9732
151672_TAATCAGGAATGCTGC-1,151672,Br5595,L3,0,108,2715,10643
151672_TACACCGTCGTTAGTC-1,151672,Br5595,L3,25,117,5711,11255
151672_TACATCCCTATCCCTG-1,151672,Br5595,L5,44,14,7970,4160
151672_TACCTCACGCTTGTAC-1,151672,Br5595,L3,16,56,4623,7059
151672_TACCTCAGTTGTCTGT-1,151672,Br5595,WM,60,50,9892,6633
151672_TACCTTAAGATTTCCC-1,151672,Br5595,L6,49,29,8571,5191
151672_TACGCCATATTCTAAT-1,151672,Br5595,L5,40,58,7498,7189
151672_TACGGGATGCTAGCAG-1,151672,Br5595,L3,21,83,5226,8916
151672_TACGTACTAGTGCTGA-1,151672,Br5595,WM,62,42,10130,6082
151672_TACTGAACAGATTTAG-1,151672,Br5595,WM,56,44,9412,6221
151672_TAGAAAGGTGGCGCTA-1,151672,Br5595,L3,31,81,6424,8775
151672_TAGAGGTTCTACTTGT-1,151672,Br5595,L6,54,96,9181,9801
151672_TAGAGTCTAAGCGAAC-1,151672,Br5595,L5,29,55,6180,6986
151672_TAGATGGTTCCTTACT-1,151672,Br5595,L6,59,97,9780,9868
151672_TAGATTCCTGGTTATT-1,151672,Br5595,L5,32,20,6534,4576
151672_TAGCTCAGATCCTAGT-1,151672,Br5595,L3,8,116,3675,11191
151672_TAGGCATGTTACGCCA-1,151672,Br5595,L3,23,85,5466,9053
151672_TAGGCGATGAGGTCTC-1,151672,Br5595,L6,55,11,9287,3950
151672_TAGGCGGCTGCAAAGA-1,151672,Br5595,L6,65,13,10485,4085
151672_TAGTAGCTTATACCAG-1,151672,Br5595,WM,61,43,10011,6151
151672_TAGTTAAGATAGGATA-1,151672,Br5595,L3,12,82,4148,8849
151672_TATACACAGACGCCTT-1,151672,Br5595,L6,50,60,8696,7324
151672_TATACACGCAAAGTAT-1,151672,Br5595,L3,18,36,4859,5681
151672_TATATTACAAATGTCG-1,151672,Br5595,L3,17,107,4751,10569
151672_TATATTCGCGTCGATA-1,151672,Br5595,L3,8,62,3666,7474
151672_TATCACAGCACGGGCA-1,151672,Br5595,L3,4,64,3187,7613
151672_TATCACCATGTAAAGT-1,151672,Br5595,L3,9,95,3791,9745
151672_TATCACTTCGAGTAAC-1,151672,Br5595,L3,17,99,4750,10018
151672_TATCCTATCAACTGGT-1,151672,Br5595,WM,69,59,10971,7250
151672_TATCTACAGAGGTAAT-1,151672,Br5595,L5,30,24,6295,4852
151672_TATCTTGCAATACAAC-1,151672,Br5595,L6,56,16,9407,4294
151672_TATGAAGAATTAAGGT-1,151672,Br5595,L6,67,99,10738,10004
151672_TATGGGACCGAGCAGG-1,151672,Br5595,L5,36,56,7019,7053
151672_TATGGGTACGTATCGT-1,151672,Br5595,L5,32,58,6540,7192
151672_TATGTAAAGTGCTTAA-1,151672,Br5595,WM,66,44,10610,6218
151672_TATTACCATCCTGCTT-1,151672,Br5595,L4,38,96,7265,9806
151672_TATTCCTCCGCCCACT-1,151672,Br5595,L6,48,32,8452,5397
151672_TATTTGTTACCCTTTA-1,151672,Br5595,L4,24,46,5580,6368
151672_TCAAACAACCGCGTCG-1,151672,Br5595,L3,24,60,5582,7332
151672_TCAAACAATTAGGACA-1,151672,Br5595,L3,2,116,2956,11193
151672_TCAACCATGTTCGGGC-1,151672,Br5595,L4,25,51,5700,6712
151672_TCAACGCAGGAAATAA-1,151672,Br5595,L6,49,31,8571,5328
151672_TCAAGCGCGGACGGTA-1,151672,Br5595,L6,58,114,9663,11039
151672_TCAAGGTTACTACACC-1,151672,Br5595,L5,47,103,8344,10285
151672_TCACAGGAGAATAAGA-1,151672,Br5595,WM,55,49,9293,6566
151672_TCACCCTCTTAAGATT-1,151672,Br5595,L6,45,59,8097,7257
151672_TCACGATGTCCGTGGA-1,151672,Br5595,L6,52,28,8930,5121
151672_TCACTCGTGCAACGGC-1,151672,Br5595,L3,15,93,4510,9606
151672_TCATCACTCGAGCTCG-1,151672,Br5595,L3,17,29,4738,5200
151672_TCATTCGTATAATTTG-1,151672,Br5595,L3,6,110,3434,10778
151672_TCATTTAAGTCTCCGA-1,151672,Br5595,L3,35,99,6906,10013
151672_TCATTTAGAAGTGTGA-1,151672,Br5595,L5,54,110,9183,10765
151672_TCCAACTTTAAATTCT-1,151672,Br5595,L6,40,40,7495,5950
151672_TCCACCTCTAGCCTTT-1,151672,Br5595,WM,61,53,10012,6839
151672_TCCAGCGCTATAAGCG-1,151672,Br5595,L5,52,116,8945,11178
151672_TCCAGGCGAGTACGGT-1,151672,Br5595,L5,31,57,6420,7123
151672_TCCATTAGTTGGATAG-1,151672,Br5595,L3,6,26,3421,4997
151672_TCCATTCCCACTAGAG-1,151672,Br5595,L3,18,126,4874,11876
151672_TCCCAGGCTTAGCTAA-1,151672,Br5595,L5,30,48,6299,6504
151672_TCCCGGGTGTGCTGCT-1,151672,Br5595,L5,34,34,6775,5539
151672_TCCCGTGTGCAATTTG-1,151672,Br5595,L5,44,80,7981,8703
151672_TCCCTCTTCTCAAGGG-1,151672,Br5595,L6,65,115,10502,11106
151672_TCCGAGAAGGCTAAGC-1,151672,Br5595,L3,6,42,3423,6098
151672_TCCGCCTGTCTACAAG-1,151672,Br5595,L6,56,74,9417,8286
151672_TCCGCTTATCCCATTA-1,151672,Br5595,L6,50,64,8697,7600
151672_TCCGGCCTAGCGTACA-1,151672,Br5595,L3,28,98,6067,9946
151672_TCCGTAACCACAATCC-1,151672,Br5595,L3,20,16,5096,4304
151672_TCCTAAATTGGGAAGC-1,151672,Br5595,WM,56,70,9416,8011
151672_TCCTGGCGCTGCCTGG-1,151672,Br5595,L3,12,106,4152,10501
151672_TCCTTGTCCTTTAATT-1,151672,Br5595,WM,69,69,10973,7938
151672_TCCTTTCTTACGCTTA-1,151672,Br5595,L4,30,62,6301,7468
151672_TCGAAATTTAGGACCA-1,151672,Br5595,L5,29,45,6178,6298
151672_TCGACAACTGAACCCG-1,151672,Br5595,L6,57,15,9527,4225
151672_TCGAGACCAACACCGT-1,151672,Br5595,L5,37,55,7138,6984
151672_TCGCAAAGATGCATTT-1,151672,Br5595,L6,47,75,8339,8358
151672_TCGCACCAGGAGGCAG-1,151672,Br5595,L6,50,80,8699,8701
151672_TCGCCGACATATTCGC-1,151672,Br5595,WM,66,86,10617,9109
151672_TCGCCGGTCGATCCGT-1,151672,Br5595,L3,19,61,4983,7402
151672_TCGCGTAGCAGTGTCC-1,151672,Br5595,L6,57,99,9541,10007
151672_TCGCTGTGCGTAAATC-1,151672,Br5595,L3,17,41,4740,6026
151672_TCGGAATGACCATCAA-1,151672,Br5595,L3,6,76,3429,8438
151672_TCGGGAACGTGCCTAG-1,151672,Br5595,L3,31,109,6428,10702
151672_TCGGTCCCGACAATAG-1,151672,Br5595,L6,57,23,9528,4775
151672_TCGGTCCCTGACTCCA-1,151672,Br5595,L3,10,90,3910,9401
151672_TCGGTTAGCCATGTAG-1,151672,Br5595,L3,5,95,3312,9746
151672_TCGTAAGCTCCGAGGA-1,151672,Br5595,L3,16,106,4631,10500
151672_TCGTACCGACGTCAAG-1,151672,Br5595,WM,68,56,10851,7044
151672_TCGTCAAGTACGCGCA-1,151672,Br5595,WM,56,38,9411,5808
151672_TCGTGTACTATGGATG-1,151672,Br5595,L6,47,77,8339,8495
151672_TCGTGTTCGACCACAA-1,151672,Br5595,L6,57,105,9542,10420
151672_TCTACACGTTCATGCA-1,151672,Br5595,L3,5,93,3312,9609
151672_TCTACCCAATAGAGAG-1,151672,Br5595,L6,56,106,9422,10489
151672_TCTACCGTCCACAAGC-1,151672,Br5595,L3,27,67,5942,7813
151672_TCTAGCATCTTCGATG-1,151672,Br5595,L4,23,43,5459,6162
151672_TCTATCATGCAGTTAC-1,151672,Br5595,L3,18,40,4860,5957
151672_TCTATGCTATAACGAC-1,151672,Br5595,L6,64,94,10378,9660
151672_TCTCCAACGTAGGTTA-1,151672,Br5595,L3,20,78,5106,8572
151672_TCTCGAACGAGGTCAC-1,151672,Br5595,L3,12,94,4150,9675
151672_TCTCGAGGAGGTTCGC-1,151672,Br5595,L5,52,112,8944,10903
151672_TCTGAACTCGTACCCG-1,151672,Br5595,L5,47,95,8342,9734
151672_TCTGACGGGCTAACCC-1,151672,Br5595,L3,28,120,6071,11460
151672_TCTGCATACCTTGCTT-1,151672,Br5595,L6,61,99,10020,10005
151672_TCTGCCAGAAACTGCA-1,151672,Br5595,L5,41,79,7621,8635
151672_TCTGCTTAGAACAAGC-1,151672,Br5595,L4,50,126,8707,11867
151672_TCTGGCCGTTCAAGTT-1,151672,Br5595,L3,36,122,7029,11596
151672_TCTGGGAACCTTTGAA-1,151672,Br5595,L4,40,98,7505,9943
151672_TCTGTGATGGAGGTTG-1,151672,Br5595,L3,6,114,3435,11054
151672_TCTTAGAGTGAACTCT-1,151672,Br5595,L4,43,99,7864,10011
151672_TCTTCGATACCAATAA-1,151672,Br5595,L4,32,66,6541,7742
151672_TCTTGATGCGTAGCGA-1,151672,Br5595,L4,32,68,6541,7880
151672_TCTTGGTAACACCAAA-1,151672,Br5595,L3,21,65,5224,7677
151672_TCTTTAGCAGGCGAAC-1,151672,Br5595,L3,34,116,6789,11183
151672_TGAACAAGCAGGGACT-1,151672,Br5595,WM,66,36,10608,5668
151672_TGACAGGACAAGTCCA-1,151672,Br5595,L6,55,9,9286,3812
151672_TGACATGTAACGTGAC-1,151672,Br5595,WM,69,63,10972,7525
151672_TGACCCACGTTAGACA-1,151672,Br5595,L5,33,47,6658,6434
151672_TGACGATGCACTAGAA-1,151672,Br5595,L4,37,95,7145,9737
151672_TGACTATAATCCTTTC-1,151672,Br5595,L6,46,68,8218,7876
151672_TGAGAGATTTACCACG-1,151672,Br5595,L5,41,91,7623,9461
151672_TGAGATCAAATACTCA-1,151672,Br5595,L3,7,63,3546,7543
151672_TGAGTTAAAGACATTC-1,151672,Br5595,L5,48,112,8465,10904
151672_TGATCACCACACTGAC-1,151672,Br5595,WM,69,51,10970,6699
151672_TGATCTACGCTGATCT-1,151672,Br5595,L3,16,100,4630,10087
151672_TGATTATGGCACGCAG-1,151672,Br5595,L3,13,111,4273,10845
151672_TGATTCAGGTCCCGCG-1,151672,Br5595,L5,48,8,8448,3745
151672_TGATTCGTCTATCACT-1,151672,Br5595,L5,31,41,6417,6022
151672_TGATTTCCTCCTGACG-1,151672,Br5595,L3,16,34,4620,5544
151672_TGCAATTTGGGCACGG-1,151672,Br5595,L3,14,104,4392,10363
151672_TGCAGCTACGTACTTC-1,151672,Br5595,L5,42,16,7731,4298
151672_TGCATCTCCGGATCTT-1,151672,Br5595,L3,4,118,3196,11330
151672_TGCCATTACTAAAGAA-1,151672,Br5595,L3,21,87,5227,9191
151672_TGCCCGTACCGTTAAA-1,151672,Br5595,L6,45,75,8100,8358
151672_TGCCTTGGCCAGGCAA-1,151672,Br5595,L6,52,82,8939,8838
151672_TGCGAGCCCTTCCGCG-1,151672,Br5595,L3,12,102,4152,10226
151672_TGCGCAAAGCATTTGG-1,151672,Br5595,L4,31,67,6422,7811
151672_TGCGCGATTAACGGAG-1,151672,Br5595,L5,27,41,5938,6023
151672_TGCGGACTTGACTCCG-1,151672,Br5595,WM,68,76,10854,8420
151672_TGCGGCATAGTTCAAC-1,151672,Br5595,L3,12,54,4144,6922
151672_TGCGTAAGAACCTGAT-1,151672,Br5595,L6,43,43,7855,6156
151672_TGCGTACGGCTAATTG-1,151672,Br5595,L6,67,101,10739,10141
151672_TGCTAAGTGTCTATTT-1,151672,Br5595,L6,52,90,8940,9389
151672_TGCTCACACAACAACC-1,151672,Br5595,L3,2,108,2955,10642
151672_TGGAAGAAGGGAACGT-1,151672,Br5595,L5,39,35,7374,5607
151672_TGGAATATCCTTGACC-1,151672,Br5595,L3,23,107,5470,10567
151672_TGGACCAATCTAAGAT-1,151672,Br5595,WM,62,80,10137,8697
151672_TGGAGCTAAAGTTCCC-1,151672,Br5595,L3,6,68,3427,7887
151672_TGGCAAACTAAATTAC-1,151672,Br5595,L6,50,78,8699,8563
151672_TGGCAGATTACGATCA-1,151672,Br5595,L6,44,58,7977,7188
151672_TGGCAGCAGTAATAGT-1,151672,Br5595,L5,39,61,7379,7396
151672_TGGCATGAAGTTTGGG-1,151672,Br5595,L6,56,12,9407,4018
151672_TGGCGACTGCTCCAAA-1,151672,Br5595,WM,55,47,9293,6428
151672_TGGCTATGTGACATAC-1,151672,Br5595,WM,60,82,9897,8836
151672_TGGCTCTTGTCGCGTA-1,151672,Br5595,L5,42,12,7730,4023
151672_TGGCTTTGGGTAGACA-1,151672,Br5595,L3,19,51,4982,6714
151672_TGGGCCCATACTAATT-1,151672,Br5595,L5,47,89,8341,9321
151672_TGGTAAGCAGGATTGA-1,151672,Br5595,L5,41,11,7610,3954
151672_TGGTAGAATATATGGG-1,151672,Br5595,L5,48,100,8463,10078
151672_TGGTGATCGTATTTGT-1,151672,Br5595,L4,26,16,5814,4302
151672_TGTACGAACAAATCCG-1,151672,Br5595,L5,38,58,7258,7190
151672_TGTAGGAGAAATTTCC-1,151672,Br5595,L4,34,86,6784,9118
151672_TGTATCCTTATTCCAT-1,151672,Br5595,L3,10,50,3904,6647
151672_TGTATTTACCTAATGC-1,151672,Br5595,L3,10,102,3912,10227
151672_TGTCATTTGTTGGGAA-1,151672,Br5595,L3,21,109,5231,10705
151672_TGTCCACGGCTCAACT-1,151672,Br5595,L6,65,101,10499,10142
151672_TGTGGCTCCCACCAAC-1,151672,Br5595,L4,44,118,7987,11318
151672_TGTGGTAGGGTGCCTT-1,151672,Br5595,L5,53,125,9066,11797
151672_TGTTATTGTATGTGGC-1,151672,Br5595,L5,44,86,7982,9116
151672_TGTTCTCTACTCCCTA-1,151672,Br5595,L3,13,123,4275,11671
151672_TGTTTAATACTTCATC-1,151672,Br5595,L3,9,77,3788,8506
151672_TTAAACCTGGTTCCTT-1,151672,Br5595,L4,26,12,5814,4027
151672_TTAACACCTCGAACAT-1,151672,Br5595,L5,24,22,5576,4716
151672_TTAACGAACAAGCAGT-1,151672,Br5595,L3,22,114,5351,11049
151672_TTAACGTCGCAAGACC-1,151672,Br5595,L3,10,54,3904,6923
151672_TTAAGGATACGGAGGT-1,151672,Br5595,L3,7,39,3542,5891
151672_TTAAGGCCCGTACTTT-1,151672,Br5595,L6,59,25,9768,4912
151672_TTAATGCGAGGTAACT-1,151672,Br5595,L3,4,70,3188,8026
151672_TTAATTTCAGACGCGG-1,151672,Br5595,L3,17,69,4745,7953
151672_TTACATCGTGGCCTGG-1,151672,Br5595,L4,20,36,5099,5681
151672_TTACATGCCACAACTA-1,151672,Br5595,L4,41,103,7625,10287
151672_TTACCCTAGGGATTGG-1,151672,Br5595,WM,60,58,9893,7184
151672_TTACCGCCTTAGGGAA-1,151672,Br5595,L3,11,21,4019,4651
151672_TTACTGTTTCTCTACG-1,151672,Br5595,L3,2,68,2948,7889
151672_TTAGAAGAACATGACT-1,151672,Br5595,L6,52,64,8936,7599
151672_TTAGAGTTTAGAAGGA-1,151672,Br5595,L5,46,86,8221,9115
151672_TTAGATAGGTCGATAC-1,151672,Br5595,L3,13,21,4258,4650
151672_TTAGCTCTGTAATCCG-1,151672,Br5595,L5,31,15,6413,4232
151672_TTAGGTCATAACCGAC-1,151672,Br5595,WM,58,38,9650,5808
151672_TTATAGATGCACATTA-1,151672,Br5595,L3,5,53,3305,6855
151672_TTATAGTCCAAGGTGC-1,151672,Br5595,L3,5,107,3314,10572
151672_TTATCCGGGATCTATA-1,151672,Br5595,L6,51,87,8820,9182
151672_TTATCGCCTGCGAAGC-1,151672,Br5595,L5,27,17,5934,4371
151672_TTATGATCTTAACGAA-1,151672,Br5595,L5,38,82,7262,8842
151672_TTATGTTTGCGATAGA-1,151672,Br5595,L5,26,20,5815,4578
151672_TTCAAAGTCTCTAGCC-1,151672,Br5595,L4,35,75,6902,8361
151672_TTCAATACTCTGAATC-1,151672,Br5595,L4,38,86,7263,9117
151672_TTCAATTAGCCATAAT-1,151672,Br5595,L3,7,77,3549,8507
151672_TTCATGGCGCAACAGG-1,151672,Br5595,L3,19,75,4986,8366
151672_TTCCACACAGATTTGA-1,151672,Br5595,L6,50,46,8694,6361
151672_TTCCTCGAGGGTGTCT-1,151672,Br5595,L3,21,49,5221,6575
151672_TTCCTCGGACTAACCA-1,151672,Br5595,L6,50,86,8700,9114
151672_TTCCTCTGCCCGAATA-1,151672,Br5595,L5,35,15,6892,4231
151672_TTCGCACTGTACGACA-1,151672,Br5595,WM,61,59,10013,7252
151672_TTCGCATCCGGAAGCA-1,151672,Br5595,L3,11,19,4018,4513
151672_TTCGCCGCTCGCGCTA-1,151672,Br5595,L6,57,9,9526,3812
151672_TTCGCTAGGAAGTTGT-1,151672,Br5595,L3,41,117,7627,11250
151672_TTCGGACTGATGCCTT-1,151672,Br5595,L3,7,99,3552,10021
151672_TTCGGGCGCTAGTCTT-1,151672,Br5595,L6,55,37,9291,5740
151672_TTCTAGAAAGTCTTAT-1,151672,Br5595,WM,60,46,9891,6358
151672_TTCTATGCCTTTCGCA-1,151672,Br5595,L3,29,121,6191,11529
151672_TTCTCTTACAGGTGAT-1,151672,Br5595,L6,62,8,10125,3741
151672_TTCTGCCGCGCCTAGA-1,151672,Br5595,L6,49,69,8578,7944
151672_TTCTTAGTGGCTCAGA-1,151672,Br5595,L3,17,61,4744,7402
151672_TTCTTCCCTTTGATAT-1,151672,Br5595,L3,2,70,2949,8026
151672_TTCTTGGACGATCTGC-1,151672,Br5595,L6,52,32,8931,5396
151672_TTCTTGGAGTAATGAG-1,151672,Br5595,L3,21,79,5226,8640
151672_TTCTTGTGTCCATCAG-1,151672,Br5595,L4,30,8,6292,3751
151672_TTCTTTGGTCGCGACG-1,151672,Br5595,L3,24,104,5589,10360
151672_TTGAAGGATGGGCGCC-1,151672,Br5595,L6,62,12,10125,4017
151672_TTGACCAGGAACAACT-1,151672,Br5595,WM,64,80,10376,8697
151672_TTGACCGTGTTAATGA-1,151672,Br5595,L6,50,34,8692,5535
151672_TTGAGAGTACTGCTAA-1,151672,Br5595,L6,44,38,7974,5812
151672_TTGAGCGCCACGTGAT-1,151672,Br5595,L3,38,118,7268,11320
151672_TTGAGGCATTTAACTC-1,151672,Br5595,L3,7,91,3551,9470
151672_TTGAGTCCCGCTGCTG-1,151672,Br5595,L3,39,119,7388,11388
151672_TTGATCTAACTTTGTC-1,151672,Br5595,L5,29,47,6179,6435
151672_TTGATGTGTAGTCCCG-1,151672,Br5595,L3,24,90,5587,9397
151672_TTGCACGGAGCAGCAC-1,151672,Br5595,L3,21,59,5223,7264
151672_TTGCCAAGCAGAACCC-1,151672,Br5595,L4,44,114,7986,11043
151672_TTGCCATAGCCCGCTC-1,151672,Br5595,L6,54,24,9169,4845
151672_TTGCCGGTGATCCCTC-1,151672,Br5595,L3,11,97,4031,9882
151672_TTGCGGCGACTCATGC-1,151672,Br5595,L3,2,66,2948,7751
151672_TTGCGTCGGCCAACCG-1,151672,Br5595,L6,51,41,8813,6016
151672_TTGGCTCAATATGTGT-1,151672,Br5595,L6,65,113,10501,10968
151672_TTGGGCGGCGGTTGCC-1,151672,Br5595,L3,30,76,6303,8431
151672_TTGGTATGGCTTGTGT-1,151672,Br5595,L3,33,117,6669,11253
151672_TTGTGGCCCTGACAGT-1,151672,Br5595,L3,18,60,4863,7333
151672_TTGTGGTAGGAGGGAT-1,151672,Br5595,L6,50,28,8691,5122
151673_AAACAATCTACTAGCA-1,151673,Br8100,L1,3,43,2807,5769
151673_AAACAGCTTTCAGAAG-1,151673,Br8100,L5,43,9,7583,3393
151673_AAACATTTCCCGGATT-1,151673,Br8100,L3,61,97,9783,9437
151673_AAACCGTTCGTCCAGG-1,151673,Br8100,WM,52,42,8678,5658
151673_AAACCTCATGAAGTTG-1,151673,Br8100,L5,37,19,6869,4087
151673_AAACTTGCAAACGTAT-1,151673,Br8100,L6,45,19,7827,4080
151673_AAAGGCCCTATAATAC-1,151673,Br8100,WM,66,22,10345,4269
151673_AAAGGGCAGCTTGAAT-1,151673,Br8100,L3,24,26,5315,4580
151673_AAAGTAGCATTGCTCA-1,151673,Br8100,WM,51,27,8550,4626
151673_AAATAGCTTAGACTTT-1,151673,Br8100,L3,36,106,6792,10079
151673_AAATGCTCGTTACGTT-1,151673,Br8100,L3,16,24,4356,4450
151673_AAATGGTCAATGTGCC-1,151673,Br8100,L6,33,51,6406,6294
151673_AAATTACCTATCGATG-1,151673,Br8100,L4,26,94,5588,9261
151673_AACAATACATTGTCGA-1,151673,Br8100,WM,61,37,9753,5306
151673_AACAATTACTCTACGC-1,151673,Br8100,L4,29,25,5914,4507
151673_AACAGGTAGTATGGAT-1,151673,Br8100,L2,49,113,8353,10549
151673_AACATCGATACGTCTA-1,151673,Br8100,L2,17,113,4520,10577
151673_AACATTGAAGTTGATC-1,151673,Br8100,WM,67,23,10465,4337
151673_AACCATAGGGTTGAAC-1,151673,Br8100,WM,65,11,10220,3512
151673_AACCCGACAACCCGTG-1,151673,Br8100,WM,67,43,10475,5714
151673_AACCCGAGCAGAATCG-1,151673,Br8100,L2,57,113,9312,10542
151673_AACCTCGCTTTAGCCC-1,151673,Br8100,L4,62,82,9896,8404
151673_AACCTTTAAATACGGT-1,151673,Br8100,L6,54,68,8930,7446
151673_AACCTTTACGACGTCT-1,151673,Br8100,L3,16,92,4389,9132
151673_AACGATATGTCAACTG-1,151673,Br8100,L5,24,76,5340,8023
151673_AACGCGGTCTCCAGCC-1,151673,Br8100,L5,23,65,5215,7267
151673_AACGGCCATCTCCGGT-1,151673,Br8100,WM,47,39,8077,5456
151673_AACGTGCGAAAGTCTC-1,151673,Br8100,L6,36,74,6777,7875
151673_AACTCCAGAGCGTGTT-1,151673,Br8100,L3,60,92,9661,9094
151673_AACTCGATGGCGCAGT-1,151673,Br8100,L1,11,27,3758,4661
151673_AACTGATATTAGGCCT-1,151673,Br8100,L4,16,66,4376,7342
151673_AACTGGGTTCGAGCCG-1,151673,Br8100,L3,3,89,2830,8937
151673_AACTGGTGTGGGCCTT-1,151673,Br8100,L2,7,49,3290,6179
151673_AACTTGCGTTCTCGCG-1,151673,Br8100,L2,14,20,4114,4176
151673_AAGACCAAATAACTCA-1,151673,Br8100,WM,62,6,9858,3170
151673_AAGACTGCAAGCTACT-1,151673,Br8100,L6,36,68,6774,7462
151673_AAGAGGATGTACGCGA-1,151673,Br8100,L6,39,29,7114,4774
151673_AAGATGGCACCGGACC-1,151673,Br8100,WM,59,39,9515,5445
151673_AAGCATACTCTCCTGA-1,151673,Br8100,L6,53,69,8811,7516
151673_AAGCGGCGTCATGGGT-1,151673,Br8100,L3,9,97,3553,9482
151673_AAGCTCGTGCCAAGTC-1,151673,Br8100,L6,35,73,6656,7807
151673_AAGGCGCGTAAAGCTT-1,151673,Br8100,L4,24,38,5321,5407
151673_AAGGTATCCTAATATA-1,151673,Br8100,L5,25,81,5462,8367
151673_AAGTAAGCTTCCAAAC-1,151673,Br8100,L1,0,40,2447,5565
151673_AAGTGCAAAGGTAGAC-1,151673,Br8100,L3,28,10,5786,3475
151673_AATAACACTAGAACAA-1,151673,Br8100,WM,52,38,8676,5383
151673_AATAGCTACCGCGTGC-1,151673,Br8100,L2,19,111,4758,10438
151673_AATCATGTAAAGACTC-1,151673,Br8100,L3,54,98,8945,9512
151673_AATCCAAGGGCCTGAG-1,151673,Br8100,L3,13,47,4008,6036
151673_AATCGCGCAGAGGACT-1,151673,Br8100,L2,42,114,7515,10624
151673_AATCTGCGTTGGGACG-1,151673,Br8100,L4,32,92,6306,9118
151673_AATCTGGGTAGACCCT-1,151673,Br8100,L3,4,94,2953,9280
151673_AATGACGTAGGATGTC-1,151673,Br8100,L5,44,78,7737,8144
151673_AATGATGCGACTCCTG-1,151673,Br8100,L3,25,101,5472,9744
151673_AATGGTCCACCGTTCA-1,151673,Br8100,L3,30,16,6029,3887
151673_AATTAACGGATTTCCA-1,151673,Br8100,L6,58,66,9408,7305
151673_AATTACGAGACCCATC-1,151673,Br8100,WM,59,5,9498,3104
151673_AATTAGCGCTGCAGCG-1,151673,Br8100,L6,51,63,8568,7105
151673_AATTCATAAGGGATCT-1,151673,Br8100,L4,23,91,5228,9057
151673_AATTCCAAGCATGTAC-1,151673,Br8100,L6,66,58,10363,6748
151673_ACAAATCGCACCGAAT-1,151673,Br8100,L5,50,82,8458,8414
151673_ACAAATTCAGATCTGA-1,151673,Br8100,L1,7,103,3317,9897
151673_ACAACGGTCCCTGCGA-1,151673,Br8100,L3,22,30,5077,4858
151673_ACAAGGGCAGGCTCTG-1,151673,Br8100,L6,44,76,7736,8006
151673_ACAATTTGAGCAGTGG-1,151673,Br8100,L5,28,82,5822,8433
151673_ACACTGGGACAGTCGT-1,151673,Br8100,L2,59,115,9553,10678
151673_ACAGCATAGAGCCAGT-1,151673,Br8100,L3,10,58,3654,6796
151673_ACATCTCAACGCGTAA-1,151673,Br8100,L3,4,74,2943,7903
151673_ACATTAGTTTATATCC-1,151673,Br8100,L6,51,61,8567,6967
151673_ACCAAACTAGAAATCC-1,151673,Br8100,L3,3,67,2819,7422
151673_ACCAAGAACGCGTGTC-1,151673,Br8100,L4,17,49,4488,6170
151673_ACCAGCCCGGTCTTTG-1,151673,Br8100,L3,4,72,2942,7765
151673_ACCAGTGCGGGAGACG-1,151673,Br8100,L4,48,94,8224,9242
151673_ACCATCCGCCAACTAG-1,151673,Br8100,L5,44,12,7704,3599
151673_ACCCGAGCGAAATTAC-1,151673,Br8100,WM,61,29,9749,4755
151673_ACCCGGAAACTCCCAG-1,151673,Br8100,L6,57,65,9288,7237
151673_ACCCGGTTACACTTCC-1,151673,Br8100,L6,42,48,7482,6080
151673_ACCCTCCCTTGCTATT-1,151673,Br8100,L5,48,84,8219,8553
151673_ACCCTTCATCTGCGAA-1,151673,Br8100,L3,13,65,4016,7275
151673_ACCCTTTAGTTCTCCA-1,151673,Br8100,L3,6,80,3185,8314
151673_ACCGAAAGGGCCCTGC-1,151673,Br8100,L3,9,53,3531,6453
151673_ACCGGTCTGAGTACGG-1,151673,Br8100,L1,4,100,2956,9693
151673_ACCTACTATAAATCTA-1,151673,Br8100,L6,68,58,10603,6746
151673_ACCTCGAACTTATGCT-1,151673,Br8100,WM,65,15,10222,3788
151673_ACGACTGGTCATACTC-1,151673,Br8100,WM,64,34,10111,5097
151673_ACGAGGATACCACTCT-1,151673,Br8100,L6,50,18,8426,4007
151673_ACGAGTACGGATGCCC-1,151673,Br8100,L3,28,104,5833,9948
151673_ACGATCATACATAGAG-1,151673,Br8100,L5,25,63,5453,7127
151673_ACGCAATCACTACAGC-1,151673,Br8100,L3,25,109,5476,10295
151673_ACGCGAAGTCAGACGA-1,151673,Br8100,L6,49,59,8327,6831
151673_ACGGCGACGATGGGAA-1,151673,Br8100,L5,49,77,8336,8070
151673_ACGTACAGATTTCTCT-1,151673,Br8100,L3,10,66,3658,7347
151673_ACGTGGTCGAATGTGC-1,151673,Br8100,L3,2,78,2705,8180
151673_ACGTTCCGCGCTCCGT-1,151673,Br8100,L3,8,54,3412,6522
151673_ACTACATCCCGACAAG-1,151673,Br8100,WM,63,17,9983,3927
151673_ACTACCAGCTCTCTGG-1,151673,Br8100,L5,25,41,5442,5612
151673_ACTAGTTGCGATCGTC-1,151673,Br8100,L3,50,104,8469,9929
151673_ACTATGTCCAGCTGCC-1,151673,Br8100,WM,64,22,10105,4270
151673_ACTCATGGCAGCCTTC-1,151673,Br8100,WM,67,17,10462,3924
151673_ACTCCAATATCATCAT-1,151673,Br8100,WM,63,29,9989,4753
151673_ACTGAATGGCGAAAGT-1,151673,Br8100,L5,47,83,8099,8485
151673_ACTGCCCGCCATTCTC-1,151673,Br8100,WM,68,30,10589,4818
151673_ACTGCTCGGAAGGATG-1,151673,Br8100,WM,53,9,8781,3385
151673_ACTGTATACGCGAGCA-1,151673,Br8100,L2,10,36,3643,5281
151673_ACTGTCTTCTTTAGAA-1,151673,Br8100,L6,30,64,6053,7192
151673_ACTTATACTTACCCGG-1,151673,Br8100,L5,36,90,6785,8977
151673_ACTTATTTATGTGCCA-1,151673,Br8100,L5,46,90,7983,8968
151673_ACTTCAGGCTGATCCC-1,151673,Br8100,L5,51,81,8577,8344
151673_ACTTCGCCATACGCAC-1,151673,Br8100,L5,27,75,5699,7952
151673_ACTTGGGACCCGGTGG-1,151673,Br8100,L5,29,49,5925,6160
151673_ACTTGTAGTCCCTTCA-1,151673,Br8100,L5,44,10,7703,3461
151673_ACTTTCCTATAGCTTC-1,151673,Br8100,L6,28,62,5812,7056
151673_ACTTTGACTGCATCCT-1,151673,Br8100,L5,39,11,7105,3535
151673_AGAAATTATGACTCGC-1,151673,Br8100,L2,53,115,8834,10684
151673_AGAACGTGGTACATTC-1,151673,Br8100,L5,27,73,5698,7814
151673_AGAAGGTTGCCGAATT-1,151673,Br8100,L6,42,44,7481,5804
151673_AGAAGTGATTCGTGAT-1,151673,Br8100,WM,48,28,8191,4697
151673_AGAATTATGGATTCGA-1,151673,Br8100,L3,32,98,6309,9531
151673_AGACATAGATCCTTCC-1,151673,Br8100,L2,7,47,3289,6041
151673_AGACCCGCCCTCCTCG-1,151673,Br8100,L5,26,56,5570,6644
151673_AGACCGCTCCGCGGTT-1,151673,Br8100,L3,51,111,8592,10410
151673_AGACGAAGTGCCGGTC-1,151673,Br8100,L3,49,97,8346,9448
151673_AGACGGGCCGATTTAA-1,151673,Br8100,L2,8,102,3436,9827
151673_AGACTGTTACCGGGTC-1,151673,Br8100,WM,63,45,9997,5855
151673_AGAGCGGGCTAATCAT-1,151673,Br8100,L4,16,64,4375,7204
151673_AGAGGTATCTCGGTCC-1,151673,Br8100,L1,3,51,2811,6320
151673_AGAGTTAGAGACCGAT-1,151673,Br8100,L2,6,98,3194,9554
151673_AGATACCGGTGTTCAC-1,151673,Br8100,L6,40,38,7238,5393
151673_AGCACTACCTCACCAG-1,151673,Br8100,L5,53,81,8817,8342
151673_AGCATCGTCGATAATT-1,151673,Br8100,L5,22,52,5088,6372
151673_AGCCACTCCCGTGCTT-1,151673,Br8100,L5,23,81,5223,8368
151673_AGCCCTAAGCGAAGTT-1,151673,Br8100,L3,15,65,4256,7274
151673_AGCCCTTCTAATCCGA-1,151673,Br8100,L3,17,103,4515,9888
151673_AGCCTAATACCCACGT-1,151673,Br8100,L6,50,14,8424,3732
151673_AGCGATGCGCCTAATA-1,151673,Br8100,L3,64,108,10148,10192
151673_AGCGCATAATGAATCG-1,151673,Br8100,L6,57,55,9283,6549
151673_AGCGGGAAGGGTCCAT-1,151673,Br8100,L3,13,37,4003,5347
151673_AGCGGGTCTGACACTC-1,151673,Br8100,L6,66,66,10367,7298
151673_AGCGGTTGAGATGTAC-1,151673,Br8100,L2,0,90,2471,9008
151673_AGCGTGGTATTCTACT-1,151673,Br8100,L6,45,71,7853,7661
151673_AGCTAAGTACGCAGGC-1,151673,Br8100,L3,64,86,10137,8677
151673_AGCTCCTTCGCACATC-1,151673,Br8100,L5,52,86,8699,8688
151673_AGCTCTAGACGTTCCA-1,151673,Br8100,L6,38,76,7017,8011
151673_AGGACGCTCGATGTTG-1,151673,Br8100,L3,18,98,4632,9543
151673_AGGCAAAGAGGAATCA-1,151673,Br8100,L1,1,39,2566,5496
151673_AGGCATTGTCGTAGGG-1,151673,Br8100,L3,49,99,8347,9585
151673_AGGCCCATTGTACAGG-1,151673,Br8100,L3,15,55,4251,6585
151673_AGGCCCTAGAACGCCA-1,151673,Br8100,L6,45,25,7830,4493
151673_AGGGAAACGAGGTACT-1,151673,Br8100,L3,13,89,4028,8928
151673_AGGGACAGCACGGCGG-1,151673,Br8100,L1,4,46,2929,5975
151673_AGGGACCGGCTGCGTT-1,151673,Br8100,L3,36,110,6794,10354
151673_AGGGAGACATACTTCG-1,151673,Br8100,L2,29,113,5957,10567
151673_AGGGCGAGCAGCTGAT-1,151673,Br8100,L6,44,20,7708,4150
151673_AGGGCGTGATCGGCTA-1,151673,Br8100,L3,17,45,4486,5895
151673_AGGGTTTAGTTCGGGA-1,151673,Br8100,L6,33,63,6412,7120
151673_AGGTATAATTGATAGT-1,151673,Br8100,L3,35,109,6674,10286
151673_AGTACATCATTTATCA-1,151673,Br8100,L3,29,109,5955,10291
151673_AGTACGGCCCGTATCG-1,151673,Br8100,L5,35,11,6625,3538
151673_AGTACGTGGCCTGTCT-1,151673,Br8100,L3,6,88,3189,8865
151673_AGTACTCTTATGCCCA-1,151673,Br8100,L4,56,88,9180,8822
151673_AGTAGCGTGAACGAAC-1,151673,Br8100,L3,2,72,2702,7767
151673_AGTAGCTAGACGCCGA-1,151673,Br8100,L1,4,102,2957,9831
151673_AGTCAAATGATGTGAT-1,151673,Br8100,WM,67,35,10471,5163
151673_AGTCACTAGCTCTCGA-1,151673,Br8100,L3,55,99,9065,9580
151673_AGTCAGCCACCGCCTG-1,151673,Br8100,L3,16,28,4358,4725
151673_AGTCCAGCGGGTACGT-1,151673,Br8100,L1,4,20,2916,4185
151673_AGTCGACGGTCTCAAG-1,151673,Br8100,L5,38,90,7024,8975
151673_AGTCGTCGACCACCAA-1,151673,Br8100,L3,57,91,9301,9028
151673_AGTCGTGGGCATTACG-1,151673,Br8100,WM,51,29,8551,4764
151673_AGTCTTTAAAGTGTCC-1,151673,Br8100,L5,67,77,10492,8055
151673_AGTGCTTGCACGAATA-1,151673,Br8100,L5,41,89,7383,8904
151673_AGTGGCGTCTGAAGGT-1,151673,Br8100,L3,62,86,9898,8679
151673_AGTGGTGTTACCCGTG-1,151673,Br8100,L6,47,9,8062,3390
151673_AGTGTATTGCGCATTG-1,151673,Br8100,L3,17,95,4511,9338
151673_AGTGTGGTCTATTGTG-1,151673,Br8100,L3,21,23,4954,4377
151673_AGTTAAGTCAACCGCT-1,151673,Br8100,WM,51,25,8549,4488
151673_AGTTCCTACAGAATTA-1,151673,Br8100,L5,30,50,6046,6228
151673_AGTTCCTATTTATGTT-1,151673,Br8100,L6,43,65,7611,7249
151673_ATAAACCATTGGACGG-1,151673,Br8100,L1,3,45,2808,5907
151673_ATAAACGGACCCGTAA-1,151673,Br8100,L6,47,61,8088,6971
151673_ATAAAGGCTCGGTCGT-1,151673,Br8100,L6,34,50,6525,6224
151673_ATAACGGAGTCCAACG-1,151673,Br8100,L5,25,75,5459,7954
151673_ATAAGGTGGAGAACAT-1,151673,Br8100,L6,50,72,8453,7725
151673_ATAATCTTGGAGAACC-1,151673,Br8100,L5,61,77,9773,8060
151673_ATACGGTGAAGATGCA-1,151673,Br8100,L4,33,11,6386,3540
151673_ATACGTACTTAGCCAC-1,151673,Br8100,L5,55,77,9054,8065
151673_ATACGTCCACTCCTGT-1,151673,Br8100,L4,47,93,8104,9174
151673_ATACGTTATGCACGGA-1,151673,Br8100,L6,63,63,10006,7094
151673_ATAGAGTACTGGGACA-1,151673,Br8100,L5,26,48,5566,6094
151673_ATAGCAACTAGGGAAG-1,151673,Br8100,L3,62,98,9904,9505
151673_ATAGGCGGCTATAGAA-1,151673,Br8100,L6,43,33,7595,5046
151673_ATAGTCTTTGACGTGC-1,151673,Br8100,L3,7,67,3299,7418
151673_ATATAGAGTATTGGTC-1,151673,Br8100,WM,63,11,9980,3514
151673_ATATCGTGCCAGACCC-1,151673,Br8100,L3,3,79,2825,8248
151673_ATATCTTAGGGCCTTC-1,151673,Br8100,L6,35,61,6650,6981
151673_ATATTCCACATAGTGA-1,151673,Br8100,L5,51,77,8575,8069
151673_ATCAAACACTGTTCCA-1,151673,Br8100,L3,47,107,8111,10138
151673_ATCAGACGGCACGCCG-1,151673,Br8100,WM,44,42,7719,5665
151673_ATCAGGTCGCCATTGC-1,151673,Br8100,L3,8,94,3432,9277
151673_ATCCAACGCAGTCATA-1,151673,Br8100,L5,25,37,5440,5337
151673_ATCCACATCGACAGAA-1,151673,Br8100,L5,62,72,9891,7715
151673_ATCCAGGATTCGTGAA-1,151673,Br8100,L6,40,46,7242,5944
151673_ATCCTGCGTGGAATGG-1,151673,Br8100,WM,45,47,7841,6008
151673_ATCGACCCAATACAGA-1,151673,Br8100,L6,43,63,7610,7112
151673_ATCGCACGCCGGGAGA-1,151673,Br8100,L5,25,57,5450,6714
151673_ATCGCCAGTCAACATT-1,151673,Br8100,L3,45,105,7870,10002
151673_ATCGCTGCGTGCAGCA-1,151673,Br8100,L2,23,111,5237,10434
151673_ATCGGCAAGCAGTCCA-1,151673,Br8100,L3,20,96,4871,9404
151673_ATCGTTCACTTTCGCC-1,151673,Br8100,L3,10,94,3671,9275
151673_ATCTAGCTTGTGAGGG-1,151673,Br8100,L6,67,65,10486,7229
151673_ATCTGCACCTCTGCGA-1,151673,Br8100,L3,29,101,5951,9740
151673_ATCTGTAATTGTACCC-1,151673,Br8100,L3,15,57,4252,6723
151673_ATCTTGACTTGTCCAA-1,151673,Br8100,L3,30,108,6075,10221
151673_ATGACTATGCGACATT-1,151673,Br8100,L5,48,88,8221,8829
151673_ATGAGGAGTGTTAATC-1,151673,Br8100,L4,25,35,5439,5199
151673_ATGATCGGGAATAGAC-1,151673,Br8100,L4,16,54,4370,6515
151673_ATGCCAATCGCTCTGC-1,151673,Br8100,L3,15,105,4276,10028
151673_ATGCCGGTTGATGGGA-1,151673,Br8100,L5,19,83,4744,8510
151673_ATGCTCAGTGTTGCAT-1,151673,Br8100,L3,21,29,4957,4790
151673_ATGGAAATTTAAGGAG-1,151673,Br8100,WM,53,7,8780,3247
151673_ATGGATTGACCAAACG-1,151673,Br8100,L6,27,61,5692,6988
151673_ATGGGTGTATACCTCC-1,151673,Br8100,WM,64,24,10106,4408
151673_ATGGTGCTCAAAGCCA-1,151673,Br8100,L1,1,57,2575,6735
151673_ATGTACATGCGGTGAG-1,151673,Br8100,L2,64,112,10150,10467
151673_ATGTGGACATCTTGAT-1,151673,Br8100,L6,47,71,8093,7659
151673_ATGTTCGTCGACCCAC-1,151673,Br8100,L5,34,14,6507,3746
151673_ATGTTGTAGTCTGTTT-1,151673,Br8100,L6,65,47,10238,5991
151673_ATTAAACATGCGGACC-1,151673,Br8100,L6,43,59,7608,6836
151673_ATTACATGTCAGTCTT-1,151673,Br8100,L3,50,108,8471,10204
151673_ATTACTAGCCTCTTGC-1,151673,Br8100,L3,18,44,4605,5825
151673_ATTACTTACTGGGCAT-1,151673,Br8100,L3,22,100,5112,9678
151673_ATTAGGCGATGCTTTC-1,151673,Br8100,L6,37,71,6895,7668
151673_ATTATTATGTCCGTCA-1,151673,Br8100,WM,59,37,9514,5308
151673_ATTCAACCATTTAAGG-1,151673,Br8100,L3,58,100,9425,9646
151673_ATTCCCACATAAACAA-1,151673,Br8100,L3,26,24,5554,4441
151673_ATTCCTAAGACGTGGA-1,151673,Br8100,L2,15,107,4277,10166
151673_ATTCGACGCCGGGCCT-1,151673,Br8100,L5,36,26,6753,4570
151673_ATTGATAGCAACGAGA-1,151673,Br8100,L1,12,22,3875,4315
151673_ATTGATGAGTCCTAAC-1,151673,Br8100,L3,33,99,6430,9599
151673_ATTGCCTATTAGACCG-1,151673,Br8100,WM,67,25,10466,4474
151673_ATTGGATTACAGCGTA-1,151673,Br8100,L3,54,102,8947,9788
151673_ATTTCCGGGTTCTGCG-1,151673,Br8100,WM,55,35,9034,5173
151673_ATTTGTCTTGGGAGCT-1,151673,Br8100,L5,40,84,7261,8560
151673_CAAACGTGGTCTTGCG-1,151673,Br8100,L3,4,78,2945,8178
151673_CAAAGATTATTGGGCC-1,151673,Br8100,WM,56,30,9151,4828
151673_CAAATCTCTCACAAGG-1,151673,Br8100,L6,44,24,7710,4425
151673_CAAATGTCCTTCCGTG-1,151673,Br8100,L6,45,53,7844,6421
151673_CAACATGGCCTGATAA-1,151673,Br8100,L1,6,12,3151,3632
151673_CAACCTACCGAGCAGT-1,151673,Br8100,L3,61,103,9786,9850
151673_CAACTATATCGAATGC-1,151673,Br8100,L3,15,79,4263,8238
151673_CAACTCCAACGTTTAG-1,151673,Br8100,L3,4,86,2949,8729
151673_CAACTGCTCATCCGAT-1,151673,Br8100,L6,59,55,9523,6547
151673_CAAGAGGGCGGAGTAC-1,151673,Br8100,L6,46,74,7975,7867
151673_CAAGGTCCTATAGGCT-1,151673,Br8100,L3,34,110,6555,10356
151673_CAAGTGTGGTTGCAAA-1,151673,Br8100,L4,40,94,7266,9249
151673_CAATGCGAGAAGTATC-1,151673,Br8100,L5,54,82,8937,8410
151673_CACACAGCTTGCGCTC-1,151673,Br8100,L2,47,115,8115,10689
151673_CACACAGGGATAGATT-1,151673,Br8100,L3,25,27,5435,4648
151673_CACACTTGTATTGCGA-1,151673,Br8100,L1,10,116,3682,10790
151673_CACAGCTAGGGAGTGA-1,151673,Br8100,L5,20,60,4853,6925
151673_CACAGTCCCGCTTCGC-1,151673,Br8100,L2,60,112,9671,10471
151673_CACAGTTCGCTTCCCA-1,151673,Br8100,L2,54,114,8953,10614
151673_CACATCTCACCGACGA-1,151673,Br8100,L5,57,75,9293,7926
151673_CACATGTTTGGACATG-1,151673,Br8100,L1,10,18,3634,4042
151673_CACCGATACACCGAGC-1,151673,Br8100,L3,10,84,3667,8586
151673_CACCGCGTCCACTCTA-1,151673,Br8100,L3,16,104,4395,9958
151673_CACCGTTAGGGATCAC-1,151673,Br8100,WM,53,37,8795,5313
151673_CACCTTGCGAAACTCG-1,151673,Br8100,L5,24,84,5344,8574
151673_CACGACTAAAGTTCTG-1,151673,Br8100,L1,3,49,2810,6182
151673_CACGTCGGCAACCTCT-1,151673,Br8100,WM,49,37,8316,5316
151673_CACGTTTCGTACACAC-1,151673,Br8100,L4,55,91,9061,9029
151673_CACTACTCAGTTCTGT-1,151673,Br8100,L3,5,75,3063,7971
151673_CACTCGAGCTGAACAA-1,151673,Br8100,L6,48,74,8214,7865
151673_CACTCTTCTGCTAGCC-1,151673,Br8100,L3,59,101,9546,9714
151673_CACTGACGATTGTGGA-1,151673,Br8100,L6,65,51,10240,6266
151673_CACTTCGTCTTATCTC-1,151673,Br8100,L1,14,14,4111,3763
151673_CAGAACTTAGCCCTCT-1,151673,Br8100,L5,53,85,8819,8618
151673_CAGACCTGTAAGTGTT-1,151673,Br8100,L3,31,99,6190,9601
151673_CAGACGAACCTGATAC-1,151673,Br8100,WM,50,50,8442,6211
151673_CAGAGGCGATGCATGA-1,151673,Br8100,WM,54,48,8920,6069
151673_CAGCAGCCCGTTCCTT-1,151673,Br8100,L5,28,78,5820,8158
151673_CAGCAGTCCAGACTAT-1,151673,Br8100,L3,50,100,8467,9653
151673_CAGCAGTCTGTGCTGC-1,151673,Br8100,L5,62,74,9892,7853
151673_CAGCCTCTCCTCAAGA-1,151673,Br8100,L3,15,95,4271,9339
151673_CAGCTCGTGCTTGTGT-1,151673,Br8100,L3,14,42,4125,5691
151673_CAGCTGGCGTAACCGT-1,151673,Br8100,L6,48,22,8188,4284
151673_CAGGATATATCGTTGT-1,151673,Br8100,L6,44,60,7728,6904
151673_CAGTAACTATTTATTG-1,151673,Br8100,L3,19,101,4753,9749
151673_CAGTAATCCCTCCCAG-1,151673,Br8100,L3,21,25,4955,4514
151673_CAGTACATTCTCTAAA-1,151673,Br8100,L3,20,102,4874,9817
151673_CAGTCTGTATACTGGG-1,151673,Br8100,L6,42,66,7491,7319
151673_CATAAGAAGCTTGGCT-1,151673,Br8100,L5,58,72,9411,7718
151673_CATACAAAGCCGAACC-1,151673,Br8100,L3,13,35,4002,5210
151673_CATACACGGTTCCCAC-1,151673,Br8100,L6,61,55,9762,6545
151673_CATACCCGTACCCAGT-1,151673,Br8100,L5,37,31,6875,4914
151673_CATACGAACTAGCTGG-1,151673,Br8100,WM,65,31,10230,4889
151673_CATACGGGTGCATGAT-1,151673,Br8100,L1,5,17,3034,3977
151673_CATAGCGTTGCCCACC-1,151673,Br8100,WM,54,42,8917,5656
151673_CATAGTAGCATAGTAG-1,151673,Br8100,L4,19,45,4725,5893
151673_CATATGTCAGGCTACG-1,151673,Br8100,L6,48,24,8189,4422
151673_CATATTATTTGCCCTA-1,151673,Br8100,L3,9,79,3544,8243
151673_CATCATCTACCCGGAC-1,151673,Br8100,L3,11,69,3779,7553
151673_CATCGGACGGGTTAAT-1,151673,Br8100,L6,42,58,7487,6768
151673_CATCTTACACCACCTC-1,151673,Br8100,L3,37,99,6909,9596
151673_CATGAACCTCTTATCA-1,151673,Br8100,L3,5,69,3060,7558
151673_CATGATGGAAGTTAGC-1,151673,Br8100,L3,45,103,7869,9864
151673_CATGGATTGTCTTCCG-1,151673,Br8100,L3,55,101,9066,9718
151673_CATGGTAAGTAGCGTT-1,151673,Br8100,L6,45,73,7854,7799
151673_CATGTAAGAGACATTT-1,151673,Br8100,L4,54,90,8941,8961
151673_CATGTAGGAGCGCCAA-1,151673,Br8100,L2,15,111,4279,10441
151673_CATTCACTGACAGCTA-1,151673,Br8100,L3,5,67,3059,7420
151673_CATTGTGTGCTAGATC-1,151673,Br8100,L1,13,15,3992,3833
151673_CATTTGAGTGGTACGT-1,151673,Br8100,WM,50,48,8441,6073
151673_CCAAGAAAGTGGGCGA-1,151673,Br8100,L6,52,52,8683,6346
151673_CCAAGCGTAACTCGTA-1,151673,Br8100,L6,33,71,6416,7671
151673_CCAATTGAATGTTAAT-1,151673,Br8100,L4,20,46,4846,5961
151673_CCACAGCTGAAATCAT-1,151673,Br8100,L1,8,28,3399,4732
151673_CCACGAATTTAACCTC-1,151673,Br8100,L3,41,109,7393,10281
151673_CCACGAGAAGAGAATC-1,151673,Br8100,L4,17,75,4501,7960
151673_CCACGGAGCCATAAGA-1,151673,Br8100,L6,47,27,8071,4629
151673_CCACGGTGCCCGGTAG-1,151673,Br8100,L3,35,107,6673,10148
151673_CCACTAAACTGAATCG-1,151673,Br8100,L1,4,18,2915,4047
151673_CCACTGGTGGCTGGTT-1,151673,Br8100,L5,39,21,7110,4223
151673_CCAGCCTGGACCAATA-1,151673,Br8100,L6,37,65,6892,7255
151673_CCAGCTGATGGTACTT-1,151673,Br8100,L5,37,21,6870,4225
151673_CCAGCTTCCGCCCGCA-1,151673,Br8100,L3,29,17,5910,3956
151673_CCAGGGACGTGGCCTC-1,151673,Br8100,L5,27,53,5688,6437
151673_CCAGTAGTCTGATCCA-1,151673,Br8100,L4,27,91,5707,9054
151673_CCATAGTCAGTAACCC-1,151673,Br8100,L2,15,17,4232,3969
151673_CCATGCCTGTTTAGTA-1,151673,Br8100,L6,35,53,6646,6430
151673_CCATTAGCGATAATCC-1,151673,Br8100,L5,32,42,6281,5675
151673_CCCAGAGGAGGGCGTA-1,151673,Br8100,L3,21,105,4995,10023
151673_CCCGAAGTTTCGCGAA-1,151673,Br8100,L6,45,11,7824,3529
151673_CCCGCCATGCTCCCGT-1,151673,Br8100,L3,19,41,4723,5618
151673_CCCGCTAGAGGGTTAA-1,151673,Br8100,L2,0,82,2467,8457
151673_CCCGGTGTATCGGAAT-1,151673,Br8100,WM,53,17,8785,3936
151673_CCCTAGTGTCAGGTGT-1,151673,Br8100,L1,10,20,3635,4179
151673_CCCTGATGTAACTCGT-1,151673,Br8100,L1,14,16,4112,3901
151673_CCCTGCGCTACGCATA-1,151673,Br8100,L5,34,24,6512,4434
151673_CCCTGGTATGGGCGGC-1,151673,Br8100,L3,6,72,3181,7763
151673_CCCTGTTGGCAAAGAC-1,151673,Br8100,L1,12,10,3869,3489
151673_CCCTTTAATGGAGTTC-1,151673,Br8100,L3,63,109,10029,10262
151673_CCGACAAAGGGAGTGC-1,151673,Br8100,L5,33,21,6391,4228
151673_CCGACAATAGGCCGCC-1,151673,Br8100,L2,57,111,9311,10405
151673_CCGACGGGCATGAGGT-1,151673,Br8100,WM,54,26,8909,4555
151673_CCGACGTAAACACAAC-1,151673,Br8100,L3,13,97,4032,9479
151673_CCGAGAAGTCGCATAA-1,151673,Br8100,L3,46,112,7994,10483
151673_CCGAGGGATGTTAGGC-1,151673,Br8100,L3,6,62,3176,7075
151673_CCGATTCGAGGGACCC-1,151673,Br8100,L5,38,20,6989,4155
151673_CCGCACGTGACCTCGG-1,151673,Br8100,L4,28,26,5794,4577
151673_CCGCATGTGGTACGAT-1,151673,Br8100,L6,56,66,9169,7307
151673_CCGCGATTTGGTAGGT-1,151673,Br8100,L5,39,9,7104,3397
151673_CCGCGGGTACGAAGAA-1,151673,Br8100,L5,32,26,6273,4574
151673_CCGCTATCAGCACCAG-1,151673,Br8100,L6,45,63,7849,7110
151673_CCGCTGGTGCCATTCA-1,151673,Br8100,L3,6,74,3182,7901
151673_CCGCTTCGCGGTTAAC-1,151673,Br8100,L1,2,38,2685,5426
151673_CCGGCGCATATTGGAT-1,151673,Br8100,L3,14,56,4132,6655
151673_CCGGGTTCGAGGTTAC-1,151673,Br8100,L6,38,32,6995,4981
151673_CCGTAAGTTGGTCCCA-1,151673,Br8100,L6,33,77,6419,8084
151673_CCGTATTAGCGCAGTT-1,151673,Br8100,L2,17,111,4519,10439
151673_CCGTTACGTTAGAACA-1,151673,Br8100,L4,20,88,4867,8853
151673_CCGTTCCGAATCTCGG-1,151673,Br8100,L5,40,22,7230,4291
151673_CCTAAGTGTCTAACCG-1,151673,Br8100,L1,2,22,2677,4324
151673_CCTACAAGTCCGGAAT-1,151673,Br8100,L1,9,105,3557,10033
151673_CCTACTGCTTACACTT-1,151673,Br8100,L5,27,49,5686,6162
151673_CCTAGGCGTAGCGATC-1,151673,Br8100,L5,36,88,6784,8839
151673_CCTATACCGTCCTGTC-1,151673,Br8100,WM,55,45,9039,5862
151673_CCTATCTATATCGGAA-1,151673,Br8100,L5,19,77,4741,8096
151673_CCTATGGCTCCTAGTG-1,151673,Br8100,WM,62,24,9867,4410
151673_CCTCACCAATCTTGAC-1,151673,Br8100,L3,17,35,4481,5206
151673_CCTCCGACAATTCAAG-1,151673,Br8100,L5,33,33,6397,5055
151673_CCTCCTGTTGTGTCGT-1,151673,Br8100,L3,62,96,9903,9367
151673_CCTCGCCAGCAAATTA-1,151673,Br8100,L5,18,74,4620,7891
151673_CCTCGGACCGGGATAG-1,151673,Br8100,L5,41,85,7381,8628
151673_CCTCGGATGCTACCTG-1,151673,Br8100,L3,32,10,6265,3472
151673_CCTCTAATCTGCCAAG-1,151673,Br8100,L5,23,73,5219,7818
151673_CCTCTATCGATTAGCA-1,151673,Br8100,WM,52,26,8670,4556
151673_CCTGAATATTTACATA-1,151673,Br8100,L5,23,71,5218,7680
151673_CCTGCTATTTGAGAAG-1,151673,Br8100,L5,26,50,5567,6231
151673_CCTGTGCGGATTGTAA-1,151673,Br8100,L1,3,99,2835,9625
151673_CCTGTTTGAAGACACG-1,151673,Br8100,L3,58,94,9422,9233
151673_CCTTCGTATAGAATCC-1,151673,Br8100,L6,69,61,10724,6951
151673_CCTTTCAATGAAGAAA-1,151673,Br8100,L3,25,95,5469,9331
151673_CGAAACATAGATGGCA-1,151673,Br8100,L3,11,77,3783,8103
151673_CGAACCCGCATGCGTC-1,151673,Br8100,WM,49,49,8322,6143
151673_CGAAGACTGCCCGGGA-1,151673,Br8100,L1,0,48,2451,6116
151673_CGAAGCTATAAATTCA-1,151673,Br8100,L3,19,105,4755,10024
151673_CGACTTTGTATAGCCT-1,151673,Br8100,L3,33,109,6435,10288
151673_CGAGCTGGGCTTTAGG-1,151673,Br8100,L4,17,67,4497,7410
151673_CGAGGGACTGCGGTCG-1,151673,Br8100,L5,38,78,7018,8149
151673_CGAGTGAAGGTACCAG-1,151673,Br8100,WM,55,29,9031,4760
151673_CGATACCTCGCGGACA-1,151673,Br8100,L6,40,48,7243,6081
151673_CGATAGCGATACAGTG-1,151673,Br8100,WM,66,10,10339,3442
151673_CGATATTAGCCGCAGG-1,151673,Br8100,L1,7,35,3283,5215
151673_CGATCCGACCCAGTGC-1,151673,Br8100,L6,38,50,7004,6221
151673_CGATCCTCGCAACATA-1,151673,Br8100,WM,66,40,10354,5508
151673_CGCAAACACGAGTTAC-1,151673,Br8100,L5,27,37,5680,5335
151673_CGCAGGCGATCCAAAC-1,151673,Br8100,L3,52,102,8707,9789
151673_CGCATTAGCTAATAGG-1,151673,Br8100,L5,27,57,5690,6712
151673_CGCCATCCGATTATGA-1,151673,Br8100,L5,24,80,5342,8299
151673_CGCCTCCCTCCTCTAT-1,151673,Br8100,L6,43,73,7615,7800
151673_CGCCTTTAGCATGCTC-1,151673,Br8100,L2,45,117,7876,10828
151673_CGCGACCGCGACAGAT-1,151673,Br8100,L5,59,81,9536,8337
151673_CGCGCAAATGTCCAGA-1,151673,Br8100,WM,56,24,9148,4415
151673_CGCGCCCGACTTAATA-1,151673,Br8100,L5,21,75,4980,7957
151673_CGCGGGAATTAGGCAG-1,151673,Br8100,L5,28,80,5821,8295
151673_CGCTATTCAATGTATG-1,151673,Br8100,L3,19,31,4718,4929
151673_CGCTATTCTTAGGCTC-1,151673,Br8100,L6,38,60,7009,6909
151673_CGCTCTCCGTAGATTA-1,151673,Br8100,L5,33,37,6399,5330
151673_CGCTGAGGACGTCCAA-1,151673,Br8100,L1,4,40,2926,5562
151673_CGCTGTGTGGATGTTG-1,151673,Br8100,WM,59,43,9517,5721
151673_CGCTTATTCCCGGTCG-1,151673,Br8100,L6,42,30,7474,4840
151673_CGCTTCCACTGAAATC-1,151673,Br8100,L3,18,42,4604,5687
151673_CGGCACTCAAGAAAGT-1,151673,Br8100,L2,12,28,3878,4729
151673_CGGCTCTAAAGCTGCA-1,151673,Br8100,L3,46,110,7993,10345
151673_CGGGTTTGTTAGGGCT-1,151673,Br8100,L2,56,114,9193,10612
151673_CGGTCCGTCGCAAGCC-1,151673,Br8100,L6,63,51,10000,6268
151673_CGGTGAAGACTAAAGT-1,151673,Br8100,L5,35,23,6631,4364
151673_CGGTGCAGATAGAACG-1,151673,Br8100,L6,42,36,7477,5253
151673_CGGTGCGCGTTGGTCC-1,151673,Br8100,WM,49,39,8317,5454
151673_CGGTGTACTTGATCCC-1,151673,Br8100,L3,17,31,4479,4931
151673_CGGTTGACCTGGCATA-1,151673,Br8100,L5,39,25,7112,4499
151673_CGGTTTATGAAGGAAC-1,151673,Br8100,L2,10,104,3676,9963
151673_CGTAACTTCGACACTT-1,151673,Br8100,L6,68,50,10599,6195
151673_CGTCAGTGCGCACAAG-1,151673,Br8100,L3,11,49,3769,6175
151673_CGTCGCTTGGTTATAC-1,151673,Br8100,WM,63,25,9987,4478
151673_CGTCGGATAGTGTTGA-1,151673,Br8100,L3,34,96,6548,9392
151673_CGTCGGGTCTAAGCGC-1,151673,Br8100,WM,54,22,8907,4279
151673_CGTTAAACTAGTTAGG-1,151673,Br8100,L3,49,111,8353,10412
151673_CGTTGAGTAATTGCGT-1,151673,Br8100,L3,11,101,3795,9756
151673_CGTTGTAAACGTCAGG-1,151673,Br8100,L3,21,13,4949,3688
151673_CGTTGTTTCAATTCCC-1,151673,Br8100,L6,34,40,6520,5536
151673_CGTTTAAGCGGAGCAC-1,151673,Br8100,L3,13,59,4013,6862
151673_CGTTTCACTTCGGGCG-1,151673,Br8100,L3,18,92,4629,9130
151673_CTAAAGTCCGAAGCTA-1,151673,Br8100,L1,4,22,2917,4322
151673_CTAACTGGTCCGGTTC-1,151673,Br8100,WM,50,36,8435,5247
151673_CTACATATCGCGGGAC-1,151673,Br8100,WM,68,12,10580,3578
151673_CTACCCTAAGGTCATA-1,151673,Br8100,L5,31,91,6186,9050
151673_CTACGAACTAGGTCGA-1,151673,Br8100,L3,5,73,3062,7833
151673_CTACGATCCTATCCTA-1,151673,Br8100,WM,69,19,10703,4060
151673_CTACGCACGGAGTACC-1,151673,Br8100,L6,35,57,6648,6705
151673_CTACGCCATTTCCGAT-1,151673,Br8100,L3,12,80,3904,8309
151673_CTACTATCATAGGTTT-1,151673,Br8100,WM,53,25,8789,4487
151673_CTACTCAAGGTATAGT-1,151673,Br8100,WM,60,42,9636,5651
151673_CTACTGCCACCTGACC-1,151673,Br8100,L6,27,63,5693,7126
151673_CTAGACATATATGTAG-1,151673,Br8100,L1,8,108,3439,10241
151673_CTAGACTGCATTTCGT-1,151673,Br8100,L3,10,96,3672,9413
151673_CTAGATAAACTCCTCG-1,151673,Br8100,L1,7,25,3278,4526
151673_CTAGATGTGAGTGTAA-1,151673,Br8100,L3,33,103,6432,9875
151673_CTAGCAACTAATTTAC-1,151673,Br8100,L1,2,28,2680,4737
151673_CTAGGCGGCAGAGAAT-1,151673,Br8100,L1,4,32,2922,5011
151673_CTAGTATTCGGAATTA-1,151673,Br8100,L3,14,80,4144,8307
151673_CTAGTCACGTCTTAAG-1,151673,Br8100,L6,37,69,6894,7530
151673_CTAGTGAAGGACAGGA-1,151673,Br8100,L5,34,38,6519,5398
151673_CTAGTTGGGCCCGGTA-1,151673,Br8100,L6,26,68,5575,7471
151673_CTATAAGAGCCAATCG-1,151673,Br8100,L3,26,100,5591,9674
151673_CTATGCCCGAATGCAA-1,151673,Br8100,L6,63,59,10004,6819
151673_CTATGGGAAGCGGAAT-1,151673,Br8100,L3,54,104,8948,9925
151673_CTATGTCACTAGCCCA-1,151673,Br8100,L6,30,66,6054,7330
151673_CTATTTGGTTACGGAT-1,151673,Br8100,L5,36,82,6781,8426
151673_CTCAAGACATTAGCGC-1,151673,Br8100,L3,14,102,4155,9822
151673_CTCATGGTAATTTGCG-1,151673,Br8100,WM,50,26,8430,4558
151673_CTCCGGCCTAATATGC-1,151673,Br8100,L5,19,59,4732,6857
151673_CTCCTCCAGCTCACAC-1,151673,Br8100,L6,62,50,9880,6200
151673_CTCCTGTTCAAGGCAG-1,151673,Br8100,L2,55,117,9074,10820
151673_CTCGAGGTCGAACAGT-1,151673,Br8100,L6,29,59,5930,6848
151673_CTCGATATTTGCGAGC-1,151673,Br8100,L3,23,99,5231,9608
151673_CTCGCCGAATGTAGGG-1,151673,Br8100,L6,60,64,9647,7166
151673_CTCGGGCATCGTCGGG-1,151673,Br8100,L2,0,68,2460,7493
151673_CTCGGGTTCTCTGGCC-1,151673,Br8100,WM,61,27,9748,4617
151673_CTCTAATGCATTGATC-1,151673,Br8100,L3,24,110,5357,10364
151673_CTCTACACTGGCGATT-1,151673,Br8100,L6,43,17,7587,3944
151673_CTCTGGACGCCTGGTG-1,151673,Br8100,L6,32,62,6291,7052
151673_CTCTGTTTGAGGATTC-1,151673,Br8100,L3,14,72,4140,7757
151673_CTGAAAGAGATCCGAC-1,151673,Br8100,L5,19,69,4737,7546
151673_CTGAGAAAGTTCGGCG-1,151673,Br8100,L2,49,117,8355,10825
151673_CTGCAAATGGGCTCCA-1,151673,Br8100,L1,0,64,2458,7218
151673_CTGCAAGCACGTTCCG-1,151673,Br8100,L2,61,111,9790,10401
151673_CTGCACCTGGAACCGC-1,151673,Br8100,L3,15,49,4248,6172
151673_CTGCAGAGAATCAGAG-1,151673,Br8100,L3,61,101,9785,9713
151673_CTGCCTAGCCACCAAG-1,151673,Br8100,L3,8,80,3425,8313
151673_CTGCTGTCTAACGAGC-1,151673,Br8100,L2,49,119,8356,10962
151673_CTGCTTTATGTCCGCG-1,151673,Br8100,L2,20,112,4879,10506
151673_CTGGACGCAGTCCGGC-1,151673,Br8100,L6,51,13,8543,3662
151673_CTGGATTTACACTTGA-1,151673,Br8100,L6,49,55,8325,6556
151673_CTGGCGGGAATAAGTA-1,151673,Br8100,L3,20,22,4834,4309
151673_CTGGCTGCTAACGTAA-1,151673,Br8100,L1,5,25,3038,4528
151673_CTGGGATAAATAATGG-1,151673,Br8100,L5,38,84,7021,8562
151673_CTGGGCACTAGTCGGA-1,151673,Br8100,L1,1,97,2595,9489
151673_CTGGGTAGGCAGTTAA-1,151673,Br8100,L5,43,79,7618,8213
151673_CTGGTAACACATAGAA-1,151673,Br8100,L5,42,88,7502,8834
151673_CTGGTTTCGAGCAAGA-1,151673,Br8100,L5,46,88,7982,8831
151673_CTGTAGCCATCTCACT-1,151673,Br8100,WM,56,46,9159,5930
151673_CTGTTCACTGCCTGTG-1,151673,Br8100,L5,22,56,5090,6648
151673_CTGTTCATCTCACGGG-1,151673,Br8100,L3,22,34,5079,5133
151673_CTTAGGTATAGACCAG-1,151673,Br8100,WM,63,15,9982,3789
151673_CTTAGTAGGCCTACAG-1,151673,Br8100,L3,32,102,6311,9807
151673_CTTAGTGTAGTAGCAT-1,151673,Br8100,L4,61,83,9776,8473
151673_CTTAGTTGAGGAATCG-1,151673,Br8100,WM,67,33,10470,5025
151673_CTTCAACTCCACTTGG-1,151673,Br8100,L5,59,77,9534,8062
151673_CTTCAGTGGTCGCCTA-1,151673,Br8100,WM,54,18,8905,4004
151673_CTTCATTGTCAGTGGA-1,151673,Br8100,L6,36,60,6770,6911
151673_CTTCGGCCAATTGTTT-1,151673,Br8100,L3,50,110,8472,10342
151673_CTTCTGGGCGTACCTA-1,151673,Br8100,WM,66,34,10351,5095
151673_CTTCTTACGTCGTATA-1,151673,Br8100,L3,14,60,4134,6930
151673_CTTGACCCGAAAGATA-1,151673,Br8100,L3,9,57,3533,6728
151673_CTTGTGAGGACAGCGG-1,151673,Br8100,L1,6,10,3150,3494
151673_CTTTACCGAATAGTAG-1,151673,Br8100,L5,50,84,8459,8552
151673_CTTTCTGTGCGGGCTT-1,151673,Br8100,L6,54,66,8929,7309
151673_CTTTGTCGAATGCTCC-1,151673,Br8100,WM,57,7,9259,3244
151673_GAAACAGCCATGCAGT-1,151673,Br8100,L3,13,61,4014,7000
151673_GAAACCTATACAAATG-1,151673,Br8100,L6,60,52,9641,6340
151673_GAAAGCCCTTTGGACC-1,151673,Br8100,L5,35,21,6630,4227
151673_GAACCATCTGGGAGAC-1,151673,Br8100,L1,4,54,2933,6526
151673_GAACCCTCTGTGTTCT-1,151673,Br8100,L6,59,67,9529,7373
151673_GAACTTAGCGCCCGGT-1,151673,Br8100,L1,5,101,3076,9761
151673_GAAGAAACGATATTGT-1,151673,Br8100,WM,59,29,9510,4757
151673_GAAGAACGGTGCAGGT-1,151673,Br8100,L3,14,40,4124,5553
151673_GAAGCAAGGCAATGTT-1,151673,Br8100,L1,1,43,2568,5771
151673_GAAGGACTAAATTGAA-1,151673,Br8100,L1,4,14,2913,3772
151673_GAAGGGCATAACCATG-1,151673,Br8100,L1,7,11,3271,3562
151673_GAAGTGATTTATCGTG-1,151673,Br8100,L6,39,47,7123,6013
151673_GAAGTTTCCACTCAAT-1,151673,Br8100,L6,36,46,6763,5947
151673_GAATAGTGCTCGATTA-1,151673,Br8100,WM,60,36,9633,5238
151673_GAATTCACCCGGGTGT-1,151673,Br8100,L6,47,55,8085,6557
151673_GACACTGGAACCCGAT-1,151673,Br8100,L3,52,110,8711,10340
151673_GACAGGCACACACTAT-1,151673,Br8100,L5,38,22,6990,4293
151673_GACCGACGTGAAAGCA-1,151673,Br8100,L3,38,112,7035,10490
151673_GACCGACTGAAGCGTC-1,151673,Br8100,L5,34,22,6511,4296
151673_GACCGCGTCTGACGTG-1,151673,Br8100,L3,50,112,8473,10480
151673_GACCGTCAGGTCGTGA-1,151673,Br8100,L3,13,81,4024,8377
151673_GACCTTCCACGTCTAC-1,151673,Br8100,L5,66,74,10371,7849
151673_GACGCATACCCGTCGG-1,151673,Br8100,WM,64,6,10097,3169
151673_GACGCTTGCTTCTAAA-1,151673,Br8100,L6,38,36,6997,5257
151673_GACGTGTAGGGATTAT-1,151673,Br8100,L5,28,32,5797,4990
151673_GACTAAGATCATGCAC-1,151673,Br8100,L5,23,53,5209,6440
151673_GACTCCTTCCAATTGA-1,151673,Br8100,WM,56,10,9141,3451
151673_GACTCGGTCGGCGGAT-1,151673,Br8100,L1,9,107,3558,10171
151673_GACTGCACCAGCCCAG-1,151673,Br8100,L5,46,80,7978,8280
151673_GAGAGTCTCGGGAGAG-1,151673,Br8100,WM,72,40,11073,5503
151673_GAGCGCGCACGAGTAG-1,151673,Br8100,L4,49,93,8344,9172
151673_GAGCTAAGGGCATATC-1,151673,Br8100,L5,29,83,5942,8501
151673_GAGGCCCGACTCCGCA-1,151673,Br8100,WM,55,23,9028,4347
151673_GAGGCTATCAAAGTCG-1,151673,Br8100,L5,35,27,6633,4640
151673_GAGGGAGTCAGATCGC-1,151673,Br8100,WM,65,41,10235,5578
151673_GAGGGTAGTAACAAAG-1,151673,Br8100,WM,63,31,9990,4891
151673_GAGTAAACCGGAAAGT-1,151673,Br8100,L2,51,117,8595,10823
151673_GAGTATGCCCGCCTTG-1,151673,Br8100,WM,49,43,8319,5729
151673_GAGTATGCGCGTGCAT-1,151673,Br8100,L5,63,71,10010,7645
151673_GAGTCCGCTTACCGGA-1,151673,Br8100,L6,46,58,7967,6765
151673_GATAAGGCAGATGCAA-1,151673,Br8100,L1,10,28,3639,4730
151673_GATATCTCATGCAATA-1,151673,Br8100,L3,12,58,3893,6794
151673_GATATGCGGTAGCCAA-1,151673,Br8100,L3,19,91,4748,9060
151673_GATCATTCCAAACATT-1,151673,Br8100,L6,30,56,6049,6641
151673_GATCCTAAATCGGGAC-1,151673,Br8100,L3,27,95,5709,9329
151673_GATCGCTATATCTCAG-1,151673,Br8100,WM,61,25,9747,4480
151673_GATCGTGACTGATATC-1,151673,Br8100,L6,38,72,7015,7736
151673_GATCTGCTATCTAAGG-1,151673,Br8100,L6,62,56,9883,6613
151673_GATCTTTGCAGGGTAT-1,151673,Br8100,L6,36,38,6759,5396
151673_GATGCCACACTACAGC-1,151673,Br8100,L1,0,38,2446,5428
151673_GATGCCAGCAGAAGGC-1,151673,Br8100,L3,23,17,5191,3962
151673_GATGCCTTCTGCGGCA-1,151673,Br8100,WM,58,14,9383,3725
151673_GATGGCGCACACATTA-1,151673,Br8100,L3,19,29,4717,4791
151673_GATGTCGGTCAACTGC-1,151673,Br8100,L3,9,73,3541,7830
151673_GATTAATCCTGGCTCA-1,151673,Br8100,L1,4,28,2920,4736
151673_GATTACTGAATTTGGG-1,151673,Br8100,L6,41,39,7358,5461
151673_GATTGGGAAAGGTTGT-1,151673,Br8100,L4,66,80,10374,8262
151673_GCAAACCCTACATTAT-1,151673,Br8100,L5,48,82,8218,8416
151673_GCAAACGTCGCCAGGT-1,151673,Br8100,L2,47,117,8116,10826
151673_GCAACAGCAGTATGCG-1,151673,Br8100,L3,46,106,7991,10070
151673_GCAACCACCAGACCGG-1,151673,Br8100,L3,14,92,4150,9134
151673_GCAAGTGTAAAGCATG-1,151673,Br8100,WM,67,45,10476,5852
151673_GCACAAGTGTCGGAAG-1,151673,Br8100,L3,10,64,3657,7209
151673_GCACACGCCCATGGTC-1,151673,Br8100,L4,34,10,6505,3470
151673_GCACGTGGTTTACTTA-1,151673,Br8100,L3,64,106,10147,10054
151673_GCACTGCCTACCTTTA-1,151673,Br8100,L5,66,68,10368,7436
151673_GCAGGAACTTAGATCT-1,151673,Br8100,WM,53,15,8784,3798
151673_GCAGGACTATAGAATA-1,151673,Br8100,L5,35,37,6638,5328
151673_GCATACGAGGTCTTTA-1,151673,Br8100,L5,38,14,6986,3742
151673_GCCACAATTTAAGGAC-1,151673,Br8100,WM,45,39,7837,5457
151673_GCCACTCAGAGCGCGA-1,151673,Br8100,L3,59,95,9543,9301
151673_GCCATCGAGCTGCGTG-1,151673,Br8100,WM,53,47,8800,6001
151673_GCCATCGATGCTGCAT-1,151673,Br8100,L3,32,110,6315,10357
151673_GCCCGCGCGTTTGACA-1,151673,Br8100,L3,20,40,4843,5548
151673_GCCCTGAGGATGGGCT-1,151673,Br8100,L5,68,74,10610,7847
151673_GCCGCATTAGTCCGGC-1,151673,Br8100,L5,35,17,6628,3951
151673_GCCGCTTGTGAGAAAC-1,151673,Br8100,L6,36,40,6760,5534
151673_GCCGGGTTAGGGTCGC-1,151673,Br8100,L6,41,59,7368,6838
151673_GCCGGTTTGGGCGGAT-1,151673,Br8100,L1,2,30,2681,4875
151673_GCCGTCGGTTTCGGGC-1,151673,Br8100,WM,71,41,10953,5573
151673_GCCTATTTGCTACACA-1,151673,Br8100,L2,8,50,3410,6247
151673_GCCTTCAGCCCTACCG-1,151673,Br8100,L3,16,50,4368,6240
151673_GCGAAACGATCGGGAG-1,151673,Br8100,L3,54,100,8946,9650
151673_GCGACATGTAAACATC-1,151673,Br8100,L3,37,107,6913,10147
151673_GCGACCCAACCATCTG-1,151673,Br8100,WM,59,33,9512,5032
151673_GCGAGAGGCCATGTAA-1,151673,Br8100,L2,21,113,4999,10574
151673_GCGAGTTCTGCAAAGA-1,151673,Br8100,L6,35,63,6651,7119
151673_GCGATTCTGGAAGCAG-1,151673,Br8100,L3,10,74,3662,7898
151673_GCGCCTCCCACTCCGA-1,151673,Br8100,L3,48,110,8232,10344
151673_GCGCTAAGTATGCATG-1,151673,Br8100,L3,2,86,2709,8731
151673_GCGCTGATCCAGACTC-1,151673,Br8100,L3,17,87,4507,8787
151673_GCGGAGAAACTTCGCA-1,151673,Br8100,WM,55,33,9033,5036
151673_GCGGTCCCTAGACGCA-1,151673,Br8100,L3,13,45,4007,5898
151673_GCGTAAATGGCCATAA-1,151673,Br8100,L3,34,102,6551,9805
151673_GCGTTCGGAGACCGGG-1,151673,Br8100,L3,19,103,4754,9887
151673_GCTAATACCGAATGCC-1,151673,Br8100,L5,21,47,4966,6029
151673_GCTACAATCGAGGATA-1,151673,Br8100,L3,62,104,9907,9918
151673_GCTAGCAGGGAGTGGG-1,151673,Br8100,L3,15,101,4274,9752
151673_GCTAGTAGAGCTTGTA-1,151673,Br8100,L6,39,65,7132,7253
151673_GCTATCGCGGCGCAAC-1,151673,Br8100,L3,20,24,4835,4446
151673_GCTCAATGTAATACCG-1,151673,Br8100,L6,62,58,9884,6751
151673_GCTCGCGGTTCCGCTC-1,151673,Br8100,L3,25,13,5428,3684
151673_GCTCTAAACCCTGACG-1,151673,Br8100,L5,24,58,5331,6784
151673_GCTCTATGTTACGTGC-1,151673,Br8100,L5,26,40,5562,5543
151673_GCTCTTTCCGCTAGTG-1,151673,Br8100,L6,64,54,10121,6474
151673_GCTGCTACTGCGTAGC-1,151673,Br8100,L5,51,75,8574,7931
151673_GCTGCTCTCCGGACAC-1,151673,Br8100,L6,31,63,6172,7122
151673_GCTGGGTCCGCTGTTA-1,151673,Br8100,L1,3,15,2794,3841
151673_GCTGGTTTAGGCCATA-1,151673,Br8100,WM,60,14,9622,3723
151673_GCTGTATTACTGGCCC-1,151673,Br8100,WM,46,38,7957,5388
151673_GCTGTTGCTACCGAAC-1,151673,Br8100,L4,39,95,7146,9319
151673_GCTTATGAAGCAGGAA-1,151673,Br8100,L5,35,89,6664,8909
151673_GGAAACCTTGTTGAAT-1,151673,Br8100,L3,20,106,4876,10092
151673_GGAATAACCTCAAGAA-1,151673,Br8100,L3,6,60,3175,6937
151673_GGAATGCGCTAGCGTG-1,151673,Br8100,L5,32,82,6301,8429
151673_GGACACAAGTTTACAC-1,151673,Br8100,L3,47,111,8113,10413
151673_GGACCTACGGTAACGT-1,151673,Br8100,L2,17,109,4518,10302
151673_GGACCTCTAGGCCGCC-1,151673,Br8100,WM,58,30,9390,4826
151673_GGAGAAGTCATTGGCA-1,151673,Br8100,L4,23,41,5203,5614
151673_GGAGCGAGGCCTACTT-1,151673,Br8100,L5,67,69,10488,7504
151673_GGAGGCCGAAGTCGTC-1,151673,Br8100,L2,40,116,7277,10764
151673_GGAGGCGAAGAACCGC-1,151673,Br8100,L1,3,101,2836,9763
151673_GGAGGGTCAAGTAAGA-1,151673,Br8100,L2,62,114,9912,10607
151673_GGAGTGCCGCCCTGGA-1,151673,Br8100,L4,19,53,4729,6444
151673_GGATCCCTACCAGCTA-1,151673,Br8100,L1,8,12,3391,3630
151673_GGATCCGGAATATACT-1,151673,Br8100,L5,34,82,6541,8428
151673_GGATCTTACTGCCCTT-1,151673,Br8100,WM,65,35,10232,5165
151673_GGATCTTGACTCAACC-1,151673,Br8100,WM,51,17,8545,3937
151673_GGATGAAGATCGCTGA-1,151673,Br8100,L4,42,94,7505,9247
151673_GGCACTCCACTGGGCA-1,151673,Br8100,L6,34,46,6523,5949
151673_GGCATCAACGAGCACG-1,151673,Br8100,L1,5,51,3051,6318
151673_GGCGAGCGAAACGGCA-1,151673,Br8100,L6,51,7,8540,3249
151673_GGCGCATGAATTGATG-1,151673,Br8100,L6,42,54,7485,6493
151673_GGCGCGGAGATCTTTC-1,151673,Br8100,L4,58,86,9418,8682
151673_GGCGGTAGGATCATTG-1,151673,Br8100,L6,31,69,6175,7535
151673_GGCGTAGGGAAAGCTG-1,151673,Br8100,L4,64,82,10135,8402
151673_GGCTAAAGGGCGGGTC-1,151673,Br8100,L3,19,99,4752,9611
151673_GGCTACTATACACTCC-1,151673,Br8100,WM,64,44,10116,5785
151673_GGCTGGCTAGCTTAAA-1,151673,Br8100,L1,11,29,3759,4798
151673_GGGAACGGGAGGTTAG-1,151673,Br8100,L6,39,37,7118,5325
151673_GGGAAGGGCTTTCTCA-1,151673,Br8100,L3,63,87,10018,8747
151673_GGGACCCGTATATCTT-1,151673,Br8100,L6,57,53,9282,6411
151673_GGGAGAACTCACAGTA-1,151673,Br8100,L6,32,64,6292,7190
151673_GGGAGTAATGGCTGGC-1,151673,Br8100,L2,10,42,3646,5694
151673_GGGAGTTAATGAGGCG-1,151673,Br8100,L6,33,75,6418,7947
151673_GGGATGGTCGTAACCG-1,151673,Br8100,WM,47,43,8079,5731
151673_GGGCCTAAATGGGCTA-1,151673,Br8100,L5,45,9,7823,3392
151673_GGGCGATATGTGTGAA-1,151673,Br8100,L6,28,58,5810,6780
151673_GGGCGTTTACATTCAT-1,151673,Br8100,WM,66,26,10347,4544
151673_GGGCTGCCTAGGGCGA-1,151673,Br8100,L6,33,69,6415,7533
151673_GGGTAATGCTGTGTTT-1,151673,Br8100,L1,9,21,3515,4249
151673_GGGTACACTCTGGAGG-1,151673,Br8100,L1,6,8,3149,3357
151673_GGGTATTCTAGCAAAC-1,151673,Br8100,WM,55,15,9024,3796
151673_GGGTCAGGAGCTAGAT-1,151673,Br8100,L6,65,55,10242,6542
151673_GGGTGACACCTTAACT-1,151673,Br8100,L6,46,56,7966,6627
151673_GGGTTCAGACGAACAA-1,151673,Br8100,L3,19,19,4712,4103
151673_GGGTTTAGGATAGGAT-1,151673,Br8100,L3,43,107,7632,10141
151673_GGTAGAAGACCGCCTG-1,151673,Br8100,L6,53,71,8812,7654
151673_GGTAGACCGTTGGGCG-1,151673,Br8100,L6,53,53,8803,6414
151673_GGTCATTGTAGTCATA-1,151673,Br8100,L1,14,120,4164,11062
151673_GGTCCTTCATACGACT-1,151673,Br8100,L1,13,9,3989,3419
151673_GGTCGGTAATTAGACA-1,151673,Br8100,L2,12,36,3882,5279
151673_GGTCGTAAGCTCGCAC-1,151673,Br8100,L6,49,19,8307,4077
151673_GGTGAACGGGCTAGCC-1,151673,Br8100,L1,8,32,3401,5007
151673_GGTGATAAGGAGCAGT-1,151673,Br8100,L5,37,79,6899,8219
151673_GGTGATTTCATCTTGT-1,151673,Br8100,L2,9,39,3524,5489
151673_GGTGGACCACGTGTTA-1,151673,Br8100,L1,7,105,3318,10035
151673_GGTGTAAATCGATTGT-1,151673,Br8100,L6,69,65,10726,7227
151673_GGTTAGCTATATGTCT-1,151673,Br8100,L5,47,87,8101,8761
151673_GGTTTAATTACCATCG-1,151673,Br8100,WM,63,39,9994,5442
151673_GGTTTACAATCTCAAT-1,151673,Br8100,L5,25,73,5458,7816
151673_GGTTTGAGTGCTGGAA-1,151673,Br8100,L3,12,42,3885,5693
151673_GTAAGGATTTGTCGGA-1,151673,Br8100,L3,10,68,3659,7485
151673_GTACGTTTGCCCGTCA-1,151673,Br8100,L6,44,68,7732,7455
151673_GTACTCCCTTATCGCT-1,151673,Br8100,L5,36,28,6754,4708
151673_GTACTCCTGGGTATGC-1,151673,Br8100,L3,26,102,5592,9812
151673_GTAGCTCCGGGAGGCT-1,151673,Br8100,WM,65,37,10233,5302
151673_GTAGCTTCCTCTTGTT-1,151673,Br8100,L5,31,89,6185,8912
151673_GTAGGTGATCCGTGTA-1,151673,Br8100,L4,17,79,4503,8236
151673_GTATCCTTTGGTAACC-1,151673,Br8100,L3,64,92,10140,9090
151673_GTATGAAATTTCACTC-1,151673,Br8100,WM,52,22,8668,4281
151673_GTATTCTGAGAAACGA-1,151673,Br8100,WM,48,38,8196,5386
151673_GTCAAAGTTTACATAG-1,151673,Br8100,L2,13,29,3999,4797
151673_GTCAAGCGGACTCGGG-1,151673,Br8100,L6,39,77,7137,8079
151673_GTCAGAATAGTCTATG-1,151673,Br8100,L5,30,32,6037,4988
151673_GTCATGCACCTCCGTT-1,151673,Br8100,L6,29,61,5931,6986
151673_GTCATTAGAGCGAACG-1,151673,Br8100,L6,37,67,6893,7392
151673_GTCCCAACGTAAAGTA-1,151673,Br8100,L6,33,73,6417,7809
151673_GTCCTACAGGCGGCTC-1,151673,Br8100,L3,18,16,4591,3897
151673_GTCCTACGAATAGTCT-1,151673,Br8100,L4,53,91,8822,9031
151673_GTCCTAGGATACCTTA-1,151673,Br8100,WM,66,6,10337,3167
151673_GTCGAATTTGGGCGCT-1,151673,Br8100,WM,69,17,10702,3922
151673_GTCGCGTAACCCGTTG-1,151673,Br8100,L6,39,75,7137,7941
151673_GTCGTACCATCTCGGG-1,151673,Br8100,L6,46,62,7969,7040
151673_GTCGTGTCTGGTCATC-1,151673,Br8100,L3,28,110,5836,10361
151673_GTCTACTCAATTACAA-1,151673,Br8100,L5,37,13,6866,3674
151673_GTCTATTGGTTCCGGT-1,151673,Br8100,L4,50,90,8462,8965
151673_GTCTCCTGCCAGTATG-1,151673,Br8100,WM,59,13,9502,3655
151673_GTCTTAGTACAGCCGG-1,151673,Br8100,L3,12,78,3903,8171
151673_GTGAACTCCCATTCGA-1,151673,Br8100,L3,30,104,6073,9946
151673_GTGAAGTCACGACTCG-1,151673,Br8100,L6,49,7,8301,3251
151673_GTGACGAGGGTGACCC-1,151673,Br8100,L2,32,114,6317,10633
151673_GTGACTTCAGTAGTGC-1,151673,Br8100,WM,46,50,7963,6214
151673_GTGAGATAACCTTATA-1,151673,Br8100,WM,69,41,10714,5574
151673_GTGAGGAGCGGTTGAG-1,151673,Br8100,L3,13,87,4027,8790
151673_GTGATCACTAACGCCT-1,151673,Br8100,L3,47,97,8106,9449
151673_GTGATTCGCCGCTCAA-1,151673,Br8100,WM,48,40,8197,5524
151673_GTGCAACAAATGTGGC-1,151673,Br8100,L3,14,62,4135,7068
151673_GTGCACGAAAGTGACT-1,151673,Br8100,L4,17,71,4499,7685
151673_GTGCCGCTTCAAAGGT-1,151673,Br8100,WM,44,44,7720,5803
151673_GTGGACCAACCCGATT-1,151673,Br8100,L6,45,29,7832,4769
151673_GTGGACGTGCTGAGAC-1,151673,Br8100,L3,17,39,4483,5482
151673_GTGGCCGGTTTCTCGG-1,151673,Br8100,WM,68,10,10579,3441
151673_GTGGCGGTCCCAGCGT-1,151673,Br8100,L5,40,20,7229,4153
151673_GTGTCAGTGTACGTGG-1,151673,Br8100,WM,68,42,10595,5644
151673_GTTAAAGTAGGACTGG-1,151673,Br8100,L5,49,83,8339,8484
151673_GTTAATGTCTATCTTA-1,151673,Br8100,L3,30,12,6027,3611
151673_GTTACTTTGGGCCTAG-1,151673,Br8100,L6,43,51,7604,6285
151673_GTTATCACCTTCTGAA-1,151673,Br8100,L2,6,58,3174,6799
151673_GTTCACAGGAGTCTAG-1,151673,Br8100,L5,32,34,6277,5124
151673_GTTCATCGTTTGGCTG-1,151673,Br8100,L3,33,105,6433,10012
151673_GTTCCAGTCTGACCAT-1,151673,Br8100,L4,17,53,4490,6446
151673_GTTCGCTGAGACGTCT-1,151673,Br8100,L3,53,109,8831,10270
151673_GTTCGGATCGGGAACA-1,151673,Br8100,L3,44,110,7753,10347
151673_GTTGCACGGAGTTTCG-1,151673,Br8100,L5,24,48,5326,6095
151673_GTTGGATTCAGTGGCT-1,151673,Br8100,L3,16,96,4391,9407
151673_GTTGGATTTGCGTTGG-1,151673,Br8100,L6,36,50,6765,6223
151673_GTTGTCGTGTTAGTTG-1,151673,Br8100,L3,15,47,4247,6034
151673_GTTTCAAACGAGTTGT-1,151673,Br8100,L3,61,109,9789,10263
151673_GTTTCATATCGTCGCT-1,151673,Br8100,L6,39,27,7113,4636
151673_GTTTGAGCGGTTATGT-1,151673,Br8100,L1,0,42,2448,5703
151673_GTTTGGCCGCTCAGCG-1,151673,Br8100,L2,12,32,3880,5004
151673_TAAACCCAGGAGGGCA-1,151673,Br8100,WM,54,36,8914,5243
151673_TAAAGAGCCCGAAACC-1,151673,Br8100,L3,10,46,3648,5970
151673_TAAAGCGGTATTTCCA-1,151673,Br8100,L6,63,49,9999,6130
151673_TAAAGCTGCAATAGGG-1,151673,Br8100,L3,17,97,4512,9475
151673_TAACATACACGCGATC-1,151673,Br8100,WM,55,25,9029,4485
151673_TAACCTAGGGAGTCCA-1,151673,Br8100,L3,60,106,9668,10058
151673_TAAGCAGGCGACACGC-1,151673,Br8100,L5,35,19,6629,4089
151673_TAAGGCCCGTCACCCT-1,151673,Br8100,L5,62,70,9890,7577
151673_TAAGGCTGAATCCCTC-1,151673,Br8100,L3,45,97,7866,9451
151673_TAAGGGCTGGGAGAGG-1,151673,Br8100,L5,34,18,6509,4021
151673_TAAGTAAATGTGCCGC-1,151673,Br8100,L2,5,97,3074,9486
151673_TAATGAAAGACCCTTG-1,151673,Br8100,L3,25,17,5430,3960
151673_TAATTAGATGGATATG-1,151673,Br8100,L1,10,32,3641,5006
151673_TACAAATTGCGGAGGT-1,151673,Br8100,L2,1,81,2587,8387
151673_TACAAGTCTCGTGCAT-1,151673,Br8100,L5,31,27,6154,4643
151673_TACATAGGCATACACC-1,151673,Br8100,L6,40,60,7249,6908
151673_TACCAAATAGCCCAGA-1,151673,Br8100,L6,59,61,9526,6960
151673_TACCGCGGACTTGCAG-1,151673,Br8100,L3,33,97,6429,9461
151673_TACCGGCTCACTGCCC-1,151673,Br8100,L6,47,65,8090,7246
151673_TACCGTAGGTTAACTA-1,151673,Br8100,L6,59,57,9524,6685
151673_TACCTCAGTTGTCTGT-1,151673,Br8100,L6,60,50,9640,6202
151673_TACCTTAAGATTTCCC-1,151673,Br8100,WM,49,29,8312,4765
151673_TACGCCATATTCTAAT-1,151673,Br8100,L6,40,58,7248,6770
151673_TACGCCGAGGGTACCC-1,151673,Br8100,WM,56,34,9153,5104
151673_TACGCCTCCATTCCGA-1,151673,Br8100,L6,55,59,9045,6826
151673_TACGCTATAGAAACCT-1,151673,Br8100,L3,34,104,6552,9943
151673_TACGTTTACCGGCAAT-1,151673,Br8100,L6,40,32,7235,4980
151673_TACTATGGTTCCTCAG-1,151673,Br8100,WM,57,47,9279,5998
151673_TACTCTTTCGTCTTCA-1,151673,Br8100,WM,58,46,9398,5928
151673_TACTGGACAGCTCGGC-1,151673,Br8100,L5,35,25,6632,4502
151673_TACTTTACTGAGCCGG-1,151673,Br8100,L3,30,96,6069,9395
151673_TACTTTCCGCACGCCA-1,151673,Br8100,L6,47,19,8067,4079
151673_TAGAATTAAGGGCAAC-1,151673,Br8100,L3,10,76,3663,8035
151673_TAGACTACCTAGCGTT-1,151673,Br8100,L3,38,104,7031,9939
151673_TAGAGATCATGCAACT-1,151673,Br8100,L6,44,26,7711,4563
151673_TAGAGCTACGAAGAAC-1,151673,Br8100,L3,13,53,4011,6449
151673_TAGAGTCTAAGCGAAC-1,151673,Br8100,L6,29,55,5928,6573
151673_TAGATCCGAAGTCGCA-1,151673,Br8100,L3,10,72,3661,7760
151673_TAGATTCAAAGTGCGG-1,151673,Br8100,WM,69,39,10713,5437
151673_TAGATTCCTGGTTATT-1,151673,Br8100,L5,32,20,6270,4160
151673_TAGCGTCCCTCGATTG-1,151673,Br8100,L3,45,109,7872,10277
151673_TAGCTAAGTCCGGGAG-1,151673,Br8100,L6,29,57,5929,6711
151673_TAGGAACAGCCTCCAG-1,151673,Br8100,L3,5,87,3069,8797
151673_TAGGTCCAAGTAAGGA-1,151673,Br8100,L4,29,23,5913,4370
151673_TAGGTGACGATAACCT-1,151673,Br8100,L5,61,79,9774,8198
151673_TAGGTGCTCGCCTAGC-1,151673,Br8100,L5,40,86,7262,8698
151673_TAGGTTCGAGTTCGTC-1,151673,Br8100,L6,35,67,6653,7394
151673_TAGTACCACAACTTTC-1,151673,Br8100,WM,63,13,9981,3652
151673_TAGTACCTTAGTGGTC-1,151673,Br8100,L3,21,21,4953,4239
151673_TAGTCGATCACGGGTT-1,151673,Br8100,L3,48,96,8225,9380
151673_TAGTCTGCGGCACATT-1,151673,Br8100,WM,72,36,11071,5227
151673_TAGTGTCAGAAACGGC-1,151673,Br8100,L3,21,19,4952,4101
151673_TAGTTTATTCTTGCTT-1,151673,Br8100,L3,13,57,4013,6725
151673_TATACACAGACGCCTT-1,151673,Br8100,L6,50,60,8447,6899
151673_TATAGGGTACTCATGA-1,151673,Br8100,L5,36,20,6750,4157
151673_TATATATCGAGAAATG-1,151673,Br8100,WM,60,28,9629,4687
151673_TATATTACAAATGTCG-1,151673,Br8100,L3,17,107,4517,10164
151673_TATCCATATCATGCGA-1,151673,Br8100,L4,18,52,4609,6376
151673_TATCCGCACCGTCGGG-1,151673,Br8100,L6,59,53,9522,6409
151673_TATCGATGATTAAACG-1,151673,Br8100,L5,23,49,5207,6165
151673_TATCTACCACAGCGGG-1,151673,Br8100,L6,42,60,7488,6906
151673_TATCTTGCAATACAAC-1,151673,Br8100,WM,56,16,9144,3864
151673_TATGATTCTGCTTGGT-1,151673,Br8100,L1,5,35,3043,5217
151673_TATGGCCCGGCCTCGC-1,151673,Br8100,L5,30,30,6036,4851
151673_TATTAACACCAAAGCA-1,151673,Br8100,WM,54,10,8901,3453
151673_TATTAACCTGACCGCG-1,151673,Br8100,WM,57,45,9278,5860
151673_TATTCCGGCAGTCCTA-1,151673,Br8100,L2,5,57,3054,6731
151673_TATTTAGTCTAGATCG-1,151673,Br8100,L4,18,58,4612,6789
151673_TATTTGATTTGCACAG-1,151673,Br8100,L2,54,118,8955,10889
151673_TCAAACAACCGCGTCG-1,151673,Br8100,L5,24,60,5332,6922
151673_TCAACATAGCGCCCTA-1,151673,Br8100,WM,58,44,9397,5790
151673_TCAACTAACGTATAAC-1,151673,Br8100,L4,31,19,6150,4092
151673_TCACAGATCCTCAAAC-1,151673,Br8100,L1,11,15,3752,3834
151673_TCACGGTCATCGCACA-1,151673,Br8100,L5,23,45,5205,5890
151673_TCACTACGACCAATGC-1,151673,Br8100,L3,13,95,4031,9341
151673_TCAGCCAATCCGTAAA-1,151673,Br8100,L3,63,105,10027,9986
151673_TCAGGGTGTAACGTAA-1,151673,Br8100,L6,28,72,5817,7744
151673_TCAGTAGGGACTATAA-1,151673,Br8100,WM,46,48,7962,6076
151673_TCATTTAGAAGTGTGA-1,151673,Br8100,L3,54,110,8951,10338
151673_TCCAACTCAGCTATCT-1,151673,Br8100,L3,67,91,10499,9019
151673_TCCAGCGCTATAAGCG-1,151673,Br8100,L2,52,116,8714,10753
151673_TCCATCAATACTAATC-1,151673,Br8100,WM,64,14,10101,3720
151673_TCCCAAAGACGAAGGA-1,151673,Br8100,L5,26,60,5572,6920
151673_TCCCACTCTCTTCCGG-1,151673,Br8100,L3,31,107,6194,10152
151673_TCCCAGCTTTAGTCTG-1,151673,Br8100,L6,34,56,6528,6638
151673_TCCCAGGCTTAGCTAA-1,151673,Br8100,L5,30,48,6045,6090
151673_TCCCGGGTGTGCTGCT-1,151673,Br8100,L5,34,34,6517,5123
151673_TCCCTGGCTCGCTGGA-1,151673,Br8100,L5,33,27,6394,4642
151673_TCCCTTAGATTACTCG-1,151673,Br8100,L4,18,86,4626,8717
151673_TCCGAACTTGGCTTAC-1,151673,Br8100,L5,33,19,6390,4091
151673_TCCGATAATTGCCATA-1,151673,Br8100,L5,18,64,4615,7202
151673_TCCGATGGTGCGACAT-1,151673,Br8100,L5,25,53,5448,6439
151673_TCCGATTACATTGCCG-1,151673,Br8100,L5,32,32,6276,4987
151673_TCCGCGGCAGCATCTG-1,151673,Br8100,L5,34,84,6542,8565
151673_TCCGGTTCGTCCGGTC-1,151673,Br8100,L6,51,53,8563,6416
151673_TCCGTAACCACAATCC-1,151673,Br8100,L3,20,16,4831,3895
151673_TCCTCGGGCTGGGCTT-1,151673,Br8100,L6,40,76,7257,8009
151673_TCCTGCCAACTGGAGA-1,151673,Br8100,L3,12,90,3909,8998
151673_TCCTGGCGCTGCCTGG-1,151673,Br8100,L2,12,106,3917,10099
151673_TCCTTCAGTGGTCGAA-1,151673,Br8100,L3,15,69,4258,7549
151673_TCCTTTAAATCCGCTT-1,151673,Br8100,L3,56,92,9182,9097
151673_TCGAAATTTAGGACCA-1,151673,Br8100,L5,29,45,5923,5884
151673_TCGATAGGCTAGTCGC-1,151673,Br8100,L2,8,48,3409,6109
151673_TCGCCCAACTGACTCC-1,151673,Br8100,L1,9,109,3559,10309
151673_TCGCCGAAGTTGCGTC-1,151673,Br8100,WM,45,37,7836,5320
151673_TCGCTAAACCGCTATC-1,151673,Br8100,L4,19,89,4747,8923
151673_TCGCTCGATATATTCC-1,151673,Br8100,L6,29,63,5932,7124
151673_TCGGATCTGGATGACC-1,151673,Br8100,WM,67,5,10456,3097
151673_TCGGCTAACTTCCCTT-1,151673,Br8100,L3,3,77,2824,8110
151673_TCGGGAACGTGCCTAG-1,151673,Br8100,L3,31,109,6195,10289
151673_TCGGGTGAAACTGCTA-1,151673,Br8100,L3,10,56,3653,6658
151673_TCGTATTACCCATTGC-1,151673,Br8100,L5,37,25,6872,4500
151673_TCGTTGCTATCCGGTC-1,151673,Br8100,WM,54,46,8919,5932
151673_TCTACCGTCCACAAGC-1,151673,Br8100,L6,27,67,5695,7401
151673_TCTAGTTATCAGAAGA-1,151673,Br8100,L6,34,54,6527,6500
151673_TCTATCATGCAGTTAC-1,151673,Br8100,L3,18,40,4603,5550
151673_TCTCCACAAGTTGAAT-1,151673,Br8100,L3,61,93,9781,9162
151673_TCTCCCTGGGCAGCGT-1,151673,Br8100,L5,54,80,8936,8273
151673_TCTCTCGCCGCACATA-1,151673,Br8100,L2,55,115,9073,10682
151673_TCTGAACCGGTCGGCT-1,151673,Br8100,L3,21,37,4961,5340
151673_TCTGAACTCGTACCCG-1,151673,Br8100,L4,47,95,8105,9312
151673_TCTGAAGCACGTGGTC-1,151673,Br8100,L5,56,84,9178,8546
151673_TCTGAATTCCGTACAA-1,151673,Br8100,L4,34,94,6547,9254
151673_TCTGACTGTAATGGTT-1,151673,Br8100,L1,6,14,3152,3770
151673_TCTGCATACCTTGCTT-1,151673,Br8100,L3,61,99,9784,9575
151673_TCTGGGAACCTTTGAA-1,151673,Br8100,L3,40,98,7268,9524
151673_TCTTAGAGCTCCAATT-1,151673,Br8100,L3,40,108,7273,10213
151673_TCTTAGAGTGAACTCT-1,151673,Br8100,L3,43,99,7628,9591
151673_TCTTTAGAGTCTAACA-1,151673,Br8100,L2,50,114,8474,10617
151673_TGAAACTTATGCAAGC-1,151673,Br8100,L3,11,73,3781,7828
151673_TGACATGTAACGTGAC-1,151673,Br8100,L6,69,63,10725,7089
151673_TGAGAATGCTTTACCG-1,151673,Br8100,L4,18,54,4610,6514
151673_TGAGAGATTTACCACG-1,151673,Br8100,L5,41,91,7384,9041
151673_TGAGCTTTAATGACGC-1,151673,Br8100,L4,19,85,4745,8647
151673_TGAGGAGTGCCAGCTT-1,151673,Br8100,L6,58,58,9404,6754
151673_TGAGGCATGTACTGTG-1,151673,Br8100,WM,56,8,9140,3313
151673_TGAGTGGTCCGTGACG-1,151673,Br8100,L5,30,84,6063,8569
151673_TGATCCCAGCATTAGT-1,151673,Br8100,L3,27,107,5715,10155
151673_TGATCTCCGGCGCCAG-1,151673,Br8100,L5,28,50,5806,6230
151673_TGATGGCTGTTTCTGA-1,151673,Br8100,L2,30,114,6078,10635
151673_TGATGTCAATTAAGTG-1,151673,Br8100,L3,59,103,9547,9852
151673_TGATTATGGCACGCAG-1,151673,Br8100,L1,13,111,4039,10443
151673_TGATTCAGGTCCCGCG-1,151673,Br8100,L6,48,8,8181,3320
151673_TGATTCGTCTATCACT-1,151673,Br8100,L5,31,41,6161,5607
151673_TGCAACCCATCTGCGG-1,151673,Br8100,L3,60,90,9660,8956
151673_TGCAATCTAACACGGT-1,151673,Br8100,L3,62,90,9900,8954
151673_TGCAGGATCGGCAAAG-1,151673,Br8100,L5,24,74,5339,7886
151673_TGCATGGATCGGATCT-1,151673,Br8100,L5,19,67,4736,7408
151673_TGCCATTACTAAAGAA-1,151673,Br8100,L5,21,87,4986,8783
151673_TGCCGTGGATCGTCCT-1,151673,Br8100,L6,57,63,9287,7100
151673_TGCCTGACATCGGTCA-1,151673,Br8100,L2,16,20,4354,4174
151673_TGCGAGCCCTTCCGCG-1,151673,Br8100,L3,12,102,3915,9824
151673_TGCGGCATAGTTCAAC-1,151673,Br8100,L3,12,54,3891,6519
151673_TGCGGTGAAATTTCAT-1,151673,Br8100,L3,12,66,3897,7345
151673_TGCGTGATTGGGTGTC-1,151673,Br8100,L1,11,17,3753,3972
151673_TGCGTTTGTTGACACT-1,151673,Br8100,L6,42,76,7496,8008
151673_TGCTCGGCGAAACCCA-1,151673,Br8100,L6,57,61,9286,6962
151673_TGCTGGTTGGACAATT-1,151673,Br8100,L4,21,41,4963,5616
151673_TGGAACCACTGACACA-1,151673,Br8100,L3,24,102,5353,9814
151673_TGGAAGAAGGGAACGT-1,151673,Br8100,L6,39,35,7117,5187
151673_TGGAAGGATAAAGATG-1,151673,Br8100,L5,20,68,4857,7476
151673_TGGAATTAGACGCTTT-1,151673,Br8100,L3,26,18,5551,4028
151673_TGGCCAAACTGAAGTA-1,151673,Br8100,L5,28,76,5819,8020
151673_TGGCTCTTGTCGCGTA-1,151673,Br8100,L5,42,12,7465,3601
151673_TGGGAAATGCCTTTCC-1,151673,Br8100,L3,23,27,5196,4650
151673_TGGGCACGTTCTATGG-1,151673,Br8100,L3,15,73,4260,7825
151673_TGGGCAGGCCACCGCA-1,151673,Br8100,L2,54,116,8954,10752
151673_TGGGCCACAAGAGCGC-1,151673,Br8100,L5,18,72,4619,7753
151673_TGGTAGAATATATGGG-1,151673,Br8100,L3,48,100,8227,9655
151673_TGGTCTGTTGGGCGTA-1,151673,Br8100,L5,37,29,6874,4776
151673_TGGTTTAAACGTGGGT-1,151673,Br8100,L2,24,112,5358,10502
151673_TGTAACTTGTCAACCT-1,151673,Br8100,L1,3,31,2801,4943
151673_TGTACCTACACGAGGG-1,151673,Br8100,L3,59,91,9541,9026
151673_TGTACGAACAAATCCG-1,151673,Br8100,L6,38,58,7008,6772
151673_TGTACTGTGCCAAAGT-1,151673,Br8100,L1,5,43,3047,5767
151673_TGTAGCCATCCCATTC-1,151673,Br8100,L2,62,112,9911,10469
151673_TGTATGGCGCAGACAG-1,151673,Br8100,L4,43,93,7625,9177
151673_TGTGAGACTAGCCCAA-1,151673,Br8100,L6,59,63,9527,7098
151673_TGTGGCAAAGCGTATG-1,151673,Br8100,L5,29,87,5944,8776
151673_TGTGGCGGGCTTCTGG-1,151673,Br8100,L6,65,59,10244,6817
151673_TGTTCCGGCCTGAGCT-1,151673,Br8100,L6,70,66,10846,7295
151673_TGTTTCGGTACTTCTC-1,151673,Br8100,L4,18,56,4611,6651
151673_TTAACACCTCGAACAT-1,151673,Br8100,L3,24,22,5313,4305
151673_TTAACCAACCCTCCCT-1,151673,Br8100,L5,19,55,4730,6582
151673_TTAACTCACGCGTGGA-1,151673,Br8100,L3,24,14,5309,3754
151673_TTAACTTCAGGTAGGA-1,151673,Br8100,L6,46,26,7951,4561
151673_TTAAGCCGACAACTTC-1,151673,Br8100,L3,13,77,4022,8102
151673_TTAAGGATACGGAGGT-1,151673,Br8100,L1,7,39,3285,5490
151673_TTAATTTCAGACGCGG-1,151673,Br8100,L4,17,69,4498,7547
151673_TTACAACTACGCATCC-1,151673,Br8100,L5,24,52,5328,6371
151673_TTACACGATCTGCGAC-1,151673,Br8100,L2,62,110,9910,10331
151673_TTACATGCCACAACTA-1,151673,Br8100,L3,41,103,7390,9868
151673_TTACCCTAGGGATTGG-1,151673,Br8100,L6,60,58,9644,6753
151673_TTACGGATGGTTCGAG-1,151673,Br8100,L4,33,93,6427,9186
151673_TTACTATCGGCTTCTC-1,151673,Br8100,L5,34,16,6508,3883
151673_TTACTCCGGCCGGGAA-1,151673,Br8100,L6,34,78,6539,8152
151673_TTAGAGTTTAGAAGGA-1,151673,Br8100,L5,46,86,7981,8693
151673_TTAGCTAATACGATCT-1,151673,Br8100,L3,22,98,5111,9540
151673_TTAGCTCTGTAATCCG-1,151673,Br8100,L4,31,15,6148,3817
151673_TTAGCTGATTTGCCGT-1,151673,Br8100,L4,38,94,7026,9251
151673_TTAGGTCATAACCGAC-1,151673,Br8100,WM,58,38,9394,5377
151673_TTAGTTCAAGTGTTCG-1,151673,Br8100,L2,22,112,5118,10504
151673_TTATAGGTAATTGTCT-1,151673,Br8100,L5,61,73,9771,7785
151673_TTATATACGCTGTCAC-1,151673,Br8100,L6,38,74,7016,7873
151673_TTATATTTGGCAATCC-1,151673,Br8100,L6,26,64,5574,7195
151673_TTATCCAATCGAACTC-1,151673,Br8100,L2,13,33,4001,5072
151673_TTATGAATGAAAGGGA-1,151673,Br8100,L6,41,63,7370,7113
151673_TTATGACAAACTGGAT-1,151673,Br8100,L5,27,35,5679,5198
151673_TTATGATCTTAACGAA-1,151673,Br8100,L5,38,82,7020,8424
151673_TTATGCGTCCCGGTCC-1,151673,Br8100,L1,7,45,3288,5903
151673_TTATTAGAGCGTGTTC-1,151673,Br8100,L6,46,70,7973,7591
151673_TTATTTCATCCCAAAC-1,151673,Br8100,L1,1,19,2556,4118
151673_TTCAAAGTCTCTAGCC-1,151673,Br8100,L6,35,75,6657,7945
151673_TTCAATACTCTGAATC-1,151673,Br8100,L5,38,86,7022,8700
151673_TTCAGCCCTGGTCCAC-1,151673,Br8100,L5,47,85,8100,8623
151673_TTCAGTTCAAGAGGAG-1,151673,Br8100,WM,72,38,11072,5365
151673_TTCATAGCCTTGTAAC-1,151673,Br8100,L1,7,15,3273,3838
151673_TTCCACACAGATTTGA-1,151673,Br8100,WM,50,46,8440,5935
151673_TTCCACATTTCTCGTC-1,151673,Br8100,L2,1,77,2585,8112
151673_TTCCGCGTGAGGCGAT-1,151673,Br8100,L6,46,64,7970,7178
151673_TTCCGGCCTTGAGGCT-1,151673,Br8100,WM,54,44,8918,5794
151673_TTCCTCGGACTAACCA-1,151673,Br8100,L5,50,86,8460,8689
151673_TTCCTCTGCCCGAATA-1,151673,Br8100,L5,35,15,6627,3814
151673_TTCGCACTGTACGACA-1,151673,Br8100,L6,61,59,9764,6821
151673_TTCGCCGCTCGCGCTA-1,151673,Br8100,WM,57,9,9260,3381
151673_TTCGCTAGGAAGTTGT-1,151673,Br8100,L2,41,117,7397,10832
151673_TTCGGACTGATGCCTT-1,151673,Br8100,L2,7,99,3315,9622
151673_TTCGGGCGCTAGTCTT-1,151673,Br8100,WM,55,37,9035,5311
151673_TTCGGTACTGTAGAGG-1,151673,Br8100,L6,67,63,10485,7091
151673_TTCTCTTACAGGTGAT-1,151673,Br8100,WM,62,8,9859,3308
151673_TTCTTAGTGAACGGTG-1,151673,Br8100,L3,18,34,4600,5137
151673_TTCTTCCCTTTGATAT-1,151673,Br8100,L3,2,70,2701,7629
151673_TTCTTGCTAGCATCTC-1,151673,Br8100,L3,40,110,7274,10351
151673_TTCTTTGGTCGCGACG-1,151673,Br8100,L3,24,104,5354,9951
151673_TTGAAAGGTGTAAAGG-1,151673,Br8100,L3,13,103,4035,9892
151673_TTGAACGACGTGCTGA-1,151673,Br8100,L3,60,88,9659,8818
151673_TTGAAGAATTCCCAGG-1,151673,Br8100,L6,32,50,6285,6226
151673_TTGAATTCACGTGAGG-1,151673,Br8100,L3,39,97,7147,9456
151673_TTGACATGAACGTGGA-1,151673,Br8100,L6,44,32,7714,4976
151673_TTGACCATGTTCTCCG-1,151673,Br8100,L5,24,78,5341,8161
151673_TTGAGAGTACTGCTAA-1,151673,Br8100,WM,44,38,7717,5389
151673_TTGATTAGCTGTTTCT-1,151673,Br8100,WM,48,34,8194,5111
151673_TTGCACGGAGCAGCAC-1,151673,Br8100,L5,21,59,4972,6855
151673_TTGCATGCTGATCACG-1,151673,Br8100,L6,41,35,7356,5185
151673_TTGCCATAGCCCGCTC-1,151673,Br8100,WM,54,24,8908,4417
151673_TTGCCGCAGACCTACA-1,151673,Br8100,WM,62,18,9864,3997
151673_TTGCTCCCATACCGGA-1,151673,Br8100,L5,22,72,5098,7750
151673_TTGGACCTATAACAGT-1,151673,Br8100,L4,56,86,9179,8684
151673_TTGGATATCGTCTACG-1,151673,Br8100,WM,48,52,8203,6350
151673_TTGGCTCGCATGAGAC-1,151673,Br8100,L4,23,37,5201,5339
151673_TTGGGACACTGCCCGC-1,151673,Br8100,L6,28,70,5816,7607
151673_TTGGGACGTAAGAGTT-1,151673,Br8100,L3,51,109,8591,10272
151673_TTGGTTGCGGTGCGCG-1,151673,Br8100,WM,53,23,8788,4349
151673_TTGTAATCCGTACTCG-1,151673,Br8100,L6,35,55,6647,6568
151673_TTGTCGTTCAGTTACC-1,151673,Br8100,L5,22,58,5091,6786
151673_TTGTGAACCTAATCCG-1,151673,Br8100,L4,56,90,9181,8960
151673_TTGTGAGGCATGACGC-1,151673,Br8100,L5,43,13,7585,3669
151673_TTGTGGTGGTACTAAG-1,151673,Br8100,L3,63,95,10022,9298
151674_AAACCTAAGCAGCCGG-1,151674,Br8100,L4,65,83,10320,8411
151674_AAACGGGCGTACGGGT-1,151674,Br8100,L3,65,91,10324,8962
151674_AAACTCGGTTCGCAAT-1,151674,Br8100,L5,66,70,10433,7516
151674_AAACTTGCAAACGTAT-1,151674,Br8100,L6,45,19,7892,4024
151674_AAAGACTGGGCGCTTT-1,151674,Br8100,L3,29,15,5973,3763
151674_AAAGGCTACGGACCAT-1,151674,Br8100,L6,62,54,9946,6418
151674_AAAGGCTCTCGCGCCG-1,151674,Br8100,WM,55,55,9108,6493
151674_AAAGGGATGTAGCAAG-1,151674,Br8100,L5,24,62,5398,7003
151674_AAAGGGCAGCTTGAAT-1,151674,Br8100,L3,24,26,5380,4524
151674_AAAGGTAAGCTGTACC-1,151674,Br8100,L1,10,106,3744,10044
151674_AAAGTCGACCCTCAGT-1,151674,Br8100,L5,37,15,6931,3755
151674_AAAGTTGACTCCCGTA-1,151674,Br8100,L4,42,96,7572,9327
151674_AAATGATTCGATCAGC-1,151674,Br8100,L2,21,111,5064,10378
151674_AAATGGTCAATGTGCC-1,151674,Br8100,L6,33,51,6471,6237
151674_AAATGTGGGTGCTCCT-1,151674,Br8100,L1,2,54,2759,6472
151674_AAATTACACGACTCTG-1,151674,Br8100,L3,14,86,4213,8664
151674_AAATTGATAGTCCTTT-1,151674,Br8100,WM,55,31,9096,4841
151674_AACAACTGGTAGTTGC-1,151674,Br8100,L5,28,42,5867,5622
151674_AACAATACATTGTCGA-1,151674,Br8100,WM,61,37,9817,5248
151674_AACACGAGACGCGGCC-1,151674,Br8100,L6,45,21,7893,4161
151674_AACACGCGGCCGCGAA-1,151674,Br8100,L1,6,34,3228,5091
151674_AACAGCTGTGTGGCAA-1,151674,Br8100,WM,59,31,9575,4837
151674_AACAGGAAATCGAATA-1,151674,Br8100,L3,15,67,4323,7355
151674_AACAGGTAGTATGGAT-1,151674,Br8100,L3,49,113,8419,10491
151674_AACATATCAACTGGTG-1,151674,Br8100,L3,27,99,5777,9547
151674_AACATTGTGACTCGAG-1,151674,Br8100,L6,64,52,10184,6278
151674_AACCAAGACTTCTCTG-1,151674,Br8100,L5,36,24,6816,4376
151674_AACCCTACTGTCAATA-1,151674,Br8100,L4,40,96,7332,9329
151674_AACGGACGTACGTATA-1,151674,Br8100,L4,50,92,8528,9044
151674_AACGTACTGTGGGTAC-1,151674,Br8100,WM,48,42,8263,5604
151674_AACTAGCGTATCGCAC-1,151674,Br8100,L1,4,48,2996,6057
151674_AACTCAAGTTAATTGC-1,151674,Br8100,L6,38,44,7066,5751
151674_AACTCCAGAGCGTGTT-1,151674,Br8100,L3,60,92,9726,9035
151674_AACTCGATGGCGCAGT-1,151674,Br8100,L1,11,27,3823,4605
151674_AACTGGGTTCGAGCCG-1,151674,Br8100,L2,3,89,2897,8880
151674_AACTTGCCCGTATGCA-1,151674,Br8100,L4,29,27,5979,4589
151674_AAGAAGGATCAGTTAG-1,151674,Br8100,L1,13,25,4062,4465
151674_AAGAGGCCCTTTGGAA-1,151674,Br8100,L3,59,109,9615,10207
151674_AAGATGGCACCGGACC-1,151674,Br8100,WM,59,39,9579,5388
151674_AAGATTGGCGGAACGT-1,151674,Br8100,L4,26,90,5652,8928
151674_AAGCACCCTGCGTATC-1,151674,Br8100,L5,59,73,9596,7728
151674_AAGCCGAAGCGGTTTA-1,151674,Br8100,L3,49,107,8416,10078
151674_AAGGATGAGGGACCTC-1,151674,Br8100,L5,27,87,5771,8721
151674_AAGGTATCCTAATATA-1,151674,Br8100,L5,25,81,5528,8310
151674_AAGGTGATAAACCAGC-1,151674,Br8100,L4,44,92,7809,9050
151674_AAGTTCACTCCAAGCT-1,151674,Br8100,L4,57,85,9363,8556
151674_AAGTTCAGTCTGCGTA-1,151674,Br8100,L3,18,104,4701,9899
151674_AAGTTTACTAATGGCA-1,151674,Br8100,L1,5,61,3122,6951
151674_AATAACAACGCTCGGC-1,151674,Br8100,L5,36,30,6819,4789
151674_AATACAATGTTTCAGG-1,151674,Br8100,L3,23,19,5256,4043
151674_AATATTGGAGTATTGA-1,151674,Br8100,L5,36,22,6815,4238
151674_AATCAGGTTTCATTTA-1,151674,Br8100,WM,69,33,10774,4966
151674_AATCCATGCAAGGGTG-1,151674,Br8100,L1,8,26,3463,4539
151674_AATCTAGGTTTACTTG-1,151674,Br8100,WM,52,16,8729,3811
151674_AATCTGGGTAGACCCT-1,151674,Br8100,L2,4,94,3019,9223
151674_AATGACGTAGGATGTC-1,151674,Br8100,L5,44,78,7802,8086
151674_AATGATGATACGCTAT-1,151674,Br8100,L3,23,93,5295,9137
151674_AATGCAACCGGGTACC-1,151674,Br8100,L5,25,59,5517,6795
151674_AATGCACCAAGCAATG-1,151674,Br8100,L3,19,97,4818,9416
151674_AATGTATGGCACTGTA-1,151674,Br8100,WM,65,9,10282,3317
151674_AATGTGCTAATCTGAG-1,151674,Br8100,WM,66,32,10414,4900
151674_AATTAGCGCTGCAGCG-1,151674,Br8100,L6,51,63,8633,7047
151674_AATTGAACGCTCTGGT-1,151674,Br8100,L5,45,83,7925,8429
151674_ACAAACCATGCGTCCT-1,151674,Br8100,WM,64,16,10166,3800
151674_ACAAATCGCACCGAAT-1,151674,Br8100,L5,50,82,8523,8356
151674_ACAAATTCAGATCTGA-1,151674,Br8100,L1,7,103,3383,9840
151674_ACAAGGACAAGAGGTT-1,151674,Br8100,L5,29,37,5984,5277
151674_ACAATCCATTTAAACC-1,151674,Br8100,L5,36,32,6820,4927
151674_ACAATCGATCTTTATA-1,151674,Br8100,L1,2,62,2763,7022
151674_ACACACTTTCTACACG-1,151674,Br8100,L3,14,64,4202,7149
151674_ACACATGATCAAATCT-1,151674,Br8100,WM,60,16,9687,3804
151674_ACACATTGACGCAACA-1,151674,Br8100,L1,8,8,3454,3300
151674_ACACGAGACTCCTTCT-1,151674,Br8100,L6,31,71,6241,7616
151674_ACACGGCACTATGCAT-1,151674,Br8100,L3,7,71,3367,7637
151674_ACACGTAGGCCACAAG-1,151674,Br8100,L3,58,110,9496,10276
151674_ACAGAACTGAGAACAA-1,151674,Br8100,WM,52,24,8733,4362
151674_ACATCCCGGCCATACG-1,151674,Br8100,L6,55,57,9109,6631
151674_ACATCGATCGTTTACC-1,151674,Br8100,L6,42,62,7554,6986
151674_ACATCGTATGCAATGG-1,151674,Br8100,L5,45,81,7924,8292
151674_ACATCGTTAACCTAGT-1,151674,Br8100,L3,9,75,3608,7911
151674_ACATCTCAACGCGTAA-1,151674,Br8100,L2,4,74,3009,7847
151674_ACCAAACTAGAAATCC-1,151674,Br8100,L1,3,67,2886,7366
151674_ACCATATCCGCAATAA-1,151674,Br8100,L6,38,56,7072,6577
151674_ACCATCCGCCAACTAG-1,151674,Br8100,L5,44,12,7768,3543
151674_ACCATTAAGGGTGTCA-1,151674,Br8100,L1,13,5,4051,3089
151674_ACCCGGATGACGCATC-1,151674,Br8100,L3,38,100,7095,9606
151674_ACCCGGTTACACTTCC-1,151674,Br8100,L6,42,48,7547,6023
151674_ACCCGTGTCATCAGTA-1,151674,Br8100,WM,58,54,9467,6421
151674_ACCCTATGCCATATCG-1,151674,Br8100,WM,56,40,9220,5459
151674_ACCGCGGTGGAAGTCG-1,151674,Br8100,L3,44,106,7817,10014
151674_ACCTCCGTTATTCACC-1,151674,Br8100,L2,34,112,6622,10436
151674_ACCTCGAACTTATGCT-1,151674,Br8100,WM,65,15,10285,3730
151674_ACGACTGGTCATACTC-1,151674,Br8100,WM,64,34,10175,5039
151674_ACGAGATATTTGCTTA-1,151674,Br8100,L3,9,81,3611,8324
151674_ACGAGGTTTACAACGT-1,151674,Br8100,WM,57,13,9326,3600
151674_ACGATCATACATAGAG-1,151674,Br8100,L5,25,63,5519,7071
151674_ACGATGCATATGTTAT-1,151674,Br8100,L6,37,43,6946,5683
151674_ACGCAATCACTACAGC-1,151674,Br8100,L3,25,109,5542,10237
151674_ACGCCCAGCTGTCGAT-1,151674,Br8100,L1,3,71,2888,7641
151674_ACGCCGCTAGACGACC-1,151674,Br8100,L6,43,71,7679,7605
151674_ACGCGGGCCAAGGACA-1,151674,Br8100,L6,34,62,6596,6994
151674_ACGGACGCAGCGACAA-1,151674,Br8100,WM,74,16,11364,3791
151674_ACGGCGACGATGGGAA-1,151674,Br8100,L5,49,77,8401,8013
151674_ACGGCGGGTTGCCCTG-1,151674,Br8100,L1,5,31,3107,4886
151674_ACGTATTACTCCGATC-1,151674,Br8100,L4,41,97,7453,9397
151674_ACGTGGTCGAATGTGC-1,151674,Br8100,L2,2,78,2771,8124
151674_ACGTTAGATTTGCCCG-1,151674,Br8100,L6,39,39,7183,5406
151674_ACGTTCGTTCAGGAAA-1,151674,Br8100,WM,60,44,9701,5731
151674_ACGTTTAGTTGTGATC-1,151674,Br8100,L3,14,68,4204,7425
151674_ACTAATACGTCAGGCG-1,151674,Br8100,L2,8,98,3500,9495
151674_ACTACGCGTTAGAATT-1,151674,Br8100,L6,60,56,9707,6557
151674_ACTCCCATTCCTAAAG-1,151674,Br8100,L6,47,17,8130,3884
151674_ACTCCCGAATTCGTTT-1,151674,Br8100,L3,32,104,6378,9887
151674_ACTCCCTAGAATAGTA-1,151674,Br8100,L6,48,70,8277,7532
151674_ACTCTTGTATAGTAAC-1,151674,Br8100,L6,36,70,6840,7543
151674_ACTGCCGTCGTAACTC-1,151674,Br8100,L3,16,70,4444,7560
151674_ACTGTAGCACTTTGGA-1,151674,Br8100,L5,27,39,5746,5417
151674_ACTGTGCTAGTAGATC-1,151674,Br8100,L1,13,31,4065,4878
151674_ACTGTTTAGTGTAGGC-1,151674,Br8100,L1,3,59,2881,6815
151674_ACTTATCTGATCTATA-1,151674,Br8100,L1,0,32,2508,4959
151674_ACTTCAGGCTGATCCC-1,151674,Br8100,L5,51,81,8642,8286
151674_ACTTCCATGCGGGACA-1,151674,Br8100,L4,61,85,9842,8553
151674_ACTTGGGACCCGGTGG-1,151674,Br8100,L5,29,49,5991,6103
151674_ACTTTCCTATAGCTTC-1,151674,Br8100,L6,28,62,5877,6999
151674_ACTTTGGTCGTGCTCC-1,151674,Br8100,WM,61,13,9805,3596
151674_AGAACGTGGTACATTC-1,151674,Br8100,L5,27,73,5763,7757
151674_AGAAGAGCGCCGTTCC-1,151674,Br8100,L5,38,88,7089,8780
151674_AGAAGGTACACTTCAC-1,151674,Br8100,WM,52,14,8727,3673
151674_AGAAGGTTGCCGAATT-1,151674,Br8100,L6,42,44,7545,5747
151674_AGAATAAATCTTCAGG-1,151674,Br8100,L5,37,11,6929,3480
151674_AGAATGCGGGTTCGGA-1,151674,Br8100,L1,12,108,3985,10180
151674_AGAATTGTTTGACATA-1,151674,Br8100,L2,17,23,4540,4324
151674_AGACCCACCGCTGATC-1,151674,Br8100,L6,49,65,8394,7187
151674_AGACGACGATGCCGCT-1,151674,Br8100,WM,53,33,8857,4980
151674_AGACTAGCCTTCCAGA-1,151674,Br8100,L5,28,46,5869,5898
151674_AGAGCAGTTATGAGAC-1,151674,Br8100,L3,29,19,5975,4038
151674_AGAGCGGGCTAATCAT-1,151674,Br8100,L3,16,64,4441,7147
151674_AGATCTCAGGTGTGAT-1,151674,Br8100,L5,29,75,6004,7893
151674_AGATGACTCGCCCACG-1,151674,Br8100,L5,21,55,5035,6523
151674_AGATGAGGGTTGCGAT-1,151674,Br8100,L3,14,98,4219,9490
151674_AGATGATGGAGTCTGG-1,151674,Br8100,L3,34,106,6619,10023
151674_AGCAACCGAAAGTAAT-1,151674,Br8100,WM,56,20,9210,4083
151674_AGCATCGTCGATAATT-1,151674,Br8100,L5,22,52,5154,6316
151674_AGCCAAGCTTTGTGTC-1,151674,Br8100,L6,64,58,10188,6691
151674_AGCCACAGGTTACCCG-1,151674,Br8100,L3,63,89,10084,8826
151674_AGCCCGGCATTAGAGG-1,151674,Br8100,WM,64,26,10171,4488
151674_AGCCCTAAGCGAAGTT-1,151674,Br8100,L3,15,65,4322,7217
151674_AGCCTTAAAGCGGAAG-1,151674,Br8100,L3,21,15,5015,3770
151674_AGCGACAGGAACGGTC-1,151674,Br8100,WM,51,37,8620,5257
151674_AGCGACATCCCATTCA-1,151674,Br8100,L4,17,59,4558,6802
151674_AGCGACCAACGATATT-1,151674,Br8100,L5,25,55,5515,6520
151674_AGCGCATAATGAATCG-1,151674,Br8100,WM,57,55,9348,6491
151674_AGCGCGGGTGCCAATG-1,151674,Br8100,L3,24,92,5414,9068
151674_AGCGTGGTATTCTACT-1,151674,Br8100,L6,45,71,7918,7603
151674_AGCTAAGTACGCAGGC-1,151674,Br8100,L4,64,86,10202,8619
151674_AGGAAGCTGTCCGCCG-1,151674,Br8100,L6,61,65,9832,7176
151674_AGGACATCGCACGTCG-1,151674,Br8100,L3,16,38,4428,5358
151674_AGGACGCTCGATGTTG-1,151674,Br8100,L3,18,98,4698,9486
151674_AGGATAAAGTCGGGAT-1,151674,Br8100,L6,53,65,8874,7183
151674_AGGATATAGGGATTTA-1,151674,Br8100,L4,46,96,8051,9323
151674_AGGCCACCCGTTATGA-1,151674,Br8100,L5,28,38,5865,5347
151674_AGGCTTCCCGAAGAAG-1,151674,Br8100,WM,50,42,8502,5602
151674_AGGGCGTGATCGGCTA-1,151674,Br8100,L3,17,45,4551,5839
151674_AGGGTTCAGACGGTCC-1,151674,Br8100,WM,69,45,10780,5792
151674_AGGTAGGTACAAAGCT-1,151674,Br8100,L5,35,31,6700,4859
151674_AGGTATAATTGATAGT-1,151674,Br8100,L3,35,109,6740,10228
151674_AGGTCAGGTGAGAGTG-1,151674,Br8100,L6,46,20,8012,4092
151674_AGGTTGAGGCACGCTT-1,151674,Br8100,L5,22,74,5165,7830
151674_AGTAACGTTCATCCTG-1,151674,Br8100,L2,5,91,3137,9016
151674_AGTACATCATTTATCA-1,151674,Br8100,L3,29,109,6022,10234
151674_AGTACGGCCCGTATCG-1,151674,Br8100,L4,35,11,6690,3482
151674_AGTACGTGGCCTGTCT-1,151674,Br8100,L3,6,88,3256,8809
151674_AGTAGGTAACATACAT-1,151674,Br8100,L3,13,51,4075,6255
151674_AGTCAACACCACCATC-1,151674,Br8100,L6,41,47,7427,5955
151674_AGTCAAGATGACACTT-1,151674,Br8100,L4,48,90,8288,8909
151674_AGTCAGCCACCGCCTG-1,151674,Br8100,L2,16,28,4423,4669
151674_AGTCCATTGGCTGATG-1,151674,Br8100,L3,42,100,7574,9602
151674_AGTCGGTTGCGTGAGA-1,151674,Br8100,L3,40,112,7341,10430
151674_AGTCGTATAAAGCAGA-1,151674,Br8100,L4,65,81,10319,8274
151674_AGTCTAAAGTATACTC-1,151674,Br8100,L2,29,111,6023,10371
151674_AGTCTTTAAAGTGTCC-1,151674,Br8100,L5,67,77,10557,7997
151674_AGTGAGCCTCGCCGCC-1,151674,Br8100,L3,29,103,6018,9820
151674_AGTGATTCAAGCAGGA-1,151674,Br8100,L5,33,87,6489,8715
151674_AGTGTGCTAAGATCGC-1,151674,Br8100,L1,14,10,4174,3432
151674_AGTTACTCTATCGTGG-1,151674,Br8100,L3,15,89,4334,8869
151674_AGTTCCTATTTATGTT-1,151674,Br8100,L6,43,65,7676,7192
151674_AGTTCTGCGTTGTATC-1,151674,Br8100,L1,13,19,4059,4052
151674_ATAATAGTGTAGGGAC-1,151674,Br8100,L3,18,30,4663,4805
151674_ATACAGGCCCTCCAAT-1,151674,Br8100,L6,56,72,9237,7662
151674_ATACCAGGCTAATAGA-1,151674,Br8100,L2,9,55,3598,6534
151674_ATACCAGGTGAGCGAT-1,151674,Br8100,L1,1,55,2640,6541
151674_ATACGCCGATCTACCG-1,151674,Br8100,L1,1,31,2627,4889
151674_ATACGGAACGTCGTTT-1,151674,Br8100,WM,56,22,9211,4220
151674_ATACGTTATGCACGGA-1,151674,Br8100,L6,63,63,10070,7036
151674_ATAGCAACTAGGGAAG-1,151674,Br8100,L3,62,98,9969,9447
151674_ATAGCTGCTCTTGTTA-1,151674,Br8100,L1,16,10,4413,3430
151674_ATAGGGATATCCTTGA-1,151674,Br8100,L5,21,71,5044,7625
151674_ATAGGTTGGGCAGATG-1,151674,Br8100,L6,28,64,5879,7137
151674_ATATAAATGTAGCTGC-1,151674,Br8100,L6,54,74,8998,7802
151674_ATATAGAGTATTGGTC-1,151674,Br8100,WM,63,11,10044,3457
151674_ATATTCAGTTAAACCT-1,151674,Br8100,WM,44,40,7783,5470
151674_ATATTGCTGTCAAAGT-1,151674,Br8100,L3,18,32,4664,4943
151674_ATCAAACGAAGGTTTG-1,151674,Br8100,WM,49,33,8378,4984
151674_ATCAATGCCGTGGCTG-1,151674,Br8100,WM,61,19,9808,4009
151674_ATCAGGTCGCCATTGC-1,151674,Br8100,L3,8,94,3498,9220
151674_ATCATCTGCCCAGTGT-1,151674,Br8100,L2,2,84,2775,8537
151674_ATCCACGCTAAATGTT-1,151674,Br8100,L3,5,83,3133,8465
151674_ATCGCTGCGTGCAGCA-1,151674,Br8100,L2,23,111,5304,10377
151674_ATCTAATATCCTACGG-1,151674,Br8100,L6,55,67,9114,7319
151674_ATCTCCCTGCAATCTA-1,151674,Br8100,L3,16,72,4445,7698
151674_ATCTGCTGTTATCGCC-1,151674,Br8100,L6,67,57,10546,6620
151674_ATCTTGACTTGTCCAA-1,151674,Br8100,L3,30,108,6141,10164
151674_ATGACGCCGGCTCTAA-1,151674,Br8100,L3,16,58,4438,6734
151674_ATGCACTACCGCATTG-1,151674,Br8100,L5,27,45,5749,5830
151674_ATGCATGATCCAGGAT-1,151674,Br8100,L5,25,65,5520,7208
151674_ATGCCATTTGCGACCA-1,151674,Br8100,L5,43,91,7689,8982
151674_ATGCGACAATTGGTCC-1,151674,Br8100,L1,13,109,4105,10248
151674_ATGCGAGTCCCACCAC-1,151674,Br8100,L3,48,104,8295,9872
151674_ATGGCTGGAAATGGCC-1,151674,Br8100,L3,9,93,3618,9150
151674_ATGGGACCTGCTGAAC-1,151674,Br8100,WM,61,31,9814,4835
151674_ATGGGTGTATACCTCC-1,151674,Br8100,WM,64,24,10170,4351
151674_ATGGTCGCGTGGTTTC-1,151674,Br8100,L5,45,85,7926,8567
151674_ATGGTGCTCAAAGCCA-1,151674,Br8100,L1,1,57,2641,6679
151674_ATGTGAAAGCCTAATG-1,151674,Br8100,L6,46,22,8013,4229
151674_ATGTTACGAGCAATAC-1,151674,Br8100,L2,15,29,4303,4739
151674_ATGTTGTAGTCTGTTT-1,151674,Br8100,WM,65,47,10302,5933
151674_ATTAATTCGGTCACTC-1,151674,Br8100,L3,14,66,4203,7287
151674_ATTACATGTCAGTCTT-1,151674,Br8100,L3,50,108,8536,10146
151674_ATTACTTACTGGGCAT-1,151674,Br8100,L3,22,100,5178,9620
151674_ATTAGATTCCTCAGCA-1,151674,Br8100,L3,25,105,5540,9962
151674_ATTATGAGACCCAATT-1,151674,Br8100,WM,66,12,10403,3523
151674_ATTATGCCATAGGGAG-1,151674,Br8100,L5,21,53,5034,6386
151674_ATTCAGGACCTATTTC-1,151674,Br8100,L3,20,98,4938,9484
151674_ATTCAGGATCGCCTCT-1,151674,Br8100,L1,1,87,2656,8744
151674_ATTCAGTAGCAGGGTC-1,151674,Br8100,L3,27,25,5739,4453
151674_ATTGATAGCAACGAGA-1,151674,Br8100,L1,12,22,3940,4260
151674_ATTGATGAGTCCTAAC-1,151674,Br8100,L3,33,99,6495,9542
151674_ATTGCCTATTAGACCG-1,151674,Br8100,WM,67,25,10530,4417
151674_ATTGCGATCAGTAACT-1,151674,Br8100,L3,51,99,8652,9525
151674_ATTGGATTACAGCGTA-1,151674,Br8100,L3,54,102,9012,9729
151674_ATTGTACAACTCGGCT-1,151674,Br8100,L3,35,103,6737,9815
151674_ATTTACTAAGTCCATT-1,151674,Br8100,L3,31,111,6262,10369
151674_ATTTCCGGGTTCTGCG-1,151674,Br8100,WM,55,35,9098,5116
151674_ATTTGCGCGAGTAGCT-1,151674,Br8100,WM,53,31,8856,4843
151674_CAAACCCTCCGGCGGG-1,151674,Br8100,L5,70,70,10912,7512
151674_CAAACGTGGTCTTGCG-1,151674,Br8100,L2,4,78,3011,8122
151674_CAAACTATTGAGCTTC-1,151674,Br8100,L3,11,75,3848,7909
151674_CAAATCTCTCACAAGG-1,151674,Br8100,L6,44,24,7774,4369
151674_CAACAGAATAACGCTA-1,151674,Br8100,L1,1,93,2659,9157
151674_CAACCGCACCTAGACA-1,151674,Br8100,L1,11,5,3812,3090
151674_CAACGTGGTGGAGTCT-1,151674,Br8100,L2,55,113,9138,10486
151674_CAACTATATCGAATGC-1,151674,Br8100,L3,15,79,4329,8181
151674_CAACTTGTAGTGGGCA-1,151674,Br8100,L1,9,41,3591,5570
151674_CAAGCACCAAATGCCT-1,151674,Br8100,L4,18,66,4682,7283
151674_CAAGGCCAGTGGTGCA-1,151674,Br8100,L3,66,100,10449,9581
151674_CAAGTAAGTGATAGAC-1,151674,Br8100,L6,69,53,10784,6343
151674_CAAGTGAACTTTGGTT-1,151674,Br8100,L1,6,54,3238,6468
151674_CAATAAACCTTGGCCC-1,151674,Br8100,L5,26,74,5644,7827
151674_CAATACGCTCTGAGGC-1,151674,Br8100,L5,40,10,7288,3409
151674_CAATATTCTTGACCTA-1,151674,Br8100,WM,54,40,8980,5461
151674_CAATCCCTATACCAGC-1,151674,Br8100,L3,12,88,3974,8803
151674_CAATTTGACCGGGAAG-1,151674,Br8100,L1,7,13,3337,3645
151674_CACAAGCTAAGAAAGG-1,151674,Br8100,WM,67,15,10525,3729
151674_CACAATGAGCTGCTAT-1,151674,Br8100,L6,42,50,7548,6160
151674_CACACAGCTTGCGCTC-1,151674,Br8100,L2,47,115,8181,10630
151674_CACACAGGGATAGATT-1,151674,Br8100,L3,25,27,5500,4592
151674_CACACGCGCTGTCTTA-1,151674,Br8100,L5,33,89,6490,8853
151674_CACAGCACCCACGGCA-1,151674,Br8100,L6,31,59,6235,6790
151674_CACAGCTAGGGAGTGA-1,151674,Br8100,L5,20,60,4918,6868
151674_CACATGTTTGGACATG-1,151674,Br8100,L1,10,18,3699,3986
151674_CACCAGTCAGCATGCA-1,151674,Br8100,WM,60,22,9690,4217
151674_CACCATCGGAGGAGAC-1,151674,Br8100,L3,11,61,3841,6945
151674_CACCCAAATCTTATGT-1,151674,Br8100,L3,35,105,6738,9953
151674_CACCCACACGTCACCC-1,151674,Br8100,L3,17,43,4550,5701
151674_CACCCTTGGTGAGACC-1,151674,Br8100,WM,50,16,8489,3813
151674_CACCGATACACCGAGC-1,151674,Br8100,L3,10,84,3733,8530
151674_CACCGGTAGAGACATT-1,151674,Br8100,WM,66,16,10405,3798
151674_CACCGTATCCCATCCG-1,151674,Br8100,L3,52,104,8774,9869
151674_CACCTCGATGGTGGAC-1,151674,Br8100,L4,18,70,4684,7559
151674_CACGCACAGCGCAGCT-1,151674,Br8100,L5,24,72,5404,7691
151674_CACGCGGAACTGTTGC-1,151674,Br8100,L3,42,98,7573,9465
151674_CACGTTCGTGCTCTAG-1,151674,Br8100,L5,37,81,6965,8299
151674_CACTAAAGTTGCCTAT-1,151674,Br8100,L6,35,51,6710,6235
151674_CACTCAGCTCTTGAGG-1,151674,Br8100,L3,11,71,3846,7634
151674_CACTCTCAAGCATCGA-1,151674,Br8100,WM,69,47,10781,5930
151674_CACTTAATCAGACGGA-1,151674,Br8100,L6,34,48,6589,6030
151674_CAGAGACGGTCACCCA-1,151674,Br8100,L6,51,57,8630,6634
151674_CAGAGCATGAGCTTGC-1,151674,Br8100,L5,26,70,5642,7551
151674_CAGATAATGGGCGGGT-1,151674,Br8100,L3,66,102,10450,9718
151674_CAGCAGTCTGTGCTGC-1,151674,Br8100,L5,62,74,9956,7795
151674_CAGCTCACTGAGACAT-1,151674,Br8100,L6,33,59,6475,6788
151674_CAGGCAGTCTTACCAG-1,151674,Br8100,L4,65,85,10321,8549
151674_CAGTAGCGAGGTAGTA-1,151674,Br8100,L1,4,30,2986,4818
151674_CAGTTCGAGGACCCGA-1,151674,Br8100,L6,69,49,10782,6067
151674_CATACCCGTACCCAGT-1,151674,Br8100,L5,37,31,6940,4857
151674_CATACGGCGTCTGGGC-1,151674,Br8100,L6,39,63,7196,7058
151674_CATAGCCGCCCGGGAT-1,151674,Br8100,L3,26,22,5617,4247
151674_CATAGTACATTGAGAG-1,151674,Br8100,L3,15,77,4328,8043
151674_CATAGTCCACAAGAAC-1,151674,Br8100,L6,45,31,7898,4850
151674_CATATACTACTGATAA-1,151674,Br8100,L3,18,102,4700,9762
151674_CATATGTCAGGCTACG-1,151674,Br8100,WM,48,24,8254,4365
151674_CATATTATTTGCCCTA-1,151674,Br8100,L3,9,79,3610,8186
151674_CATCCAATATAGTTTG-1,151674,Br8100,WM,66,18,10406,3936
151674_CATGCGACCAGTTTAA-1,151674,Br8100,L3,26,98,5657,9479
151674_CATGCGTTAGACAGAA-1,151674,Br8100,L3,15,63,4321,7079
151674_CATGGTAAGTAGCGTT-1,151674,Br8100,L6,45,73,7919,7741
151674_CATGGTATTAGTTTGT-1,151674,Br8100,WM,59,7,9562,3185
151674_CATGTCTCATTTATGG-1,151674,Br8100,L5,49,85,8405,8563
151674_CATTATCCCATTAACG-1,151674,Br8100,WM,67,31,10533,4830
151674_CATTCACTGACAGCTA-1,151674,Br8100,L2,5,67,3125,7364
151674_CATTCCCTAAGTACAA-1,151674,Br8100,L1,12,18,3938,3984
151674_CCAAAGCAGTTGGTTG-1,151674,Br8100,L1,10,10,3695,3435
151674_CCAACCTTATGTAACT-1,151674,Br8100,WM,67,41,10538,5518
151674_CCAAGGAACAGAGAGG-1,151674,Br8100,L3,14,48,4193,6048
151674_CCAATGTCACAGCAAG-1,151674,Br8100,L6,37,49,6949,6096
151674_CCACAATGTACGTCTT-1,151674,Br8100,L5,29,85,6009,8581
151674_CCACAGTACCCATCCT-1,151674,Br8100,L4,48,92,8289,9046
151674_CCACATACTGCACCCA-1,151674,Br8100,L2,52,118,8781,10832
151674_CCACGAGAAGAGAATC-1,151674,Br8100,L3,17,75,4567,7904
151674_CCACGGAGCCATAAGA-1,151674,Br8100,WM,47,27,8135,4573
151674_CCACGGTGCCCGGTAG-1,151674,Br8100,L3,35,107,6739,10090
151674_CCACTGGTGGCTGGTT-1,151674,Br8100,L5,39,21,7174,4167
151674_CCAGCTGATGGTACTT-1,151674,Br8100,L5,37,21,6934,4168
151674_CCATCGCAGTTAAACT-1,151674,Br8100,L6,50,62,8513,6979
151674_CCATCTCACCAGTGAA-1,151674,Br8100,L3,38,98,7094,9468
151674_CCATCTTGTTCACAAT-1,151674,Br8100,L1,7,41,3351,5572
151674_CCATGGCAAACGCTCA-1,151674,Br8100,WM,74,40,11376,5443
151674_CCATGTTCATCTATAT-1,151674,Br8100,WM,68,28,10651,4623
151674_CCATTAGCGATAATCC-1,151674,Br8100,L5,32,42,6346,5619
151674_CCATTCCCTGCCCACA-1,151674,Br8100,L5,33,39,6465,5411
151674_CCATTTCTACCTATTA-1,151674,Br8100,L6,55,71,9116,7594
151674_CCCAGAGGAGGGCGTA-1,151674,Br8100,L3,21,105,5061,9965
151674_CCCGACCATAGTCCGC-1,151674,Br8100,L5,20,74,4925,7832
151674_CCCGCCATGCTCCCGT-1,151674,Br8100,L3,19,41,4789,5561
151674_CCCGGTGGAAGAACCT-1,151674,Br8100,L3,25,21,5497,4179
151674_CCCGGTGTATCGGAAT-1,151674,Br8100,WM,53,17,8849,3879
151674_CCCTATGTAGAGCAGA-1,151674,Br8100,WM,60,24,9691,4354
151674_CCCTGACTAACAAATT-1,151674,Br8100,L5,38,12,7050,3548
151674_CCCTTTAATGGAGTTC-1,151674,Br8100,L2,63,109,10094,10203
151674_CCGAACACTGGGCCTC-1,151674,Br8100,L6,44,18,7771,3956
151674_CCGACAAAGGGAGTGC-1,151674,Br8100,L5,33,21,6455,4172
151674_CCGACAATAGGCCGCC-1,151674,Br8100,L2,57,111,9376,10346
151674_CCGACTCGCATAGTCT-1,151674,Br8100,L2,4,76,3010,7984
151674_CCGATTGGTCAATGAA-1,151674,Br8100,L1,2,98,2782,9501
151674_CCGCATGTGGTACGAT-1,151674,Br8100,L6,56,66,9233,7249
151674_CCGCCGGAACTTCTCG-1,151674,Br8100,WM,54,12,8966,3534
151674_CCGCCTGCGAATTGGT-1,151674,Br8100,L3,15,97,4338,9420
151674_CCGCGGAATGCGTCAC-1,151674,Br8100,WM,51,45,8624,5808
151674_CCGCTATCAGCACCAG-1,151674,Br8100,L6,45,63,7914,7053
151674_CCGCTCTTCCGAACTA-1,151674,Br8100,L3,63,99,10089,9515
151674_CCGCTTGCTGACATGG-1,151674,Br8100,L2,27,113,5784,10511
151674_CCGGAATGGTTTCAGT-1,151674,Br8100,L3,24,32,5383,4937
151674_CCGGCACGACCGTTTC-1,151674,Br8100,L3,35,111,6741,10366
151674_CCGGGCTGCTCCATAC-1,151674,Br8100,L5,36,86,6848,8644
151674_CCGGTTTGTAATTGTG-1,151674,Br8100,WM,56,42,9221,5597
151674_CCGTAGGGTTGTTTAC-1,151674,Br8100,L3,60,104,9732,9862
151674_CCGTATTAGCGCAGTT-1,151674,Br8100,L1,17,111,4585,10382
151674_CCGTGGAACGATCCAA-1,151674,Br8100,L3,24,106,5421,10032
151674_CCGTTACGTTAGAACA-1,151674,Br8100,L3,20,88,4933,8796
151674_CCGTTCCGAATCTCGG-1,151674,Br8100,L5,40,22,7294,4235
151674_CCTAACCCAAACAAGT-1,151674,Br8100,L4,49,89,8407,8839
151674_CCTATACCGTCCTGTC-1,151674,Br8100,WM,55,45,9103,5804
151674_CCTATATCGTGTCACG-1,151674,Br8100,WM,60,10,9684,3391
151674_CCTATGAAGTGGTGCC-1,151674,Br8100,L3,37,111,6981,10364
151674_CCTCGACCCACTGCCT-1,151674,Br8100,L2,3,73,2889,7779
151674_CCTCGCCAGCAAATTA-1,151674,Br8100,L4,18,74,4686,7834
151674_CCTCGCGCGATATAGG-1,151674,Br8100,L3,21,95,5056,9277
151674_CCTCGGACCGGGATAG-1,151674,Br8100,L5,41,85,7447,8571
151674_CCTCTACAAGGATTGG-1,151674,Br8100,WM,67,27,10531,4555
151674_CCTCTATCGATTAGCA-1,151674,Br8100,WM,52,26,8734,4499
151674_CCTCTCTCCCATCTAG-1,151674,Br8100,L5,34,36,6583,5204
151674_CCTGACCACCGATGGT-1,151674,Br8100,L6,45,61,7913,6915
151674_CCTGACGCAACCTTTA-1,151674,Br8100,L2,3,87,2896,8742
151674_CCTGCGATAGAACTGT-1,151674,Br8100,L1,8,20,3460,4126
151674_CCTGCGTTCTACGCTT-1,151674,Br8100,L3,32,14,6332,3691
151674_CCTGGAAACGTTCTGC-1,151674,Br8100,L2,39,113,7221,10500
151674_CCTGGTCGAATGTGGG-1,151674,Br8100,L6,59,69,9594,7453
151674_CCTGTAAGACATGATA-1,151674,Br8100,L6,37,41,6945,5545
151674_CCTGTCACCCGGGCTC-1,151674,Br8100,L6,29,67,6000,7342
151674_CCTGTCGCCCGTAAAT-1,151674,Br8100,L6,36,62,6836,6992
151674_CCTGTGCGGATTGTAA-1,151674,Br8100,L1,3,99,2902,9568
151674_CCTTCCGCAACGCTGC-1,151674,Br8100,WM,71,15,11004,3725
151674_CCTTGACCACTTTATT-1,151674,Br8100,L3,55,109,9136,10210
151674_CGAACCCGCATGCGTC-1,151674,Br8100,WM,49,49,8386,6085
151674_CGAACGGCCGGACAAC-1,151674,Br8100,L6,47,15,8129,3746
151674_CGAATCTGCTCGACGC-1,151674,Br8100,WM,62,22,9929,4215
151674_CGAATTACATGGTGTT-1,151674,Br8100,L1,2,94,2780,9225
151674_CGACAATTTGATCTAA-1,151674,Br8100,L4,43,95,7691,9257
151674_CGACGCATCCGTACCT-1,151674,Br8100,L6,50,10,8486,3400
151674_CGAGAGGGTAGCCGCG-1,151674,Br8100,L3,56,104,9253,9865
151674_CGAGTTCTGTCCCACC-1,151674,Br8100,L5,27,85,5770,8583
151674_CGAGTTTATCGGACTG-1,151674,Br8100,L4,37,93,6972,9125
151674_CGATACCTCGCGGACA-1,151674,Br8100,L6,40,48,7308,6024
151674_CGATCCTCGCAACATA-1,151674,Br8100,WM,66,40,10418,5450
151674_CGATCTGTTGGAGGAC-1,151674,Br8100,L6,46,24,8014,4367
151674_CGCAAACACGAGTTAC-1,151674,Br8100,L5,27,37,5745,5279
151674_CGCAATTCTACAATAA-1,151674,Br8100,L3,26,28,5620,4660
151674_CGCATGCCGAATGCGT-1,151674,Br8100,L3,67,89,10563,8823
151674_CGCCAAGAAGCCGAGT-1,151674,Br8100,L5,39,17,7172,3891
151674_CGCCATCCGATTATGA-1,151674,Br8100,L5,24,80,5408,8242
151674_CGCCCAGCACGCCTAG-1,151674,Br8100,WM,59,51,9585,6214
151674_CGCCGTTCAGCATAGT-1,151674,Br8100,L3,58,104,9493,9863
151674_CGCCTGGCCTACGTAA-1,151674,Br8100,L6,41,27,7417,4578
151674_CGCGAGAGGGACTTGT-1,151674,Br8100,L2,16,108,4464,10176
151674_CGCGAGTCTGCCGGGT-1,151674,Br8100,WM,52,20,8731,4086
151674_CGCGCAAGGAACTACA-1,151674,Br8100,L1,5,29,3106,4748
151674_CGCGCCCGACTTAATA-1,151674,Br8100,L5,21,75,5046,7900
151674_CGCGGCAGTATTACGG-1,151674,Br8100,L1,12,16,3937,3847
151674_CGCGGCTCAACTTGAA-1,151674,Br8100,L3,43,97,7692,9395
151674_CGCGGTCACAAACCAA-1,151674,Br8100,L2,18,106,4702,10037
151674_CGCTAGAGACCGCTGC-1,151674,Br8100,L3,39,101,7215,9674
151674_CGCTGTGACGCCGCAC-1,151674,Br8100,L5,25,47,5510,5969
151674_CGCTTAGTATTGATAC-1,151674,Br8100,L6,66,52,10424,6276
151674_CGCTTCCACTGAAATC-1,151674,Br8100,L3,18,42,4669,5631
151674_CGCTTTCATACCGGTG-1,151674,Br8100,L3,14,50,4194,6185
151674_CGGAAAGAATCAAACG-1,151674,Br8100,WM,58,48,9464,6008
151674_CGGAGCTTATAACACC-1,151674,Br8100,L3,10,86,3734,8667
151674_CGGCAAACATCGTGCG-1,151674,Br8100,L6,52,66,8754,7253
151674_CGGCACCGTTAGCGCC-1,151674,Br8100,L3,11,89,3855,8873
151674_CGGCCACGCACAAAGT-1,151674,Br8100,L6,35,59,6714,6786
151674_CGGCCCAGGTATATCC-1,151674,Br8100,L3,43,105,7696,9946
151674_CGGCGCCATCAATCCC-1,151674,Br8100,L3,59,93,9607,9105
151674_CGGCTCTTCGTCGAAC-1,151674,Br8100,L3,8,86,3494,8669
151674_CGGCTGCAAGATTAAG-1,151674,Br8100,L2,4,68,3006,7434
151674_CGGGAACGCCCTGCAT-1,151674,Br8100,WM,71,9,11001,3312
151674_CGGGTGTACCCATTTA-1,151674,Br8100,L5,32,86,6369,8648
151674_CGGTACTAGAATCAAA-1,151674,Br8100,L5,43,83,7685,8431
151674_CGGTGCGCGTTGGTCC-1,151674,Br8100,WM,49,39,8381,5397
151674_CGGTGTACTTGATCCC-1,151674,Br8100,L3,17,31,4544,4875
151674_CGGTTGACCTGGCATA-1,151674,Br8100,L5,39,25,7176,4442
151674_CGTAAACGCTTGAGTG-1,151674,Br8100,L1,11,23,3821,4329
151674_CGTACCTGATAGGCCT-1,151674,Br8100,L5,22,68,5162,7417
151674_CGTAGAGAGTAATTAT-1,151674,Br8100,L3,67,87,10562,8685
151674_CGTAGCGCCGACGTTG-1,151674,Br8100,L1,7,53,3357,6398
151674_CGTCGCTTGGTTATAC-1,151674,Br8100,WM,63,25,10051,4421
151674_CGTCGGATAGTGTTGA-1,151674,Br8100,L4,34,96,6614,9334
151674_CGTCTGGAAGGGCCCG-1,151674,Br8100,L3,16,62,4440,7010
151674_CGTGGCCGAATATCTA-1,151674,Br8100,L3,47,101,8173,9667
151674_CGTGGTACCCAAAGGC-1,151674,Br8100,WM,66,42,10419,5588
151674_CGTGTCCCATTCGCGA-1,151674,Br8100,L5,28,40,5866,5485
151674_CGTGTCTCGTTACGAC-1,151674,Br8100,WM,60,34,9696,5043
151674_CGTTGAGCGACCGTCG-1,151674,Br8100,L6,44,74,7800,7811
151674_CGTTGTCGGCAATTGA-1,151674,Br8100,L6,64,66,10192,7242
151674_CGTTGTTTCAATTCCC-1,151674,Br8100,L5,34,40,6585,5479
151674_CTAACGAAACTTGCTG-1,151674,Br8100,L4,30,94,6134,9200
151674_CTAACTGGTCCGGTTC-1,151674,Br8100,WM,50,36,8499,5189
151674_CTAATTCGCACGCGCT-1,151674,Br8100,L4,28,34,5863,5071
151674_CTACAAGAAATAACCC-1,151674,Br8100,WM,58,40,9460,5458
151674_CTACACTAGCTTGTTC-1,151674,Br8100,L1,4,38,2990,5368
151674_CTACGAACTAGGTCGA-1,151674,Br8100,L2,5,73,3128,7777
151674_CTACGCACGGAGTACC-1,151674,Br8100,L6,35,57,6713,6648
151674_CTACGTGTTGCCACCA-1,151674,Br8100,L1,6,24,3223,4403
151674_CTACTATCATAGGTTT-1,151674,Br8100,WM,53,25,8853,4429
151674_CTAGCATAGTATAATG-1,151674,Br8100,L6,34,66,6598,7269
151674_CTAGGTCTGAAGGAAT-1,151674,Br8100,L3,36,104,6857,9883
151674_CTAGGTTCGGACGTGA-1,151674,Br8100,L6,58,70,9475,7523
151674_CTATAGGCGTTGATGT-1,151674,Br8100,WM,62,38,9938,5316
151674_CTATATCCAGCCTGGC-1,151674,Br8100,WM,69,31,10773,4828
151674_CTATCGGGTCTCAACA-1,151674,Br8100,L6,35,69,6720,7475
151674_CTATGCCCGAATGCAA-1,151674,Br8100,L6,63,59,10068,6761
151674_CTATGTCTATTGAAAC-1,151674,Br8100,L3,11,55,3838,6532
151674_CTATGTGAGTCACGGC-1,151674,Br8100,L6,45,17,7891,3886
151674_CTCAGGACTCACCTGT-1,151674,Br8100,L3,16,30,4424,4807
151674_CTCATTTGATGGGCGG-1,151674,Br8100,L5,22,62,5159,7004
151674_CTCCCAATGAGTCGCG-1,151674,Br8100,L2,51,115,8660,10627
151674_CTCCCTCCTTTCGATC-1,151674,Br8100,WM,51,23,8612,4294
151674_CTCCTTTACGCAAGTC-1,151674,Br8100,L2,23,109,5303,10239
151674_CTCGAATGGAACGTAT-1,151674,Br8100,L1,6,100,3262,9635
151674_CTCGAGATCCAAAGCA-1,151674,Br8100,L1,11,13,3816,3641
151674_CTCGGGCATCGTCGGG-1,151674,Br8100,L1,0,68,2527,7437
151674_CTCGTTACGGCTACCA-1,151674,Br8100,WM,70,40,10897,5447
151674_CTCGTTTCTAATGTTT-1,151674,Br8100,L3,22,104,5180,9896
151674_CTCTAGCCCTCGGAAA-1,151674,Br8100,L3,66,90,10444,8892
151674_CTCTCGATGTGCGCCT-1,151674,Br8100,L1,4,62,3003,7021
151674_CTCTGTGCCTGCTATG-1,151674,Br8100,L1,2,48,2756,6059
151674_CTCTGTTTGAGGATTC-1,151674,Br8100,L3,14,72,4206,7700
151674_CTCTTCTATTGACTGG-1,151674,Br8100,L3,46,100,8053,9599
151674_CTCTTCTGGAAGTTAG-1,151674,Br8100,WM,62,40,9939,5454
151674_CTGAATTTATTGCCAG-1,151674,Br8100,L3,22,106,5182,10033
151674_CTGAGAAAGTTCGGCG-1,151674,Br8100,L2,49,117,8421,10766
151674_CTGCAAGCACGTTCCG-1,151674,Br8100,L2,61,111,9856,10342
151674_CTGCACAACTACATAT-1,151674,Br8100,L5,50,76,8520,7943
151674_CTGCACTCCAGTACAG-1,151674,Br8100,L6,54,70,8996,7526
151674_CTGCCAAGGTTGGAAG-1,151674,Br8100,L5,21,77,5047,8038
151674_CTGCCTAGCCACCAAG-1,151674,Br8100,L3,8,80,3491,8256
151674_CTGCGGGTGAAATGTT-1,151674,Br8100,L4,31,23,6217,4312
151674_CTGCGGTAGTCACGTG-1,151674,Br8100,L3,10,92,3737,9080
151674_CTGCGTTACGATATAA-1,151674,Br8100,L3,16,90,4455,8937
151674_CTGGATTTACACTTGA-1,151674,Br8100,WM,49,55,8389,6498
151674_CTGGGATCGCCCAGAT-1,151674,Br8100,L1,1,63,2644,7092
151674_CTGGTAACACATAGAA-1,151674,Br8100,L5,42,88,7568,8776
151674_CTGGTAACGAGCTCTT-1,151674,Br8100,L3,29,97,6015,9407
151674_CTGGTTTCGAGCAAGA-1,151674,Br8100,L5,46,88,8047,8773
151674_CTGTTACCCAATCTAG-1,151674,Br8100,L6,48,58,8271,6706
151674_CTTAACTTCGAAGTAC-1,151674,Br8100,L3,11,63,3842,7083
151674_CTTAGGTATAGACCAG-1,151674,Br8100,WM,63,15,10046,3732
151674_CTTAGTAGGCCTACAG-1,151674,Br8100,L3,32,102,6377,9749
151674_CTTATGCGCTCAGGGC-1,151674,Br8100,L5,43,11,7648,3475
151674_CTTATGTTGACTACCA-1,151674,Br8100,L1,13,27,4063,4603
151674_CTTCAACTCCACTTGG-1,151674,Br8100,L5,59,77,9598,8004
151674_CTTCATAGCTCAAGAA-1,151674,Br8100,L3,19,37,4787,5286
151674_CTTCATTGTCAGTGGA-1,151674,Br8100,L6,36,60,6835,6854
151674_CTTCGATTGCGCAAGC-1,151674,Br8100,L3,68,88,10682,8753
151674_CTTCGTAGATAGGTGA-1,151674,Br8100,L6,39,45,7186,5819
151674_CTTCTATTAATGCTAG-1,151674,Br8100,WM,51,47,8625,5946
151674_CTTCTGGGCGTACCTA-1,151674,Br8100,WM,66,34,10415,5037
151674_CTTCTTACGTCGTATA-1,151674,Br8100,L3,14,60,4200,6874
151674_CTTGAGTTAGGGTAAT-1,151674,Br8100,L4,39,93,7211,9123
151674_CTTGTCAACATTCGAG-1,151674,Br8100,L6,50,66,8515,7255
151674_CTTGTGCTCACCGATT-1,151674,Br8100,L3,22,94,5175,9207
151674_CTTTGGCGCTTTATAC-1,151674,Br8100,L4,32,18,6334,3966
151674_CTTTGGGATTGTTGCA-1,151674,Br8100,WM,62,44,9941,5729
151674_CTTTGTCGAATGCTCC-1,151674,Br8100,WM,57,7,9323,3187
151674_GAAACAGATGACCACC-1,151674,Br8100,L5,40,92,7330,9053
151674_GAAACTCGTGCGATGC-1,151674,Br8100,L3,28,24,5858,4383
151674_GAAATGGCGGTGTTAG-1,151674,Br8100,L5,30,52,6112,6309
151674_GAACCTCGACCTACAC-1,151674,Br8100,L5,41,9,7407,3339
151674_GAACGCGGGTCACACG-1,151674,Br8100,L2,48,114,8300,10561
151674_GAACTGTGGAGAGACA-1,151674,Br8100,L6,68,66,10671,7238
151674_GAACTTAGCGCCCGGT-1,151674,Br8100,L1,5,101,3143,9704
151674_GAAGCAAGGCAATGTT-1,151674,Br8100,L1,1,43,2634,5715
151674_GAAGCCACTGATTATG-1,151674,Br8100,L5,65,69,10313,7448
151674_GAAGTCAGTTGCACTA-1,151674,Br8100,L6,52,58,8750,6702
151674_GAAGTGCTGGATAGCT-1,151674,Br8100,L3,15,61,4320,6942
151674_GAATAGACGCGACCCA-1,151674,Br8100,L4,42,92,7570,9052
151674_GAATCTATACTCGGAC-1,151674,Br8100,L1,2,76,2770,7986
151674_GAATGCGAATCGGTTC-1,151674,Br8100,L5,63,69,10073,7449
151674_GAATGTATGGCAGGTC-1,151674,Br8100,L3,15,91,4335,9007
151674_GACAAACATATGCAGG-1,151674,Br8100,L3,44,100,7814,9601
151674_GACAACGCAGCTTACG-1,151674,Br8100,L5,20,54,4915,6455
151674_GACACAAGGGAAGAAA-1,151674,Br8100,L6,30,72,6122,7686
151674_GACACCCAAAGACGCG-1,151674,Br8100,WM,75,37,11494,5236
151674_GACACGAGTTAGAGGA-1,151674,Br8100,L3,19,25,4780,4460
151674_GACACTGAGTTCAGTG-1,151674,Br8100,WM,44,46,7786,5883
151674_GACAGATTTCTGGCTC-1,151674,Br8100,L5,44,8,7766,3267
151674_GACAGCCAGACCTGAC-1,151674,Br8100,L5,42,86,7567,8639
151674_GACAGGCACACACTAT-1,151674,Br8100,L5,38,22,7055,4236
151674_GACATCGATTTATAAC-1,151674,Br8100,WM,52,50,8746,6151
151674_GACCCAATTATGATAC-1,151674,Br8100,WM,54,20,8970,4084
151674_GACCCGTCGCCGGCTA-1,151674,Br8100,L3,9,59,3600,6810
151674_GACCGTCAGGTCGTGA-1,151674,Br8100,L3,13,81,4091,8320
151674_GACCTTCCACGTCTAC-1,151674,Br8100,L5,66,74,10435,7791
151674_GACGAGGCTAATAAAC-1,151674,Br8100,L3,56,100,9251,9590
151674_GACGCCGTAAAGGCTA-1,151674,Br8100,WM,54,54,8988,6425
151674_GACGGACCGCGTTCCT-1,151674,Br8100,L1,4,58,3001,6745
151674_GACGGGTTGGCCCGTA-1,151674,Br8100,WM,61,51,9825,6212
151674_GACGGTCAATAGAAGC-1,151674,Br8100,L3,30,100,6137,9613
151674_GACGTGTAGGGATTAT-1,151674,Br8100,L4,28,32,5862,4934
151674_GACTCCTTCCAATTGA-1,151674,Br8100,WM,56,10,9205,3394
151674_GACTGATTGGTCACAA-1,151674,Br8100,L1,9,101,3622,9701
151674_GACTGCAAATCGAGCT-1,151674,Br8100,L5,59,75,9597,7866
151674_GACTGCACCAGCCCAG-1,151674,Br8100,L5,46,80,8043,8222
151674_GACTGCTGGTGAGAAA-1,151674,Br8100,WM,67,39,10537,5381
151674_GAGAGGTGCATTCTGG-1,151674,Br8100,L6,44,28,7776,4644
151674_GAGATCTGCTTGGCAT-1,151674,Br8100,L6,34,44,6587,5754
151674_GAGATCTTCCATGACA-1,151674,Br8100,L5,45,77,7922,8016
151674_GAGCGCAAATACTCCG-1,151674,Br8100,L3,51,107,8656,10076
151674_GAGGAATGGAGAGGTT-1,151674,Br8100,L4,27,31,5742,4866
151674_GAGGAGTAATTCCTAC-1,151674,Br8100,L1,2,50,2757,6196
151674_GAGGCCTGTTGATACA-1,151674,Br8100,L3,63,107,10093,10065
151674_GAGGGCGCAGCTCTGC-1,151674,Br8100,L4,27,89,5772,8859
151674_GAGGGTAGTAACAAAG-1,151674,Br8100,WM,63,31,10054,4834
151674_GAGGTACATCCATCTT-1,151674,Br8100,L3,12,68,3964,7426
151674_GAGGTCTTAGTGGGTC-1,151674,Br8100,L1,3,95,2900,9293
151674_GAGTACGGGTATACAA-1,151674,Br8100,L3,15,43,4311,5703
151674_GAGTATACCCTAATCA-1,151674,Br8100,WM,70,30,10892,4758
151674_GAGTTGATGGCAATTT-1,151674,Br8100,WM,51,19,8610,4018
151674_GAGTTGTCACCAGTCT-1,151674,Br8100,WM,68,8,10641,3246
151674_GATATCTCATGCAATA-1,151674,Br8100,L3,12,58,3959,6738
151674_GATATGCGGTAGCCAA-1,151674,Br8100,L3,19,91,4814,9003
151674_GATATTGAGATTGGCG-1,151674,Br8100,L3,34,100,6616,9609
151674_GATATTTCCTACATGG-1,151674,Br8100,L3,17,89,4574,8868
151674_GATCAACATAAAGGGA-1,151674,Br8100,WM,62,36,9937,5179
151674_GATCATTCCAAACATT-1,151674,Br8100,L6,30,56,6114,6584
151674_GATCCCTTTATACTGC-1,151674,Br8100,L6,28,60,5876,6861
151674_GATCGGCGATAAGTCG-1,151674,Br8100,L3,20,14,4894,3702
151674_GATCTTGGAGGGCATA-1,151674,Br8100,L6,44,70,7798,7535
151674_GATCTTTGCAGGGTAT-1,151674,Br8100,L6,36,38,6823,5340
151674_GATGACAAGTAGGGCA-1,151674,Br8100,WM,57,33,9336,4977
151674_GATGACGATGATCGCG-1,151674,Br8100,L1,19,113,4826,10518
151674_GATGCTACAAGCGCCT-1,151674,Br8100,L3,17,51,4554,6252
151674_GATGGTGCCCTAGGCA-1,151674,Br8100,L3,10,78,3730,8117
151674_GATTCCGCGTTTCCGT-1,151674,Br8100,L3,16,76,4447,7973
151674_GCAAACCCTACATTAT-1,151674,Br8100,L5,48,82,8283,8358
151674_GCAAACGTCGCCAGGT-1,151674,Br8100,L2,47,117,8182,10768
151674_GCAAATATTACGCTTT-1,151674,Br8100,L6,35,41,6705,5547
151674_GCAACGGCTAGTTATG-1,151674,Br8100,L2,43,113,7701,10496
151674_GCAAGAATTCCTTGGC-1,151674,Br8100,L6,44,36,7781,5195
151674_GCAAGATGTGTTCGCG-1,151674,Br8100,L1,11,105,3863,9974
151674_GCACAAACCCTAGATG-1,151674,Br8100,WM,65,21,10288,4143
151674_GCACAAACGAGGCGTG-1,151674,Br8100,L2,46,114,8060,10562
151674_GCACAAGTGTCGGAAG-1,151674,Br8100,L3,10,64,3722,7153
151674_GCACACGCCCATGGTC-1,151674,Br8100,L4,34,10,6569,3414
151674_GCACGCCTACTTAGAT-1,151674,Br8100,WM,55,39,9100,5391
151674_GCAGACCCAGCACGTA-1,151674,Br8100,L3,39,103,7216,9812
151674_GCATGAGGGACGCGGC-1,151674,Br8100,L5,30,90,6131,8925
151674_GCATGCTAATAACGAT-1,151674,Br8100,L3,67,95,10566,9236
151674_GCCAATAGGGCATCTC-1,151674,Br8100,L3,25,103,5539,9824
151674_GCCATCGAGCTGCGTG-1,151674,Br8100,WM,53,47,8864,5944
151674_GCCATTAGCCTCAAAC-1,151674,Br8100,WM,55,13,9086,3602
151674_GCCCGATCTGTGGTCG-1,151674,Br8100,L6,53,63,8873,7045
151674_GCCCGATGCCCAGTTC-1,151674,Br8100,WM,73,19,11245,3998
151674_GCCCGCGCGTTTGACA-1,151674,Br8100,L3,20,40,4908,5492
151674_GCCGAAATTCCTACGT-1,151674,Br8100,L6,35,45,6707,5822
151674_GCCGCATTAGTCCGGC-1,151674,Br8100,L5,35,17,6693,3895
151674_GCCGGGTTAGGGTCGC-1,151674,Br8100,L6,41,59,7433,6781
151674_GCCGTCGGTTTCGGGC-1,151674,Br8100,WM,71,41,11017,5515
151674_GCCGTGGAAGAAATGT-1,151674,Br8100,L2,39,115,7222,10638
151674_GCCTACGTTCTGTGCA-1,151674,Br8100,L4,68,82,10679,8340
151674_GCCTATAGTGTCAGGG-1,151674,Br8100,L4,29,91,6012,8994
151674_GCCTATTTGCTACACA-1,151674,Br8100,L2,8,50,3476,6191
151674_GCCTCATCTGGAAATA-1,151674,Br8100,L4,41,95,7452,9259
151674_GCCTCTATACATAGCA-1,151674,Br8100,L5,55,75,9118,7870
151674_GCGAGAAACGGGAGTT-1,151674,Br8100,L1,13,13,4056,3639
151674_GCGAGCGCATGCTCCC-1,151674,Br8100,L3,37,109,6980,10226
151674_GCGATTCTGGAAGCAG-1,151674,Br8100,L3,10,74,3728,7841
151674_GCGCAAATATATTCAA-1,151674,Br8100,WM,58,28,9453,4632
151674_GCGCGATGGGTCAAGT-1,151674,Br8100,L1,2,44,2754,5783
151674_GCGCGGTCTAGTAACT-1,151674,Br8100,L6,68,60,10668,6825
151674_GCGCTAAGTATGCATG-1,151674,Br8100,L2,2,86,2776,8674
151674_GCGCTGCTTTGCATTT-1,151674,Br8100,L4,28,94,5894,9202
151674_GCGCTTAAATAATTGG-1,151674,Br8100,L4,57,89,9365,8832
151674_GCGGACCGCGTTGTGG-1,151674,Br8100,WM,51,43,8623,5670
151674_GCGGAGAGGGAGAACG-1,151674,Br8100,L5,46,78,8042,8084
151674_GCGGCAAAGTATTGCC-1,151674,Br8100,WM,59,27,9573,4562
151674_GCGTCCCTAAGACATA-1,151674,Br8100,WM,64,42,10179,5590
151674_GCGTCGAAATGTCGGT-1,151674,Br8100,L4,17,65,4561,7215
151674_GCGTGTATGTCGTATT-1,151674,Br8100,L1,3,61,2882,6953
151674_GCGTTATATTTGGAAC-1,151674,Br8100,L3,31,13,6212,3623
151674_GCTAAGTAGTTTCTCT-1,151674,Br8100,L5,34,80,6605,8233
151674_GCTATCGCGGCGCAAC-1,151674,Br8100,L3,20,24,4900,4390
151674_GCTCATTACTGCATGT-1,151674,Br8100,L3,13,93,4097,9146
151674_GCTCGCGGTTCCGCTC-1,151674,Br8100,L3,25,13,5493,3629
151674_GCTCTTTCCGCTAGTG-1,151674,Br8100,L6,64,54,10185,6416
151674_GCTGAGGCGTGAGTAT-1,151674,Br8100,L6,40,64,7316,7126
151674_GCTGCTCTCCGGACAC-1,151674,Br8100,L6,31,63,6237,7065
151674_GCTGGCATATTCACCT-1,151674,Br8100,L5,31,31,6221,4862
151674_GCTGTCTGTGATCGAC-1,151674,Br8100,L1,1,91,2658,9020
151674_GCTGTTGCTACCGAAC-1,151674,Br8100,L4,39,95,7212,9261
151674_GGACCAACAGGATAAC-1,151674,Br8100,L6,51,67,8635,7323
151674_GGACCTCTAGGCCGCC-1,151674,Br8100,WM,58,30,9454,4769
151674_GGAGACCATCTACATA-1,151674,Br8100,L6,50,8,8485,3262
151674_GGAGCAACATTTCAAG-1,151674,Br8100,L3,57,103,9372,9795
151674_GGAGGATTGAAAGGAG-1,151674,Br8100,L3,7,73,3368,7775
151674_GGATACTCATGAATTG-1,151674,Br8100,L1,9,45,3593,5846
151674_GGATCATCCCGTACGC-1,151674,Br8100,L3,17,101,4580,9694
151674_GGATCTTACTGCCCTT-1,151674,Br8100,WM,65,35,10295,5107
151674_GGATTCAGTACGGTGG-1,151674,Br8100,L3,19,33,4785,5011
151674_GGATTTCACTTCTATA-1,151674,Br8100,L5,31,83,6248,8442
151674_GGCAAGCCCATAGTGG-1,151674,Br8100,L6,67,61,10548,6895
151674_GGCAAGGCGAAATAGC-1,151674,Br8100,L6,45,69,7917,7466
151674_GGCAATAGTCAATGAG-1,151674,Br8100,L6,30,70,6121,7548
151674_GGCAGCAAACCTATGC-1,151674,Br8100,L3,51,103,8654,9801
151674_GGCCTGCTCTGATGTT-1,151674,Br8100,L6,72,64,11149,7097
151674_GGCCTGCTTCTCCCGA-1,151674,Br8100,L2,59,113,9617,10482
151674_GGCGCGTTCGAGTTTA-1,151674,Br8100,L6,47,59,8152,6775
151674_GGCGGAGTAATATTAG-1,151674,Br8100,L5,32,46,6348,5894
151674_GGCGTAGGGAAAGCTG-1,151674,Br8100,L4,64,82,10200,8343
151674_GGCGTCCTATCCGCTG-1,151674,Br8100,L5,31,33,6222,5000
151674_GGCTATTAAGTTGTAT-1,151674,Br8100,L5,33,41,6466,5549
151674_GGCTCGCGTTGAGGTA-1,151674,Br8100,L4,31,93,6253,9130
151674_GGCTGAAATAGCAAAG-1,151674,Br8100,L5,49,79,8402,8150
151674_GGCTGAGCATCGTAAG-1,151674,Br8100,L2,9,99,3621,9563
151674_GGCTGGCTAGCTTAAA-1,151674,Br8100,L1,11,29,3824,4743
151674_GGGAATGAGCCCTCAC-1,151674,Br8100,L2,19,107,4823,10105
151674_GGGACAGAGTTACTCC-1,151674,Br8100,WM,57,19,9329,4013
151674_GGGAGCGACCGTAGTG-1,151674,Br8100,L3,68,86,10681,8615
151674_GGGCAGAGCAATCGTT-1,151674,Br8100,L6,58,60,9470,6834
151674_GGGCTGGTTAGTCGCG-1,151674,Br8100,L6,31,51,6231,6239
151674_GGGTATGTATGCACTT-1,151674,Br8100,L4,28,28,5860,4658
151674_GGGTCACCGTGACGGT-1,151674,Br8100,L6,35,47,6708,5960
151674_GGGTCAGGAGCTAGAT-1,151674,Br8100,L6,65,55,10306,6484
151674_GGGTGGTCCAGCCTGT-1,151674,Br8100,L3,7,69,3366,7500
151674_GGGTTAACATTTGAGT-1,151674,Br8100,WM,54,50,8986,6150
151674_GGTACAAACATGCTAT-1,151674,Br8100,L6,40,54,7311,6437
151674_GGTACATCTGGGACGA-1,151674,Br8100,L5,38,18,7053,3961
151674_GGTCAGTGGGTCCCAC-1,151674,Br8100,L6,48,62,8273,6981
151674_GGTCGGATAAACGGCG-1,151674,Br8100,L3,23,97,5297,9413
151674_GGTCGGCCAGGAGCTT-1,151674,Br8100,L5,32,84,6368,8510
151674_GGTCGTAAGCTCGCAC-1,151674,Br8100,WM,49,19,8371,4020
151674_GGTCTGAGAATCTGGA-1,151674,Br8100,L5,30,80,6126,8236
151674_GGTCTTGAGCGCTCTT-1,151674,Br8100,L6,65,65,10311,7172
151674_GGTGAGATGCAGATAA-1,151674,Br8100,L3,16,36,4427,5220
151674_GGTGCAGAGCCTATCG-1,151674,Br8100,L1,12,104,3983,9905
151674_GGTGCTGGTACACATT-1,151674,Br8100,L6,42,46,7546,5885
151674_GGTGTAAATCGATTGT-1,151674,Br8100,L6,69,65,10790,7169
151674_GGTTGTATCGTGAAAT-1,151674,Br8100,L1,1,51,2638,6266
151674_GGTTTAATTACCATCG-1,151674,Br8100,WM,63,39,10058,5384
151674_GGTTTCAATCGGTCAG-1,151674,Br8100,L5,33,91,6491,8991
151674_GGTTTGTGACCTGAGG-1,151674,Br8100,L3,61,105,9852,9929
151674_GTAACTTGCGGCAGTC-1,151674,Br8100,L1,10,40,3710,5501
151674_GTAAGGATTTGTCGGA-1,151674,Br8100,L3,10,68,3725,7428
151674_GTACAGAGGCAAGGGT-1,151674,Br8100,L5,37,83,6966,8437
151674_GTACGCTTCATTGCAC-1,151674,Br8100,L6,46,72,8039,7671
151674_GTACTAAGATTTGGAG-1,151674,Br8100,L5,27,55,5754,6518
151674_GTACTGGAGTTAGACC-1,151674,Br8100,L5,33,81,6486,8302
151674_GTAGCGCTGTTGTAGT-1,151674,Br8100,L1,6,50,3236,6193
151674_GTAGCTCCGGGAGGCT-1,151674,Br8100,WM,65,37,10296,5245
151674_GTAGCTTCCTCTTGTT-1,151674,Br8100,L5,31,89,6251,8855
151674_GTAGTTCGAAGGCGAA-1,151674,Br8100,WM,65,39,10298,5382
151674_GTATATGTTACGGCGG-1,151674,Br8100,L1,6,20,3221,4127
151674_GTATCAAACGTTAGCT-1,151674,Br8100,L3,55,97,9130,9384
151674_GTATCAGCTTGGGTTC-1,151674,Br8100,L3,20,34,4905,5079
151674_GTATCCTTTGGTAACC-1,151674,Br8100,L3,64,92,10205,9032
151674_GTATCTCGGGCGCTTT-1,151674,Br8100,WM,71,19,11006,4000
151674_GTATCTTGTTGCTCAC-1,151674,Br8100,L1,0,54,2520,6473
151674_GTATGTGGGTCTAGTT-1,151674,Br8100,L5,38,92,7091,9055
151674_GTATTAAGGCGTCTAA-1,151674,Br8100,L3,20,26,4901,4528
151674_GTCAAAGTTTACATAG-1,151674,Br8100,L1,13,29,4064,4741
151674_GTCACTCTCCAAATCT-1,151674,Br8100,L3,23,31,5263,4869
151674_GTCAGAATAGTCTATG-1,151674,Br8100,L5,30,32,6102,4932
151674_GTCATTGCATTGACCC-1,151674,Br8100,L3,31,17,6214,3899
151674_GTCCAGGCACGTGTGC-1,151674,Br8100,WM,70,44,10899,5722
151674_GTCCGGACCTGAAATT-1,151674,Br8100,L4,54,88,9005,8765
151674_GTCCGGGTTCACATTA-1,151674,Br8100,L5,69,71,10793,7582
151674_GTCCTACGAATAGTCT-1,151674,Br8100,L4,53,91,8887,8973
151674_GTCCTTCTAGTGGGTT-1,151674,Br8100,L3,10,82,3732,8392
151674_GTCGGATATCTCAGAC-1,151674,Br8100,L5,32,36,6343,5206
151674_GTCGTATTGGCGTACA-1,151674,Br8100,L3,19,95,4816,9279
151674_GTCGTCAATTATAAGG-1,151674,Br8100,L2,11,45,3832,5844
151674_GTCTAGTGAGCCGCTT-1,151674,Br8100,L3,66,92,10445,9030
151674_GTCTATCTGAGTTTCT-1,151674,Br8100,L6,40,42,7305,5611
151674_GTCTATTGCATGCTCG-1,151674,Br8100,L3,65,105,10332,9926
151674_GTCTATTGGTTCCGGT-1,151674,Br8100,L4,50,90,8527,8907
151674_GTCTCGCCAACACGCC-1,151674,Br8100,L1,0,72,2529,7712
151674_GTGAACTCCCATTCGA-1,151674,Br8100,L3,30,104,6139,9888
151674_GTGAAGCCGTATAGTC-1,151674,Br8100,L3,21,107,5062,10103
151674_GTGACCGCACACTACG-1,151674,Br8100,L5,39,91,7210,8985
151674_GTGACGAGGGTGACCC-1,151674,Br8100,L2,32,114,6383,10575
151674_GTGACGCAGGTTTCAT-1,151674,Br8100,L5,65,75,10316,7861
151674_GTGATCAAGCGTGCAC-1,151674,Br8100,WM,65,27,10291,4556
151674_GTGATGCACAACATCT-1,151674,Br8100,L3,12,96,3979,9354
151674_GTGATTCGCCGCTCAA-1,151674,Br8100,WM,48,40,8262,5467
151674_GTGCACCAGCTTCAAC-1,151674,Br8100,L6,66,54,10425,6414
151674_GTGCGGGTCTCCAAAT-1,151674,Br8100,L5,20,56,4916,6593
151674_GTGCTCAAGTACTGTC-1,151674,Br8100,L6,34,52,6591,6305
151674_GTGGACGCATTTGTCC-1,151674,Br8100,L6,56,64,9232,7112
151674_GTGGACGTGCTGAGAC-1,151674,Br8100,L3,17,39,4548,5426
151674_GTGGAGCGTTTACCGA-1,151674,Br8100,WM,58,16,9447,3805
151674_GTGGCCGGTTTCTCGG-1,151674,Br8100,WM,68,10,10642,3383
151674_GTGTGAATAACTTAGG-1,151674,Br8100,L5,33,83,6487,8440
151674_GTGTGAGCCGAGGTGC-1,151674,Br8100,L1,1,33,2628,5027
151674_GTTAAAGTAGGACTGG-1,151674,Br8100,L5,49,83,8404,8426
151674_GTTAACATCACTTAAA-1,151674,Br8100,L6,55,73,9117,7732
151674_GTTAGAGTGTGCCGCT-1,151674,Br8100,L3,7,75,3369,7913
151674_GTTAGCCGTAAATCAA-1,151674,Br8100,L3,30,110,6142,10301
151674_GTTAGGCTACCCGTTT-1,151674,Br8100,WM,54,14,8967,3671
151674_GTTATAATACGGTGAA-1,151674,Br8100,L3,53,107,8895,10074
151674_GTTATCACCTTCTGAA-1,151674,Br8100,L2,6,58,3240,6743
151674_GTTCCAAGACAGCGAC-1,151674,Br8100,L1,4,26,2984,4542
151674_GTTCCGTCCGCCTGCA-1,151674,Br8100,WM,70,42,10898,5584
151674_GTTCGACAATTGTATA-1,151674,Br8100,WM,69,27,10770,4553
151674_GTTGAGTCCCGCCGGT-1,151674,Br8100,L5,52,78,8760,8079
151674_GTTGTAGATTTATGAG-1,151674,Br8100,L6,71,63,11029,7029
151674_GTTTCCTGGAGGGTGA-1,151674,Br8100,L5,25,49,5511,6107
151674_GTTTGAGCGGTTATGT-1,151674,Br8100,L1,0,42,2513,5647
151674_GTTTGGGCTTGTGAGC-1,151674,Br8100,L6,51,65,8634,7185
151674_GTTTGGGTTTCGCCCG-1,151674,Br8100,L3,63,91,10085,8964
151674_GTTTGGTAGGGTCAAC-1,151674,Br8100,L6,53,59,8870,6770
151674_GTTTGGTGATCGGTGC-1,151674,Br8100,WM,66,38,10417,5313
151674_TAAACCCAGGAGGGCA-1,151674,Br8100,WM,54,36,8978,5186
151674_TAAACGTCGTCAATGA-1,151674,Br8100,L1,18,12,4654,3566
151674_TAAAGAGCCCGAAACC-1,151674,Br8100,L2,10,46,3713,5914
151674_TAAAGCGTTAGGAGAA-1,151674,Br8100,L5,28,88,5891,8789
151674_TAAATTTAGTAACACC-1,151674,Br8100,WM,71,39,11016,5377
151674_TAACAGCGTTTGTGCT-1,151674,Br8100,WM,63,37,10057,5247
151674_TAACTCCATGGAGGCT-1,151674,Br8100,L3,19,27,4781,4598
151674_TAAGGCATAACATCAA-1,151674,Br8100,WM,57,49,9344,6078
151674_TAAGGCCCGTCACCCT-1,151674,Br8100,L5,62,70,9954,7519
151674_TAAGGGCTGGGAGAGG-1,151674,Br8100,L5,34,18,6573,3965
151674_TAAGTAAATGTGCCGC-1,151674,Br8100,L1,5,97,3141,9429
151674_TAATAAACAAGGAGAT-1,151674,Br8100,L3,17,91,4575,9005
151674_TAATACTAGAACAGAC-1,151674,Br8100,L5,69,77,10796,7995
151674_TAATAGAACAGAGTTA-1,151674,Br8100,WM,50,38,8500,5327
151674_TAATCGATCCGTACGT-1,151674,Br8100,L3,25,93,5534,9136
151674_TAATTGCGCTGATTAC-1,151674,Br8100,WM,71,5,10999,3037
151674_TACAAGCTGTTCACTG-1,151674,Br8100,L1,1,53,2639,6404
151674_TACCGAATAATTGTAA-1,151674,Br8100,L3,67,93,10565,9098
151674_TACCGGCTCACTGCCC-1,151674,Br8100,L6,47,65,8155,7188
151674_TACCGTAGGTTAACTA-1,151674,Br8100,L6,59,57,9588,6627
151674_TACCTCAGTTGTCTGT-1,151674,Br8100,WM,60,50,9704,6144
151674_TACGAACACGACTTCA-1,151674,Br8100,L6,31,53,6232,6377
151674_TACGATGTTGATCATC-1,151674,Br8100,L5,35,35,6702,5134
151674_TACGCTCGGTATTGGA-1,151674,Br8100,L2,61,113,9857,10480
151674_TACGCTGCTGTGTTAA-1,151674,Br8100,WM,68,24,10649,4347
151674_TACGGAAGCCAAACCA-1,151674,Br8100,L5,69,73,10794,7719
151674_TACGTAAAGCGGAGTG-1,151674,Br8100,L3,63,103,10091,9790
151674_TACGTTTACCGGCAAT-1,151674,Br8100,L6,40,32,7299,4923
151674_TACTCCTCTAGTTGAC-1,151674,Br8100,WM,64,36,10176,5177
151674_TACTGAGGGAAGAAAG-1,151674,Br8100,WM,60,6,9682,3115
151674_TACTGCAATCAATTAC-1,151674,Br8100,L3,22,102,5179,9758
151674_TAGACGAAACGCCAAT-1,151674,Br8100,L5,63,73,10075,7725
151674_TAGACGCCCGTACCGG-1,151674,Br8100,L5,32,90,6371,8923
151674_TAGACTACCTAGCGTT-1,151674,Br8100,L3,38,104,7097,9881
151674_TAGACTCAGTTGGCCT-1,151674,Br8100,WM,70,14,10884,3657
151674_TAGAGGTTCTACTTGT-1,151674,Br8100,L3,54,96,9009,9316
151674_TAGATATGGACTGGAA-1,151674,Br8100,WM,49,53,8388,6361
151674_TAGATCCGAAGTCGCA-1,151674,Br8100,L3,10,72,3727,7704
151674_TAGCAACCTGTCACAA-1,151674,Br8100,L3,22,26,5140,4526
151674_TAGCCAGAGGGTCCGG-1,151674,Br8100,L1,7,9,3335,3369
151674_TAGCTAAGTCCGGGAG-1,151674,Br8100,L6,29,57,5995,6654
151674_TAGGAACAGCCTCCAG-1,151674,Br8100,L3,5,87,3135,8741
151674_TAGGTGTTCCACAGAT-1,151674,Br8100,L6,60,60,9709,6833
151674_TAGGTTCTGCTGAGAA-1,151674,Br8100,L6,72,62,11148,6959
151674_TAGTACCTTAGTGGTC-1,151674,Br8100,L3,21,21,5018,4183
151674_TAGTCCGTATGCATAA-1,151674,Br8100,L1,15,13,4295,3638
151674_TAGTCTTTCCGAATTG-1,151674,Br8100,L2,50,116,8541,10697
151674_TATAAATCCACAAGCT-1,151674,Br8100,L3,20,44,4910,5767
151674_TATACACAGACGCCTT-1,151674,Br8100,L6,50,60,8512,6842
151674_TATACGCGTCATCACT-1,151674,Br8100,L6,60,68,9714,7383
151674_TATAGTTAGGTGTACT-1,151674,Br8100,WM,72,12,11122,3518
151674_TATCCAATTGGTTATC-1,151674,Br8100,L5,55,79,9120,8145
151674_TATCCGCACCGTCGGG-1,151674,Br8100,WM,59,53,9586,6352
151674_TATCGATCTATGCATA-1,151674,Br8100,L3,22,88,5172,8794
151674_TATCTACCACAGCGGG-1,151674,Br8100,L6,42,60,7553,6849
151674_TATGAAGAATTAAGGT-1,151674,Br8100,L3,67,99,10568,9511
151674_TATGATCCGGCACGCC-1,151674,Br8100,L2,26,112,5664,10443
151674_TATGATCTTCTCTTTA-1,151674,Br8100,L4,58,90,9485,8900
151674_TATGATTCTGCTTGGT-1,151674,Br8100,L1,5,35,3109,5161
151674_TATGCTCCCTACTTAC-1,151674,Br8100,L5,25,61,5518,6933
151674_TATGGCCCGGCCTCGC-1,151674,Br8100,L5,30,30,6101,4794
151674_TATGGGTACGTATCGT-1,151674,Br8100,L6,32,58,6355,6720
151674_TATTAACCTGACCGCG-1,151674,Br8100,WM,57,45,9342,5803
151674_TATTCCGAGCTGTTAT-1,151674,Br8100,L5,54,86,9004,8628
151674_TCAAACTTAGATTGTT-1,151674,Br8100,L6,31,65,6238,7203
151674_TCAACGAGGAGACAAA-1,151674,Br8100,L6,42,56,7551,6573
151674_TCAACTAACGTATAAC-1,151674,Br8100,L4,31,19,6215,4036
151674_TCAAGGTTACTACACC-1,151674,Br8100,L3,47,103,8174,9804
151674_TCACGATGTCCGTGGA-1,151674,Br8100,WM,52,28,8735,4637
151674_TCACGGTCATCGCACA-1,151674,Br8100,L4,23,45,5270,5833
151674_TCACTATCGTGCAATC-1,151674,Br8100,L1,4,34,2988,5093
151674_TCACTCAGCGCATTAG-1,151674,Br8100,L1,0,44,2514,5785
151674_TCAGGGTGCACGAAAC-1,151674,Br8100,L3,7,89,3376,8876
151674_TCAGTACTGACCCGCG-1,151674,Br8100,L4,26,34,5623,5073
151674_TCATTTAAGTCTCCGA-1,151674,Br8100,L3,35,99,6735,9540
151674_TCCAAGCCTAGACACA-1,151674,Br8100,L5,67,79,10558,8134
151674_TCCAGCGCTATAAGCG-1,151674,Br8100,L2,52,116,8780,10695
151674_TCCAGGCGAGTACGGT-1,151674,Br8100,L6,31,57,6234,6652
151674_TCCATCAATACTAATC-1,151674,Br8100,WM,64,14,10165,3662
151674_TCCATTGTGACCTCGT-1,151674,Br8100,L3,8,76,3489,7981
151674_TCCCAAACAGACAACG-1,151674,Br8100,L2,22,110,5184,10309
151674_TCCCAGGCTTAGCTAA-1,151674,Br8100,L5,30,48,6110,6033
151674_TCCCGGTCAGGAATTT-1,151674,Br8100,L1,8,36,3468,5227
151674_TCCGATTACATTGCCG-1,151674,Br8100,L5,32,32,6341,4930
151674_TCCGCCTGTCTACAAG-1,151674,Br8100,L5,56,74,9238,7800
151674_TCCGCGGCAGCATCTG-1,151674,Br8100,L5,34,84,6608,8508
151674_TCCGGAGGAAGGGCTG-1,151674,Br8100,L1,14,108,4224,10178
151674_TCCGTTAAGCTAATAT-1,151674,Br8100,L3,52,100,8772,9593
151674_TCCTAAAGATTCAGAC-1,151674,Br8100,L4,68,84,10680,8478
151674_TCCTAGCAAAGAAGCT-1,151674,Br8100,L6,41,41,7424,5542
151674_TCCTCCTAAGACATTC-1,151674,Br8100,L6,47,21,8132,4160
151674_TCCTTCAGTGGTCGAA-1,151674,Br8100,L3,15,69,4324,7493
151674_TCGAGACCAACACCGT-1,151674,Br8100,L6,37,55,6952,6509
151674_TCGCAAAGATGCATTT-1,151674,Br8100,L6,47,75,8160,7877
151674_TCGCCGGTCGATCCGT-1,151674,Br8100,L4,19,61,4799,6938
151674_TCGCGCGTTTACATGA-1,151674,Br8100,WM,70,6,10879,3106
151674_TCGCTTTAAACGTTTG-1,151674,Br8100,L4,25,87,5531,8723
151674_TCGGAATGACCATCAA-1,151674,Br8100,L3,6,76,3250,7982
151674_TCGGGATTCAAACATA-1,151674,Br8100,L5,39,15,7171,3754
151674_TCGGGCCGTCGTGGTA-1,151674,Br8100,L5,40,88,7328,8778
151674_TCGGTCCCTGACTCCA-1,151674,Br8100,L3,10,90,3736,8943
151674_TCGGTGACCGCTCCGG-1,151674,Br8100,L1,15,109,4345,10246
151674_TCGTAAGACGACATTG-1,151674,Br8100,L5,27,77,5765,8032
151674_TCGTACCGACGTCAAG-1,151674,Br8100,L6,68,56,10666,6550
151674_TCGTATAGTGCAATTA-1,151674,Br8100,L3,12,56,3958,6600
151674_TCGTCCGCTGGCGTCT-1,151674,Br8100,L4,22,40,5147,5490
151674_TCGTTCGTTATTATGT-1,151674,Br8100,L3,10,62,3721,7015
151674_TCGTTGCTATCCGGTC-1,151674,Br8100,WM,54,46,8984,5874
151674_TCTACACGTTCATGCA-1,151674,Br8100,L2,5,93,3139,9154
151674_TCTACCGTCCACAAGC-1,151674,Br8100,L5,27,67,5760,7344
151674_TCTAGCATGCCCAGAA-1,151674,Br8100,L6,48,66,8275,7256
151674_TCTAGTTATCAGAAGA-1,151674,Br8100,L6,34,54,6592,6443
151674_TCTCGAGGAGGTTCGC-1,151674,Br8100,L3,52,112,8778,10419
151674_TCTGAACCGGTCGGCT-1,151674,Br8100,L3,21,37,5026,5284
151674_TCTGAAGCACGTGGTC-1,151674,Br8100,L5,56,84,9243,8488
151674_TCTGAATTCCGTACAA-1,151674,Br8100,L4,34,94,6613,9196
151674_TCTGACTGTAATGGTT-1,151674,Br8100,L1,6,14,3218,3714
151674_TCTGATGTATTCTGTC-1,151674,Br8100,L5,51,83,8643,8424
151674_TCTGCGTCCGGTTTCT-1,151674,Br8100,L1,15,23,4300,4326
151674_TCTGGGTAGCGCTCAT-1,151674,Br8100,L6,40,36,7301,5198
151674_TCTGTGCCATCATAGT-1,151674,Br8100,L5,32,80,6366,8234
151674_TCTGTGGCTACATTTC-1,151674,Br8100,L1,3,47,2875,5989
151674_TCTTAGAGCTCCAATT-1,151674,Br8100,L3,40,108,7339,10155
151674_TCTTAGAGTGAACTCT-1,151674,Br8100,L3,43,99,7693,9533
151674_TCTTCCCATGGGCACA-1,151674,Br8100,L4,32,96,6374,9336
151674_TCTTTAGAGTCTAACA-1,151674,Br8100,L2,50,114,8539,10559
151674_TCTTTCTCTTAAGGAG-1,151674,Br8100,L3,7,79,3371,8188
151674_TGAATACCGACGCGTA-1,151674,Br8100,L4,66,82,10439,8342
151674_TGAATGAGTGTTTCCC-1,151674,Br8100,WM,66,50,10423,6139
151674_TGAATGTCAGCCGGCC-1,151674,Br8100,L3,47,109,8178,10217
151674_TGACACTTCTCTTTGC-1,151674,Br8100,L3,16,102,4461,9763
151674_TGACAGGACAAGTCCA-1,151674,Br8100,WM,55,9,9084,3326
151674_TGACCAAATCTTAAAC-1,151674,Br8100,L6,66,62,10429,6965
151674_TGACGAATATTTCCCT-1,151674,Br8100,L6,44,22,7773,4231
151674_TGACGATGCACTAGAA-1,151674,Br8100,L4,37,95,6973,9263
151674_TGAGAATGCTTTACCG-1,151674,Br8100,L4,18,54,4676,6457
151674_TGAGATCAAATACTCA-1,151674,Br8100,L2,7,63,3363,7087
151674_TGAGCCATACAGTCTC-1,151674,Br8100,L6,42,38,7542,5334
151674_TGAGGAGTGCCAGCTT-1,151674,Br8100,L6,58,58,9469,6697
151674_TGAGTAAATTAGCGTA-1,151674,Br8100,L6,47,57,8151,6638
151674_TGATACATTTAGCCGT-1,151674,Br8100,WM,55,43,9102,5667
151674_TGATAGCGGGATTCTA-1,151674,Br8100,L3,28,12,5852,3557
151674_TGATCTCCGGCGCCAG-1,151674,Br8100,L5,28,50,5871,6173
151674_TGATGTCAATTAAGTG-1,151674,Br8100,L3,59,103,9612,9794
151674_TGATTCCCGGTTACCT-1,151674,Br8100,WM,64,50,10183,6141
151674_TGATTTATTAGCTGTG-1,151674,Br8100,L6,38,34,7061,5062
151674_TGCACAGTGAAGTTAT-1,151674,Br8100,L2,12,100,3981,9629
151674_TGCACTATGTGAGTGC-1,151674,Br8100,L1,17,13,4535,3636
151674_TGCAGCTACGTACTTC-1,151674,Br8100,L5,42,16,7531,3820
151674_TGCCAGTACGTGGAGA-1,151674,Br8100,L6,51,71,8637,7598
151674_TGCCGGATGTACGAGC-1,151674,Br8100,WM,62,34,9936,5041
151674_TGCCTAATTGAAGATT-1,151674,Br8100,L3,55,105,9134,9935
151674_TGCGCGATTAACGGAG-1,151674,Br8100,L5,27,41,5747,5554
151674_TGCGGAGTAAAGGTGC-1,151674,Br8100,L5,22,70,5163,7555
151674_TGCGGCATAGTTCAAC-1,151674,Br8100,L3,12,54,3957,6463
151674_TGCGGGTATTGGGATC-1,151674,Br8100,L1,1,71,2648,7643
151674_TGCGGTCTACGAGTAA-1,151674,Br8100,L1,0,94,2540,9227
151674_TGCGGTGAAATTTCAT-1,151674,Br8100,L3,12,66,3963,7289
151674_TGCTATGGCAAAGGGA-1,151674,Br8100,WM,70,26,10890,4483
151674_TGGAAACGGAGTGAAC-1,151674,Br8100,L1,6,16,3219,3852
151674_TGGAAGACGAACACCA-1,151674,Br8100,L3,14,46,4192,5910
151674_TGGAATATCCTTGACC-1,151674,Br8100,L3,23,107,5302,10101
151674_TGGACCAATCTAAGAT-1,151674,Br8100,L5,62,80,9959,8208
151674_TGGACGCAATCCAGCC-1,151674,Br8100,WM,58,20,9449,4081
151674_TGGCAAACTAAATTAC-1,151674,Br8100,L5,50,78,8521,8081
151674_TGGCACGAGCTCGAGT-1,151674,Br8100,L1,5,99,3142,9567
151674_TGGCCAAACTGAAGTA-1,151674,Br8100,L5,28,76,5885,7963
151674_TGGCGACTGCTCCAAA-1,151674,Br8100,WM,55,47,9104,5942
151674_TGGCTACACTCTACCT-1,151674,Br8100,L3,64,100,10209,9583
151674_TGGGATGCACTCATTC-1,151674,Br8100,L3,12,98,3980,9492
151674_TGGGCAATAGTTGGGT-1,151674,Br8100,L3,46,108,8057,10149
151674_TGGGCACGTTCTATGG-1,151674,Br8100,L3,15,73,4326,7768
151674_TGGGCCTTGCCTGCAT-1,151674,Br8100,L1,8,10,3455,3437
151674_TGGGCGATACAATAAG-1,151674,Br8100,L6,68,62,10669,6963
151674_TGGTAGAATATATGGG-1,151674,Br8100,L3,48,100,8293,9597
151674_TGGTTCGTAGCAAAGG-1,151674,Br8100,L5,23,55,5275,6522
151674_TGTAATGACCACAATA-1,151674,Br8100,L5,36,14,6811,3688
151674_TGTAGCCATCCCATTC-1,151674,Br8100,L2,62,112,9976,10410
151674_TGTATCCTTATTCCAT-1,151674,Br8100,L2,10,50,3715,6189
151674_TGTCGTTATCACATAT-1,151674,Br8100,WM,61,15,9806,3734
151674_TGTGAGACTAGCCCAA-1,151674,Br8100,L6,59,63,9591,7040
151674_TGTGCCGGTGCCGGAA-1,151674,Br8100,L3,53,97,8890,9386
151674_TGTGTCGCGAGTTGCA-1,151674,Br8100,L4,24,36,5385,5213
151674_TGTTATTGTATGTGGC-1,151674,Br8100,L5,44,86,7806,8637
151674_TGTTCCGGCCTGAGCT-1,151674,Br8100,L6,70,66,10910,7237
151674_TGTTCGTATTGCGGTG-1,151674,Br8100,L6,49,61,8392,6911
151674_TGTTGTCAAGAAGTCT-1,151674,Br8100,L5,24,82,5409,8379
151674_TGTTTCGGTACTTCTC-1,151674,Br8100,L4,18,56,4677,6595
151674_TTAAACCGGTAGCGAC-1,151674,Br8100,L2,8,52,3477,6329
151674_TTAAGCCGACAACTTC-1,151674,Br8100,L3,13,77,4089,8045
151674_TTAAGGCCCGTACTTT-1,151674,Br8100,WM,59,25,9572,4424
151674_TTACACGATCTGCGAC-1,151674,Br8100,L2,62,110,9975,10273
151674_TTACATGCCACAACTA-1,151674,Br8100,L3,41,103,7456,9810
151674_TTACCCATTGCCGGGT-1,151674,Br8100,L3,17,85,4572,8592
151674_TTACTCTGGTACGTAC-1,151674,Br8100,L6,43,31,7658,4851
151674_TTAGAAGAACATGACT-1,151674,Br8100,L6,52,64,8753,7115
151674_TTAGAATAAGGGTCGG-1,151674,Br8100,WM,61,45,9821,5799
151674_TTAGACGAGTCACCTC-1,151674,Br8100,L5,48,80,8282,8220
151674_TTAGTAAACCTGCTCT-1,151674,Br8100,L3,62,94,9967,9171
151674_TTAGTTATTCGTGGCA-1,151674,Br8100,L4,47,91,8168,8978
151674_TTATAGATGCACATTA-1,151674,Br8100,L1,5,53,3118,6400
151674_TTATATTTGGCAATCC-1,151674,Br8100,L5,26,64,5639,7138
151674_TTATCATACTCGCAAA-1,151674,Br8100,L1,2,24,2744,4406
151674_TTATCCGGGATCTATA-1,151674,Br8100,L5,51,87,8645,8699
151674_TTATCGCCTGCGAAGC-1,151674,Br8100,L3,27,17,5735,3902
151674_TTCACGAAAGGATCAC-1,151674,Br8100,L6,38,54,7071,6439
151674_TTCACTCGAGCACCTA-1,151674,Br8100,L6,55,69,9115,7457
151674_TTCAGCCCTGGTCCAC-1,151674,Br8100,L5,47,85,8165,8565
151674_TTCCATCATGCGGTGA-1,151674,Br8100,L3,13,99,4100,9559
151674_TTCCCGACGCTTCACT-1,151674,Br8100,L1,1,89,2657,8882
151674_TTCCCGGCGCCAATAG-1,151674,Br8100,L6,46,12,8008,3541
151674_TTCCGCGTGAGGCGAT-1,151674,Br8100,L6,46,64,8035,7120
151674_TTCCGGTTACCCACTT-1,151674,Br8100,L5,45,87,7927,8705
151674_TTCGCCGCTCGCGCTA-1,151674,Br8100,WM,57,9,9324,3324
151674_TTCGCGCGCCATACGA-1,151674,Br8100,WM,59,47,9583,5939
151674_TTCGGACTGGGCATGG-1,151674,Br8100,WM,68,6,10640,3108
151674_TTCGGTACTGTAGAGG-1,151674,Br8100,L6,67,63,10549,7033
151674_TTCTAGAAAGTCTTAT-1,151674,Br8100,WM,60,46,9702,5869
151674_TTCTAGGCCAATTGTG-1,151674,Br8100,L4,22,44,5150,5765
151674_TTCTATTAAACGCAGC-1,151674,Br8100,L6,67,55,10545,6482
151674_TTCTCTTACAGGTGAT-1,151674,Br8100,WM,62,8,9922,3251
151674_TTGAAGAATTCCCAGG-1,151674,Br8100,L6,32,50,6350,6169
151674_TTGAATCGTTGTATAA-1,151674,Br8100,L6,48,10,8246,3401
151674_TTGAATTCACGTGAGG-1,151674,Br8100,L4,39,97,7213,9398
151674_TTGACAGGAGCTCCCG-1,151674,Br8100,L3,47,99,8172,9529
151674_TTGACTATTGTCCGGC-1,151674,Br8100,L3,46,104,8055,9874
151674_TTGAGAAGTTTAGCAT-1,151674,Br8100,L4,55,87,9124,8696
151674_TTGCACAATTCAGAAA-1,151674,Br8100,L6,43,57,7672,6641
151674_TTGCCGCAGACCTACA-1,151674,Br8100,WM,62,18,9927,3940
151674_TTGCGTGAACGCTTAG-1,151674,Br8100,L3,14,96,4218,9352
151674_TTGCTCCCATACCGGA-1,151674,Br8100,L5,22,72,5164,7693
151674_TTGCTGCACCTATCCA-1,151674,Br8100,L3,22,20,5137,4113
151674_TTGGAAGAATACAGTC-1,151674,Br8100,WM,50,24,8493,4363
151674_TTGGCTCGCATGAGAC-1,151674,Br8100,L4,23,37,5266,5282
151674_TTGGGACGTAAGAGTT-1,151674,Br8100,L3,51,109,8657,10214
151674_TTGGTCACACTCGTAA-1,151674,Br8100,WM,48,48,8266,6017
151674_TTGGTTGCGGTGCGCG-1,151674,Br8100,WM,53,23,8852,4292
151674_TTGTGAGGCATGACGC-1,151674,Br8100,L5,43,13,7649,3612
151674_TTGTTCAGTGTGCTAC-1,151674,Br8100,L5,24,64,5399,7140
151674_TTGTTTCCATACAACT-1,151674,Br8100,L6,45,27,7896,4574
151674_TTGTTTGTATTACACG-1,151674,Br8100,WM,73,41,11257,5513
151675_AAACAGGGTCTATATT-1,151675,Br8100,L5,47,13,8195,3586
151675_AAACCCGAACGAAATC-1,151675,Br8100,L2,45,115,8007,10611
151675_AAACCTCATGAAGTTG-1,151675,Br8100,L5,37,19,7000,4008
151675_AAACGGGCGTACGGGT-1,151675,Br8100,L4,65,91,10390,8941
151675_AAACTTGCAAACGTAT-1,151675,Br8100,L5,45,19,7958,4001
151675_AAAGACCCAAGTCGCG-1,151675,Br8100,L1,10,48,3780,6028
151675_AAAGGCCCTATAATAC-1,151675,Br8100,WM,66,22,10475,4189
151675_AAAGGCTACGGACCAT-1,151675,Br8100,WM,62,54,10012,6396
151675_AAAGTCGACCCTCAGT-1,151675,Br8100,L4,37,15,6998,3733
151675_AAATAGCTTAGACTTT-1,151675,Br8100,L3,36,106,6924,9999
151675_AAATTACACGACTCTG-1,151675,Br8100,L3,14,86,4278,8641
151675_AACACACGCTCGCCGC-1,151675,Br8100,L5,51,93,8714,9091
151675_AACAGCTGTGTGGCAA-1,151675,Br8100,WM,59,31,9641,4815
151675_AACAGGAAATCGAATA-1,151675,Br8100,L3,15,67,4388,7332
151675_AACAGGATGGGCCGCG-1,151675,Br8100,L4,29,31,6047,4841
151675_AACAGGTAGTATGGAT-1,151675,Br8100,L3,49,113,8485,10469
151675_AACATTGAAGTTGATC-1,151675,Br8100,WM,67,23,10596,4257
151675_AACCAGTATCACTCTT-1,151675,Br8100,L2,6,92,3323,9061
151675_AACCCAGAGACGGAGA-1,151675,Br8100,L1,15,39,4374,5404
151675_AACCCATCCCATGATC-1,151675,Br8100,WM,56,14,9273,3647
151675_AACCCGAGCAGAATCG-1,151675,Br8100,L3,57,113,9443,10462
151675_AACCCTACTGTCAATA-1,151675,Br8100,L4,40,96,7398,9307
151675_AACCTCGCTTTAGCCC-1,151675,Br8100,L5,62,82,10026,8324
151675_AACCTTTAAATACGGT-1,151675,Br8100,L6,54,68,9061,7367
151675_AACGCTGTTGCTGAAA-1,151675,Br8100,L4,54,94,9074,9157
151675_AACGTGCGAAAGTCTC-1,151675,Br8100,L6,36,74,6908,7796
151675_AACTACCCGTTTGTCA-1,151675,Br8100,L3,47,113,8245,10471
151675_AACTAGGCTTGGGTGT-1,151675,Br8100,L6,55,61,9177,6884
151675_AACTCCAGAGCGTGTT-1,151675,Br8100,L4,60,92,9792,9014
151675_AACTCGATAAACACGT-1,151675,Br8100,L1,4,12,3043,3555
151675_AAGACTGCAAGCTACT-1,151675,Br8100,L6,36,68,6905,7383
151675_AAGAGGATGTACGCGA-1,151675,Br8100,L5,39,29,7244,4695
151675_AAGAGGCATGGATCGC-1,151675,Br8100,L5,36,80,6911,8209
151675_AAGCGTCCCTCATCGA-1,151675,Br8100,WM,57,35,9404,5092
151675_AAGCTAGATCGAGTAA-1,151675,Br8100,L6,50,68,8582,7370
151675_AAGCTCTTTCATGGTG-1,151675,Br8100,L5,57,81,9427,8259
151675_AAGGATGAGGGACCTC-1,151675,Br8100,L5,27,87,5836,8699
151675_AAGGCAGGCTGTCTCC-1,151675,Br8100,L2,42,118,7649,10820
151675_AAGGTATCCTAATATA-1,151675,Br8100,L5,25,81,5593,8287
151675_AAGGTGATAAACCAGC-1,151675,Br8100,L5,44,92,7875,9028
151675_AAGTGAGTCGGGTTTA-1,151675,Br8100,WM,62,48,10009,5983
151675_AAGTGCAAAGGTAGAC-1,151675,Br8100,L1,28,10,5917,3396
151675_AAGTTTATGGGCCCAA-1,151675,Br8100,L5,68,70,10739,7492
151675_AATAACACTAGAACAA-1,151675,Br8100,WM,52,38,8806,5303
151675_AATACCGGAGGGCTGT-1,151675,Br8100,WM,67,37,10603,5221
151675_AATAGAATCTGTTTCA-1,151675,Br8100,L5,48,86,8351,8611
151675_AATAGTCCGTCCCGAC-1,151675,Br8100,WM,57,57,9415,6607
151675_AATATCGAGGGTTCTC-1,151675,Br8100,L3,27,101,5843,9663
151675_AATCAGGTTTCATTTA-1,151675,Br8100,WM,69,33,10840,4944
151675_AATCGTGAGCCGAGCA-1,151675,Br8100,L5,67,83,10626,8388
151675_AATGCAACCGGGTACC-1,151675,Br8100,L5,25,59,5582,6773
151675_AATGGTTCTCACAAGC-1,151675,Br8100,L3,19,35,4851,5125
151675_AATGTATGGCACTGTA-1,151675,Br8100,WM,65,9,10349,3295
151675_AATGTGCCCGAGGTGT-1,151675,Br8100,WM,55,27,9160,4543
151675_AATGTGCTAATCTGAG-1,151675,Br8100,WM,66,32,10480,4878
151675_AATTGCAGCAATCGAC-1,151675,Br8100,L3,64,102,10276,9699
151675_AATTGCGTGGATTACA-1,151675,Br8100,WM,67,9,10589,3293
151675_ACAAACCATGCGTCCT-1,151675,Br8100,WM,64,16,10233,3778
151675_ACAACGGTCCCTGCGA-1,151675,Br8100,L3,22,30,5208,4779
151675_ACAAGGAAATCCGCCC-1,151675,Br8100,L6,49,75,8466,7853
151675_ACAAGGATGCTTTAGG-1,151675,Br8100,L5,61,87,9909,8669
151675_ACAATGAATACGGAGA-1,151675,Br8100,WM,57,31,9402,4817
151675_ACACCTTACTACTTGC-1,151675,Br8100,L3,41,111,7525,10339
151675_ACACGAGACTCCTTCT-1,151675,Br8100,L5,31,71,6307,7594
151675_ACACGGCACTATGCAT-1,151675,Br8100,L2,7,71,3432,7615
151675_ACACGTAGGCCACAAG-1,151675,Br8100,L3,58,110,9561,10255
151675_ACAGAACTGAGAACAA-1,151675,Br8100,WM,52,24,8799,4339
151675_ACAGATTAGGTTAGTG-1,151675,Br8100,L1,7,57,3425,6651
151675_ACAGCGCACCCGCAGC-1,151675,Br8100,L3,10,80,3796,8232
151675_ACATCAGCTGGGACGC-1,151675,Br8100,L3,32,12,6397,3531
151675_ACATCGGTCAGCCGCG-1,151675,Br8100,L6,41,37,7488,5244
151675_ACCAACACCACACACT-1,151675,Br8100,L2,20,110,5009,10288
151675_ACCAACCGCACTCCAC-1,151675,Br8100,L3,65,97,10393,9354
151675_ACCAAGAACGCGTGTC-1,151675,Br8100,L3,17,49,4619,6091
151675_ACCACAAGTTTCTATC-1,151675,Br8100,L5,30,54,6179,6424
151675_ACCATTAAGGGTGTCA-1,151675,Br8100,L1,13,5,4118,3065
151675_ACCCATCTTGAGGGTA-1,151675,Br8100,L5,37,37,7009,5247
151675_ACCCGAGCGAAATTAC-1,151675,Br8100,WM,61,29,9880,4676
151675_ACCCTATGCCATATCG-1,151675,Br8100,WM,56,40,9287,5437
151675_ACCGAAGAGTCTGGTT-1,151675,Br8100,WM,57,11,9392,3440
151675_ACCGACTGAGTCCCAC-1,151675,Br8100,L5,28,66,5945,7252
151675_ACCGATGGTAGCATCG-1,151675,Br8100,L5,36,92,6917,9035
151675_ACGAAATGGGCGGCAC-1,151675,Br8100,L4,32,24,6403,4357
151675_ACGACTGGTCATACTC-1,151675,Br8100,WM,64,34,10242,5017
151675_ACGATGGATCCGATGC-1,151675,Br8100,L3,10,70,3791,7543
151675_ACGCAATCACTACAGC-1,151675,Br8100,L2,25,109,5608,10215
151675_ACGCATACGTTTACTA-1,151675,Br8100,L3,56,102,9318,9706
151675_ACGCATTCGTGAGTAC-1,151675,Br8100,L6,33,61,6542,6903
151675_ACGCTAGTGATACACT-1,151675,Br8100,L3,28,100,5962,9593
151675_ACGGCACTTGCTTGGG-1,151675,Br8100,WM,52,60,8817,6818
151675_ACGGTCACCGAGAACA-1,151675,Br8100,WM,71,13,11070,3565
151675_ACGTAGGAGAGTCGCT-1,151675,Br8100,L5,70,72,10980,7628
151675_ACGTTCCGCGCTCCGT-1,151675,Br8100,L1,8,54,3543,6443
151675_ACGTTCGCAATCAATT-1,151675,Br8100,L2,33,113,6568,10484
151675_ACGTTTAGTTGTGATC-1,151675,Br8100,L3,14,68,4269,7402
151675_ACTACAAAGAGAGGTG-1,151675,Br8100,WM,71,49,11088,6044
151675_ACTATATGCTGTGTTC-1,151675,Br8100,L1,13,105,4168,9950
151675_ACTATCTGCCCGCGTA-1,151675,Br8100,L3,53,113,8964,10466
151675_ACTCAATAAAGGCACG-1,151675,Br8100,L5,25,69,5587,7461
151675_ACTCCAATATCATCAT-1,151675,Br8100,WM,63,29,10120,4674
151675_ACTCCCATTCCTAAAG-1,151675,Br8100,L5,47,17,8197,3862
151675_ACTCCGGCCGACCACT-1,151675,Br8100,L3,70,90,10989,8868
151675_ACTCTCTGACTTAGGT-1,151675,Br8100,L6,42,78,7628,8066
151675_ACTCTGACCTAATAGA-1,151675,Br8100,L3,69,97,10873,9350
151675_ACTCTTGTATAGTAAC-1,151675,Br8100,L6,36,70,6906,7520
151675_ACTGTAGCACTTTGGA-1,151675,Br8100,L4,27,39,5812,5394
151675_ACTTCAGGCTGATCCC-1,151675,Br8100,L5,51,81,8708,8265
151675_ACTTCCATGCGGGACA-1,151675,Br8100,L5,61,85,9908,8531
151675_ACTTGACTCCCTCTTT-1,151675,Br8100,L6,42,72,7625,7653
151675_ACTTGGGACCCGGTGG-1,151675,Br8100,L5,29,49,6056,6081
151675_ACTTTACCCTCATGAA-1,151675,Br8100,L3,32,106,6445,10002
151675_ACTTTATACACCACTT-1,151675,Br8100,WM,74,10,11428,3356
151675_ACTTTGGTCGTGCTCC-1,151675,Br8100,WM,61,13,9872,3574
151675_AGAAGTGATTCGTGAT-1,151675,Br8100,L6,48,28,8322,4618
151675_AGACCCACCGCTGATC-1,151675,Br8100,L6,49,65,8461,7165
151675_AGACCCGCCCTCCTCG-1,151675,Br8100,L5,26,56,5701,6565
151675_AGACCGCTCCGCGGTT-1,151675,Br8100,L3,51,111,8723,10330
151675_AGACCGGGAAACCCTG-1,151675,Br8100,L5,41,17,7478,3867
151675_AGACGACGATGCCGCT-1,151675,Br8100,WM,53,33,8924,4958
151675_AGAGCAGTTATGAGAC-1,151675,Br8100,L3,29,19,6041,4015
151675_AGAGCGTACAAGCTCG-1,151675,Br8100,L3,24,28,5447,4639
151675_AGAGGCTTCGGAAACC-1,151675,Br8100,L4,51,101,8718,9642
151675_AGATACCGGTGTTCAC-1,151675,Br8100,L6,40,38,7369,5314
151675_AGATATAATACGACTA-1,151675,Br8100,L5,64,72,10261,7633
151675_AGATCTGGAGAGGATA-1,151675,Br8100,WM,75,11,11548,3424
151675_AGCACTACCGGCCTGT-1,151675,Br8100,L4,34,20,6641,4080
151675_AGCACTTAAGGACGCC-1,151675,Br8100,L5,31,35,6289,5115
151675_AGCAGAAGGAGAAAGA-1,151675,Br8100,L6,64,68,10259,7358
151675_AGCATATCAATATGCT-1,151675,Br8100,L5,51,95,8715,9228
151675_AGCATCATTTCGAAAG-1,151675,Br8100,WM,53,19,8917,3994
151675_AGCCACTCCCGTGCTT-1,151675,Br8100,L5,23,81,5354,8289
151675_AGCCATATAGTATGTG-1,151675,Br8100,L6,71,65,11096,7145
151675_AGCCCGCAACAAGCAG-1,151675,Br8100,WM,68,54,10731,6391
151675_AGCCCTAAGCGAAGTT-1,151675,Br8100,L3,15,65,4387,7194
151675_AGCGATGCGCCTAATA-1,151675,Br8100,L3,64,108,10279,10112
151675_AGCGGCGGTTAGCGGT-1,151675,Br8100,L6,50,12,8554,3515
151675_AGCGGGTCTGACACTC-1,151675,Br8100,L6,66,66,10498,7219
151675_AGCTAAGTACGCAGGC-1,151675,Br8100,L5,64,86,10268,8597
151675_AGCTCCATATATGTTC-1,151675,Br8100,L3,57,109,9441,10187
151675_AGCTCCTTCGCACATC-1,151675,Br8100,L5,52,86,8831,8608
151675_AGCTCTAGACGTTCCA-1,151675,Br8100,L6,38,76,7148,7932
151675_AGCTCTTTACTCAGTT-1,151675,Br8100,L6,41,45,7492,5795
151675_AGCTGAAGTAAACCAA-1,151675,Br8100,L4,20,84,4996,8498
151675_AGCTTGATCAGGGTAG-1,151675,Br8100,WM,72,10,11188,3358
151675_AGCTTGATCTTAACTT-1,151675,Br8100,L5,41,23,7481,4280
151675_AGGAAAGCCTCTGATG-1,151675,Br8100,L1,5,13,3163,3623
151675_AGGCACGTGACTGTCC-1,151675,Br8100,L3,57,115,9444,10600
151675_AGGCCACCCGTTATGA-1,151675,Br8100,L4,28,38,5931,5324
151675_AGGCCCATTGTACAGG-1,151675,Br8100,L3,15,55,4382,6506
151675_AGGCCCTAGAACGCCA-1,151675,Br8100,L6,45,25,7961,4414
151675_AGGCGATAACTGGCGT-1,151675,Br8100,L2,58,122,9567,11081
151675_AGGCTATGGTTAGCTT-1,151675,Br8100,L3,26,30,5688,4775
151675_AGGCTTGCTAGACACC-1,151675,Br8100,L2,24,18,5442,3951
151675_AGGGAAACGAGGTACT-1,151675,Br8100,L3,13,89,4160,8849
151675_AGGGAGACATACTTCG-1,151675,Br8100,L2,29,113,6089,10487
151675_AGGGCGTGATCGGCTA-1,151675,Br8100,L3,17,45,4617,5816
151675_AGGTCAGGTGAGAGTG-1,151675,Br8100,L6,46,20,8078,4069
151675_AGGTCGCGGAGTTACT-1,151675,Br8100,L3,26,104,5725,9870
151675_AGGTGTATCGCCATGA-1,151675,Br8100,L5,37,17,6999,3870
151675_AGGTTACACCATGCCG-1,151675,Br8100,L2,43,115,7767,10612
151675_AGTAACGTTCATCCTG-1,151675,Br8100,L2,5,91,3202,8993
151675_AGTACGGGCACCTGGC-1,151675,Br8100,L5,25,79,5592,8150
151675_AGTACGTGGCCTGTCT-1,151675,Br8100,L2,6,88,3321,8786
151675_AGTAGGAAGGAAGTTG-1,151675,Br8100,L3,16,98,4524,9466
151675_AGTCAAATGATGTGAT-1,151675,Br8100,WM,67,35,10602,5083
151675_AGTCACTAGCTCTCGA-1,151675,Br8100,L4,55,99,9196,9500
151675_AGTCGGCTCAACTTTA-1,151675,Br8100,L6,47,23,8200,4275
151675_AGTCGTATAAAGCAGA-1,151675,Br8100,L5,65,81,10385,8252
151675_AGTCGTGGGCATTACG-1,151675,Br8100,WM,51,29,8682,4684
151675_AGTCTCACAAGACTAC-1,151675,Br8100,WM,54,30,9042,4751
151675_AGTGAACAAACTTCTC-1,151675,Br8100,L3,44,102,7880,9717
151675_AGTGAGTCGAATTAAC-1,151675,Br8100,L3,67,109,10639,10178
151675_AGTGATAACCTGCGCG-1,151675,Br8100,L5,59,89,9671,8808
151675_AGTGATATGAGTAGTT-1,151675,Br8100,WM,45,49,7973,6067
151675_AGTGATTCAAGCAGGA-1,151675,Br8100,L5,33,87,6555,8693
151675_AGTGCTTGCACGAATA-1,151675,Br8100,L5,41,89,7514,8824
151675_AGTTAAACACTTGCGA-1,151675,Br8100,L6,40,44,7372,5727
151675_AGTTGGCAAGGCTAGA-1,151675,Br8100,L3,68,106,10757,9971
151675_AGTTTCGCAGGTCGGA-1,151675,Br8100,L3,12,62,4026,6991
151675_AGTTTGGCCAGACCTA-1,151675,Br8100,L6,47,31,8204,4826
151675_ATAAAGGTCAAGTACG-1,151675,Br8100,L2,5,85,3199,8580
151675_ATAAGTAGGATTCAGA-1,151675,Br8100,L3,27,103,5844,9800
151675_ATAATAGTGTAGGGAC-1,151675,Br8100,L2,18,30,4729,4782
151675_ATACAGGCCCTCCAAT-1,151675,Br8100,L6,56,72,9303,7640
151675_ATACCAGGCTAATAGA-1,151675,Br8100,L1,9,55,3664,6511
151675_ATACCCTGGCTCAAAT-1,151675,Br8100,L1,1,13,2684,3627
151675_ATACCTAACCAAGAAA-1,151675,Br8100,L6,58,64,9538,7088
151675_ATACGGGTTTCGATTG-1,151675,Br8100,L5,22,82,5235,8359
151675_ATACGTCCACTCCTGT-1,151675,Br8100,L5,47,93,8235,9094
151675_ATAGACAACGGGACCT-1,151675,Br8100,L4,28,92,5958,9042
151675_ATAGAGTACTGGGACA-1,151675,Br8100,L5,26,48,5697,6014
151675_ATAGAGTTATCAACTT-1,151675,Br8100,L4,27,93,5839,9112
151675_ATAGCAACTAGGGAAG-1,151675,Br8100,L3,62,98,10035,9425
151675_ATAGCTGCTCTTGTTA-1,151675,Br8100,L1,16,10,4479,3407
151675_ATAGTTCCACCCACTC-1,151675,Br8100,L3,38,102,7161,9722
151675_ATATAAAGCGCTCGTG-1,151675,Br8100,L6,58,68,9540,7363
151675_ATATAACACGGGCGCA-1,151675,Br8100,L3,66,94,10512,9146
151675_ATATAGAGTATTGGTC-1,151675,Br8100,WM,63,11,10111,3434
151675_ATATCTTAGGGCCTTC-1,151675,Br8100,L6,35,61,6781,6902
151675_ATATGTCTAGAGCGTG-1,151675,Br8100,L5,74,68,11457,7349
151675_ATATGTCTCCCTAGCC-1,151675,Br8100,L4,35,97,6799,9380
151675_ATATTGCTGTCAAAGT-1,151675,Br8100,L2,18,32,4730,4920
151675_ATATTGGAGAGGCCTT-1,151675,Br8100,L2,59,121,9687,11012
151675_ATCACTTCATCCTCGC-1,151675,Br8100,L5,21,67,5107,7327
151675_ATCAGACGGCACGCCG-1,151675,Br8100,L6,44,42,7850,5586
151675_ATCCAATGGAGGGTCC-1,151675,Br8100,L6,43,27,7723,4554
151675_ATCCACGCTAAATGTT-1,151675,Br8100,L2,5,83,3198,8443
151675_ATCCTGCGTGGAATGG-1,151675,Br8100,WM,45,47,7972,5929
151675_ATCGACCCAATACAGA-1,151675,Br8100,L6,43,63,7741,7032
151675_ATCTAACGTCCCTATG-1,151675,Br8100,L1,9,3,3637,2931
151675_ATCTACCATCTGCTCC-1,151675,Br8100,L3,70,88,10988,8730
151675_ATCTGCACCTCTGCGA-1,151675,Br8100,L3,29,101,6083,9661
151675_ATCTGGTTAAGACTGT-1,151675,Br8100,L5,26,76,5711,7942
151675_ATCTGTAATTGTACCC-1,151675,Br8100,L3,15,57,4383,6644
151675_ATCTTAGGGCATTAAT-1,151675,Br8100,WM,69,11,10829,3429
151675_ATGAAGCCAAGGAGCC-1,151675,Br8100,L3,22,46,5216,5880
151675_ATGACTATGCGACATT-1,151675,Br8100,L5,48,88,8352,8749
151675_ATGCTCTGGCGCGGTA-1,151675,Br8100,L5,60,76,9784,7912
151675_ATGGAGCAGGCCGTGA-1,151675,Br8100,L6,36,66,6904,7245
151675_ATGTGAAAGCCTAATG-1,151675,Br8100,L6,46,22,8079,4207
151675_ATGTGGACATCTTGAT-1,151675,Br8100,L6,47,71,8224,7580
151675_ATGTTACGAGCAATAC-1,151675,Br8100,L1,15,29,4369,4716
151675_ATGTTGTAGTCTGTTT-1,151675,Br8100,WM,65,47,10368,5911
151675_ATTACCACACTGCCTG-1,151675,Br8100,L2,48,118,8367,10815
151675_ATTAGATTGATAGCGG-1,151675,Br8100,L3,19,49,4858,6089
151675_ATTATCTCGACAGATC-1,151675,Br8100,L1,7,61,3427,6926
151675_ATTATGAGACCCAATT-1,151675,Br8100,WM,66,12,10470,3501
151675_ATTATGCCATAGGGAG-1,151675,Br8100,L4,21,53,5100,6363
151675_ATTCAAAGTACCTGTT-1,151675,Br8100,L1,8,6,3519,3138
151675_ATTCAACCATTTAAGG-1,151675,Br8100,L3,58,100,9556,9567
151675_ATTCAGTAGCAGGGTC-1,151675,Br8100,L3,27,25,5805,4430
151675_ATTCGCGCCTTGAGAG-1,151675,Br8100,L3,65,107,10398,10042
151675_ATTCGTGCTATCTCTT-1,151675,Br8100,L3,42,110,7645,10269
151675_ATTCTTCGTACTTATG-1,151675,Br8100,L3,9,87,3680,8714
151675_ATTGCTGCTCCTCCAT-1,151675,Br8100,L5,35,43,6772,5662
151675_ATTGGATTACAGCGTA-1,151675,Br8100,L3,54,102,9078,9708
151675_ATTGGTAGGATCCGCT-1,151675,Br8100,L1,25,3,5554,2917
151675_ATTTACAGTTTACTGG-1,151675,Br8100,L5,30,38,6171,5322
151675_ATTTCCGGGTTCTGCG-1,151675,Br8100,WM,55,35,9164,5094
151675_CAAACGAGTATCGCAG-1,151675,Br8100,WM,47,47,8212,5927
151675_CAAACTCGCGACGCCG-1,151675,Br8100,L3,45,111,8005,10335
151675_CAACAGAATAACGCTA-1,151675,Br8100,L1,1,93,2724,9135
151675_CAACCAGTGGCCTACC-1,151675,Br8100,L3,61,115,9923,10597
151675_CAACCGCACCTAGACA-1,151675,Br8100,L1,11,5,3878,3067
151675_CAACCTACCGAGCAGT-1,151675,Br8100,L3,61,103,9917,9770
151675_CAACGTGGTGGAGTCT-1,151675,Br8100,L3,55,113,9204,10464
151675_CAACTCCAACGTTTAG-1,151675,Br8100,L2,4,86,3080,8650
151675_CAACTCCTTGATCCCG-1,151675,Br8100,L3,18,46,4737,5884
151675_CAAGCAACGTCGGAGT-1,151675,Br8100,L5,32,38,6410,5321
151675_CAAGGCCAGTGGTGCA-1,151675,Br8100,L3,66,100,10515,9560
151675_CAATAAACCTTGGCCC-1,151675,Br8100,L5,26,74,5710,7805
151675_CAATTTCGTATAAGGG-1,151675,Br8100,L6,37,63,7022,7037
151675_CACAATGAGCTGCTAT-1,151675,Br8100,L6,42,50,7614,6138
151675_CACACGCGCTGTCTTA-1,151675,Br8100,L5,33,89,6556,8831
151675_CACAGAGACGAGGACG-1,151675,Br8100,WM,64,20,10235,4053
151675_CACAGCACCCACGGCA-1,151675,Br8100,L5,31,59,6301,6767
151675_CACAGTCCCGCTTCGC-1,151675,Br8100,L3,60,112,9802,10391
151675_CACATATTAGCAGGAT-1,151675,Br8100,L6,47,73,8225,7717
151675_CACATGATTCAGCAAC-1,151675,Br8100,L6,38,64,7142,7105
151675_CACCATCGGAGGAGAC-1,151675,Br8100,L2,11,61,3906,6923
151675_CACCCACGAGGCAATT-1,151675,Br8100,L4,20,86,4997,8636
151675_CACCGCCGACCAGCGA-1,151675,Br8100,L2,9,67,3670,7337
151675_CACCGTTAGGGATCAC-1,151675,Br8100,WM,53,37,8926,5233
151675_CACCTAATCAGTTTAC-1,151675,Br8100,L4,20,72,4990,7672
151675_CACGAAAGTTAGTCCC-1,151675,Br8100,L5,33,29,6526,4700
151675_CACGCACAGCGCAGCT-1,151675,Br8100,L5,24,72,5469,7669
151675_CACGCGGAACTGTTGC-1,151675,Br8100,L4,42,98,7639,9443
151675_CACGTCAATCAATGGA-1,151675,Br8100,L3,62,116,10044,10665
151675_CACGTCGGCAACCTCT-1,151675,Br8100,WM,49,37,8446,5237
151675_CACTACTCAGTTCTGT-1,151675,Br8100,L2,5,75,3194,7892
151675_CACTCCTATGTAAGAT-1,151675,Br8100,WM,56,36,9285,5162
151675_CACTCTCAAGCATCGA-1,151675,Br8100,WM,69,47,10847,5908
151675_CACTGTCCAAGTGAGA-1,151675,Br8100,L3,19,43,4855,5676
151675_CACTTAATCAGACGGA-1,151675,Br8100,L5,34,48,6655,6007
151675_CACTTCGCCACAGGCT-1,151675,Br8100,L3,21,31,5089,4848
151675_CAGAATAACACACGGA-1,151675,Br8100,L3,55,111,9203,10327
151675_CAGATCATTTAAAGTC-1,151675,Br8100,L2,22,108,5248,10149
151675_CAGATCCTGGTTTGAA-1,151675,Br8100,WM,55,17,9155,3855
151675_CAGCAGCCCGTTCCTT-1,151675,Br8100,L5,28,78,5951,8078
151675_CAGCCGGGCCCTCTAT-1,151675,Br8100,L3,11,85,3918,8575
151675_CAGCCTCTCCTCAAGA-1,151675,Br8100,L3,15,95,4402,9260
151675_CAGCTCGTGCTTGTGT-1,151675,Br8100,L1,14,42,4256,5612
151675_CAGCTTAGTAGGTAGC-1,151675,Br8100,L4,32,28,6405,4632
151675_CAGGCAGTCTTACCAG-1,151675,Br8100,L5,65,85,10387,8528
151675_CAGTCGAGGATGCAAT-1,151675,Br8100,L3,25,99,5602,9527
151675_CAGTTCAAATTGACAC-1,151675,Br8100,L5,29,51,6057,6218
151675_CAGTTCGAGGACCCGA-1,151675,Br8100,WM,69,49,10848,6046
151675_CATACCCGTACCCAGT-1,151675,Br8100,L5,37,31,7006,4834
151675_CATACGAACTAGCTGG-1,151675,Br8100,WM,65,31,10360,4810
151675_CATACTTCTTTCTCCG-1,151675,Br8100,WM,68,52,10730,6253
151675_CATAGTCAAATACATA-1,151675,Br8100,L3,65,93,10391,9078
151675_CATCAACACCTACTAA-1,151675,Br8100,L1,15,7,4358,3201
151675_CATCCTCTCAAAGATC-1,151675,Br8100,L5,54,92,9073,9019
151675_CATCTATCCCGTGTCT-1,151675,Br8100,L3,18,100,4764,9602
151675_CATCTTACACCACCTC-1,151675,Br8100,L4,37,99,7040,9516
151675_CATGAACCGACATTTG-1,151675,Br8100,L1,11,43,3897,5683
151675_CATGATCGCTTTGAGA-1,151675,Br8100,L3,66,116,10523,10661
151675_CATGCACGTGTTACTG-1,151675,Br8100,L1,3,91,2963,8995
151675_CATGCGACCAGTTTAA-1,151675,Br8100,L3,26,98,5722,9457
151675_CATGCGTTAGACAGAA-1,151675,Br8100,L3,15,63,4386,7057
151675_CATGGATTGTCTTCCG-1,151675,Br8100,L3,55,101,9197,9638
151675_CATGGGTATGCCTTAT-1,151675,Br8100,L5,56,82,9308,8329
151675_CATGGTAAGTAGCGTT-1,151675,Br8100,L6,45,73,7985,7719
151675_CATGGTTTATTAATCA-1,151675,Br8100,L3,69,103,10876,9763
151675_CATGTCTCATTTATGG-1,151675,Br8100,L5,49,85,8471,8542
151675_CATTATCCCATTAACG-1,151675,Br8100,WM,67,31,10600,4808
151675_CATTCGTCGTAGCGGT-1,151675,Br8100,L2,62,122,10047,11078
151675_CATTGCGAAATGGGCG-1,151675,Br8100,L4,36,12,6876,3527
151675_CCAAATAACAAGATTC-1,151675,Br8100,L3,51,113,8724,10468
151675_CCAACGCTTGCCAGGG-1,151675,Br8100,L2,10,100,3806,9609
151675_CCAAGTTTCTACAGAT-1,151675,Br8100,L1,14,8,4239,3271
151675_CCAATGTCACAGCAAG-1,151675,Br8100,L6,37,49,7015,6074
151675_CCACACTGAGATATTA-1,151675,Br8100,L6,39,49,7254,6072
151675_CCACAGTACCCATCCT-1,151675,Br8100,L5,48,92,8354,9025
151675_CCACATACTGCACCCA-1,151675,Br8100,L2,52,118,8847,10811
151675_CCACGGCAGGTGTAGG-1,151675,Br8100,WM,71,31,11079,4804
151675_CCAGCTCGAACGCATT-1,151675,Br8100,L6,63,65,10138,7152
151675_CCAGTCTAGACGGCGC-1,151675,Br8100,L5,24,86,5476,8632
151675_CCAGTGAGCTCCTTGT-1,151675,Br8100,L1,0,12,2564,3559
151675_CCAGTGTACAGACCGA-1,151675,Br8100,WM,72,18,11192,3909
151675_CCATAAACAACCCGAC-1,151675,Br8100,L3,14,76,4273,7953
151675_CCATATGGAAACTATA-1,151675,Br8100,L3,53,103,8959,9777
151675_CCATCTCACCAGTGAA-1,151675,Br8100,L4,38,98,7159,9446
151675_CCATGCTCTGCAGGAA-1,151675,Br8100,L3,21,43,5095,5675
151675_CCATGGCAAACGCTCA-1,151675,Br8100,WM,74,40,11443,5421
151675_CCATTTCTACCTATTA-1,151675,Br8100,L6,55,71,9182,7573
151675_CCCAATGAGATTTGCA-1,151675,Br8100,WM,60,40,9766,5434
151675_CCCAATTTCACAACTT-1,151675,Br8100,L5,39,33,7246,4970
151675_CCCAGGAAGAATTCGA-1,151675,Br8100,L6,74,66,11456,7212
151675_CCCAGGTCTGAAGGCT-1,151675,Br8100,L3,53,111,8963,10328
151675_CCCAGTAAACTTGGGA-1,151675,Br8100,L6,52,12,8793,3513
151675_CCCATATAGGTCGATT-1,151675,Br8100,L2,65,117,10404,10731
151675_CCCGACCATAGTCCGC-1,151675,Br8100,L4,20,74,4991,7810
151675_CCCGCAGCGCGAACTA-1,151675,Br8100,L6,49,67,8462,7302
151675_CCCGCAGGGCCCAAAG-1,151675,Br8100,L3,11,79,3915,8162
151675_CCCGGTGTATCGGAAT-1,151675,Br8100,L6,53,17,8916,3856
151675_CCCGTAAGTCTAGGCC-1,151675,Br8100,L5,40,28,7364,4625
151675_CCCTCCTCGCTCGTAT-1,151675,Br8100,L3,50,106,8601,9987
151675_CCGAACACTGGGCCTC-1,151675,Br8100,L5,44,18,7838,3933
151675_CCGAACCTTCCCGGCC-1,151675,Br8100,L6,49,71,8464,7578
151675_CCGACGTAAACACAAC-1,151675,Br8100,L3,13,97,4164,9399
151675_CCGAGAAGTCGCATAA-1,151675,Br8100,L3,46,112,8125,10403
151675_CCGATTCGAGGGACCC-1,151675,Br8100,L5,38,20,7120,4076
151675_CCGCCGGTCAACACAC-1,151675,Br8100,L2,13,55,4143,6508
151675_CCGCGGAATGCGTCAC-1,151675,Br8100,WM,51,45,8690,5786
151675_CCGCGGGTACGAAGAA-1,151675,Br8100,L4,32,26,6404,4494
151675_CCGCGTAGGTAAGGGC-1,151675,Br8100,L3,30,22,6163,4221
151675_CCGCTCCAGGGCGATC-1,151675,Br8100,L5,71,69,11098,7421
151675_CCGGAGCGTACTTTCT-1,151675,Br8100,WM,58,56,9534,6537
151675_CCGGCACGACCGTTTC-1,151675,Br8100,L3,35,111,6807,10344
151675_CCGGGCGGTCTCGTCA-1,151675,Br8100,L5,32,76,6429,7937
151675_CCGTTCCGAATCTCGG-1,151675,Br8100,L5,40,22,7361,4212
151675_CCTAACCCAAACAAGT-1,151675,Br8100,L5,49,89,8473,8817
151675_CCTACATTCACAGACG-1,151675,Br8100,WM,51,33,8684,4960
151675_CCTACGGCTCAGTCGA-1,151675,Br8100,L1,16,32,4491,4922
151675_CCTAGGCGTAGCGATC-1,151675,Br8100,L5,36,88,6915,8760
151675_CCTAGGTAAAGGTAGC-1,151675,Br8100,L6,51,11,8673,3445
151675_CCTATGGGTTACCGTC-1,151675,Br8100,L5,29,69,6067,7458
151675_CCTATGGTCAAAGCTG-1,151675,Br8100,L6,68,68,10738,7355
151675_CCTCACCAATCTTGAC-1,151675,Br8100,L2,17,35,4612,5127
151675_CCTCACCTGAGGGAGC-1,151675,Br8100,L3,28,102,5963,9731
151675_CCTCCTGTTGTGTCGT-1,151675,Br8100,L3,62,96,10034,9288
151675_CCTCGAAGTGGACGGG-1,151675,Br8100,L3,15,71,4390,7608
151675_CCTCTAATCTGCCAAG-1,151675,Br8100,L5,23,73,5350,7738
151675_CCTCTACAAGGATTGG-1,151675,Br8100,WM,67,27,10598,4533
151675_CCTCTGGCCTAGACGG-1,151675,Br8100,L3,15,75,4392,7883
151675_CCTGACGCAACCTTTA-1,151675,Br8100,L1,3,87,2961,8720
151675_CCTGCGTTCTACGCTT-1,151675,Br8100,L3,32,14,6398,3668
151675_CCTGGAAACGTTCTGC-1,151675,Br8100,L2,39,113,7287,10478
151675_CCTGGTCGAATGTGGG-1,151675,Br8100,L6,59,69,9661,7431
151675_CCTGTCACCCGGGCTC-1,151675,Br8100,L5,29,67,6066,7320
151675_CCTTCAGTTAAAGTGA-1,151675,Br8100,WM,61,47,9889,5915
151675_CCTTCCGCAACGCTGC-1,151675,Br8100,WM,71,15,11071,3703
151675_CCTTGACCACTTTATT-1,151675,Br8100,L3,55,109,9202,10189
151675_CCTTTAAGGGAGCACT-1,151675,Br8100,WM,58,50,9531,6124
151675_CCTTTCAATGAAGAAA-1,151675,Br8100,L3,25,95,5600,9251
151675_CGAAACGCAATTCATG-1,151675,Br8100,L6,41,33,7486,4968
151675_CGAACAGTATGGGCGT-1,151675,Br8100,L4,50,96,8596,9298
151675_CGAACGCCCAGTGCCG-1,151675,Br8100,L3,14,70,4270,7540
151675_CGAAGCCACAGCATGG-1,151675,Br8100,WM,72,8,11187,3220
151675_CGAATTACATGGTGTT-1,151675,Br8100,L1,2,94,2845,9203
151675_CGACACGCTCCGACAG-1,151675,Br8100,L5,46,94,8116,9164
151675_CGAGAGATGTGAACCT-1,151675,Br8100,L5,29,73,6069,7733
151675_CGAGATTTCGCTCGGG-1,151675,Br8100,L2,42,116,7648,10682
151675_CGAGCCGAGCACTCGA-1,151675,Br8100,L1,11,3,3877,2929
151675_CGAGTGAAGGTACCAG-1,151675,Br8100,WM,55,29,9161,4681
151675_CGATAATACTCAGGTT-1,151675,Br8100,L2,43,117,7768,10750
151675_CGATCCACCATTGTTG-1,151675,Br8100,WM,72,54,11210,6387
151675_CGATCCTCGCAACATA-1,151675,Br8100,WM,66,40,10485,5429
151675_CGATGGACCCTACGCC-1,151675,Br8100,L3,22,96,5242,9323
151675_CGATGTTGTTATCTAC-1,151675,Br8100,WM,58,12,9512,3508
151675_CGATTCGCCTGGCTGC-1,151675,Br8100,L6,57,73,9423,7708
151675_CGCAATCGATCATTAG-1,151675,Br8100,L1,24,0,5433,2711
151675_CGCAATTCTACAATAA-1,151675,Br8100,L3,26,28,5686,4637
151675_CGCACATGTCCACTAC-1,151675,Br8100,L5,39,87,7274,8688
151675_CGCAGAAACATTTGCG-1,151675,Br8100,L1,8,58,3545,6719
151675_CGCATCATGGCTTCAG-1,151675,Br8100,L3,9,85,3679,8577
151675_CGCATGCCGAATGCGT-1,151675,Br8100,L4,67,89,10629,8801
151675_CGCATTAGCTAATAGG-1,151675,Br8100,L5,27,57,5821,6633
151675_CGCCAAGAAGCCGAGT-1,151675,Br8100,L5,39,17,7238,3869
151675_CGCCGCCCATGCCTGT-1,151675,Br8100,L5,39,83,7272,8413
151675_CGCGACACTGCGCAGC-1,151675,Br8100,L1,24,12,5439,3538
151675_CGCGGGAATTAGGCAG-1,151675,Br8100,L5,28,80,5952,8216
151675_CGCGTTCATGAAATAC-1,151675,Br8100,L5,27,51,5818,6220
151675_CGCTACGGGACATTTA-1,151675,Br8100,L6,38,48,7134,6004
151675_CGCTAGAGACCGCTGC-1,151675,Br8100,L4,39,101,7281,9652
151675_CGCTATACCGCCCACT-1,151675,Br8100,L1,14,36,4253,5199
151675_CGCTATTCAATGTATG-1,151675,Br8100,L2,19,31,4849,4850
151675_CGCTCGACATAATGAT-1,151675,Br8100,L3,21,45,5096,5812
151675_CGCTGTGACGCCGCAC-1,151675,Br8100,L4,25,47,5576,5946
151675_CGCTTCGGTCTAAGAC-1,151675,Br8100,L3,66,104,10517,9835
151675_CGCTTGGACGGATAGA-1,151675,Br8100,L2,63,117,10164,10733
151675_CGGAAAGAATCAAACG-1,151675,Br8100,WM,58,48,9530,5986
151675_CGGAAATTTCACATCC-1,151675,Br8100,L2,4,82,3078,8375
151675_CGGAACGTAAACATAG-1,151675,Br8100,WM,47,45,8211,5789
151675_CGGAGTTTGAGAGACA-1,151675,Br8100,L4,30,34,6169,5047
151675_CGGCAGGGTCGGGTTG-1,151675,Br8100,L4,32,94,6439,9176
151675_CGGGAAGTACCGTGGC-1,151675,Br8100,WM,70,12,10950,3497
151675_CGGGAATTTATGTAAA-1,151675,Br8100,L6,45,65,7981,7168
151675_CGGGAGCTTCAGTGTA-1,151675,Br8100,L5,49,91,8474,8955
151675_CGGGCCTTCTTTGTAA-1,151675,Br8100,L6,41,55,7497,6483
151675_CGGTAGAGGTGCAGGT-1,151675,Br8100,L3,22,92,5240,9047
151675_CGGTATAGGTATTAGC-1,151675,Br8100,L2,11,99,3925,9539
151675_CGGTCAAGTGGGAACC-1,151675,Br8100,L5,26,80,5713,8218
151675_CGGTGAAGACTAAAGT-1,151675,Br8100,L5,35,23,6762,4285
151675_CGGTGCAGATAGAACG-1,151675,Br8100,L6,42,36,7607,5174
151675_CGGTGGGCTCCAGCCT-1,151675,Br8100,L3,15,99,4404,9535
151675_CGGTGTACTTGATCCC-1,151675,Br8100,L1,17,31,4610,4852
151675_CGGTTCAAGTAGGTGT-1,151675,Br8100,L3,24,98,5482,9459
151675_CGGTTGACCTGGCATA-1,151675,Br8100,L5,39,25,7242,4419
151675_CGTAATAATTACGAGT-1,151675,Br8100,L1,14,6,4238,3133
151675_CGTACCGAAAGTCTAG-1,151675,Br8100,L1,10,12,3762,3550
151675_CGTATTAAGAGATCTA-1,151675,Br8100,L5,32,54,6418,6422
151675_CGTCCAGATGGCTCCA-1,151675,Br8100,L1,12,0,3995,2722
151675_CGTCGCATGTGAGCCA-1,151675,Br8100,L5,65,77,10383,7977
151675_CGTCGGGTCTAAGCGC-1,151675,Br8100,WM,54,22,9038,4200
151675_CGTCGTCCTTCGCGAA-1,151675,Br8100,L5,56,76,9305,7916
151675_CGTCTGGAAGGGCCCG-1,151675,Br8100,L3,16,62,4506,6987
151675_CGTGAAGTTAATTCAC-1,151675,Br8100,L6,40,56,7378,6553
151675_CGTGCATTGTCGACGC-1,151675,Br8100,L5,39,31,7245,4833
151675_CGTGTCCCATTCGCGA-1,151675,Br8100,L4,28,40,5932,5462
151675_CGTTCAGACCCGCGAA-1,151675,Br8100,L6,65,61,10375,6875
151675_CGTTGAGCGACCGTCG-1,151675,Br8100,L6,44,74,7866,7789
151675_CGTTGCCCGCGTGGGA-1,151675,Br8100,WM,65,45,10367,5774
151675_CGTTGTAAACGTCAGG-1,151675,Br8100,L1,21,13,5080,3609
151675_CGTTGTAAGATTGATT-1,151675,Br8100,L3,26,108,5727,10145
151675_CGTTGTCGGCAATTGA-1,151675,Br8100,L6,64,66,10258,7220
151675_CGTTGTTTCAATTCCC-1,151675,Br8100,L5,34,40,6651,5457
151675_CGTTTAAGCGGAGCAC-1,151675,Br8100,L3,13,59,4145,6783
151675_CTAAAGGGAAATAGGA-1,151675,Br8100,L6,44,62,7860,6963
151675_CTAACTGATAATCGCC-1,151675,Br8100,L3,58,102,9557,9704
151675_CTAATTTCAACAACAC-1,151675,Br8100,L2,21,27,5087,4573
151675_CTACAAGAAATAACCC-1,151675,Br8100,WM,58,40,9526,5436
151675_CTACATATCGCGGGAC-1,151675,Br8100,WM,68,12,10710,3499
151675_CTACCCTAAGGTCATA-1,151675,Br8100,L5,31,91,6317,8971
151675_CTACGATCCTATCCTA-1,151675,Br8100,WM,69,19,10833,3980
151675_CTACTCAAGGTATAGT-1,151675,Br8100,WM,60,42,9767,5571
151675_CTAGGCGCCCTATCAG-1,151675,Br8100,L5,51,91,8713,8953
151675_CTAGGGATAGGGACAA-1,151675,Br8100,WM,71,43,11085,5631
151675_CTAGGTTCGGACGTGA-1,151675,Br8100,L6,58,70,9541,7501
151675_CTAGTTACAACCCGGT-1,151675,Br8100,L6,53,67,8941,7299
151675_CTATCGACGAAATACA-1,151675,Br8100,L5,53,93,8954,9089
151675_CTATGGGAAGCGGAAT-1,151675,Br8100,L3,54,104,9079,9845
151675_CTATGTCACTAGCCCA-1,151675,Br8100,L5,30,66,6185,7250
151675_CTATTTGCTTGGAGGA-1,151675,Br8100,L6,70,64,10976,7077
151675_CTCAAGACATTAGCGC-1,151675,Br8100,L2,14,102,4286,9743
151675_CTCCCTCCTTTCGATC-1,151675,Br8100,L6,51,23,8679,4271
151675_CTCCCTTGTATCAAGG-1,151675,Br8100,WM,75,9,11547,3286
151675_CTCGAGGTCGAACAGT-1,151675,Br8100,L5,29,59,6062,6769
151675_CTCGCCGAATGTAGGG-1,151675,Br8100,L6,60,64,9778,7086
151675_CTCGGGTTCTCTGGCC-1,151675,Br8100,WM,61,27,9879,4538
151675_CTCGGTCCGTAGCCTG-1,151675,Br8100,L3,18,50,4739,6159
151675_CTCGTCTGTGCCTTCG-1,151675,Br8100,L4,70,82,10985,8317
151675_CTCTAATGCATTGATC-1,151675,Br8100,L2,24,110,5488,10285
151675_CTCTCACAATCGATGA-1,151675,Br8100,L6,32,70,6426,7524
151675_CTCTCGCTGTACTATG-1,151675,Br8100,L1,24,6,5436,3124
151675_CTCTGCAGGCATTCTT-1,151675,Br8100,WM,71,23,11075,4254
151675_CTCTTGTCCCGCTTGG-1,151675,Br8100,WM,54,58,9056,6678
151675_CTGACATAGAAATAGA-1,151675,Br8100,L2,51,119,8727,10881
151675_CTGATCCCTTTATGCA-1,151675,Br8100,WM,71,29,11078,4667
151675_CTGCAGAGAATCAGAG-1,151675,Br8100,L3,61,101,9916,9633
151675_CTGCCATGCATCACAT-1,151675,Br8100,L6,40,62,7381,6966
151675_CTGCCTTTAATACCTT-1,151675,Br8100,WM,64,28,10239,4604
151675_CTGCCTTTCTAGTAAA-1,151675,Br8100,L4,63,93,10152,9080
151675_CTGCGGTAGTCACGTG-1,151675,Br8100,L3,10,92,3802,9058
151675_CTGGACGCAGTCCGGC-1,151675,Br8100,L6,51,13,8674,3583
151675_CTGGATTTACACTTGA-1,151675,Br8100,WM,49,55,8455,6476
151675_CTGGCATCCGAATGAG-1,151675,Br8100,L6,48,26,8321,4480
151675_CTGGCGACATAAGTCC-1,151675,Br8100,L3,17,81,4635,8294
151675_CTGGCTGATTCATCCT-1,151675,Br8100,L4,44,96,7877,9303
151675_CTGGTTTCGAGCAAGA-1,151675,Br8100,L5,46,88,8113,8751
151675_CTGTACTTCTTAGCAT-1,151675,Br8100,L6,39,51,7255,6210
151675_CTGTTACCCAATCTAG-1,151675,Br8100,WM,48,58,8337,6684
151675_CTTACACTGGGAAATA-1,151675,Br8100,L3,16,48,4499,6023
151675_CTTCATAGCTCAAGAA-1,151675,Br8100,L3,19,37,4852,5263
151675_CTTCTATTAATGCTAG-1,151675,Br8100,WM,51,47,8691,5924
151675_CTTGCAACCGCCTCCT-1,151675,Br8100,L5,43,25,7722,4416
151675_CTTGTCAACATTCGAG-1,151675,Br8100,L6,50,66,8581,7233
151675_CTTGTGAGGACAGCGG-1,151675,Br8100,L1,6,10,3281,3416
151675_CTTTGCATCGCTCTTG-1,151675,Br8100,L4,60,94,9793,9152
151675_CTTTGGGATTGTTGCA-1,151675,Br8100,WM,62,44,10007,5707
151675_GAAACTCGTGCGATGC-1,151675,Br8100,L3,28,24,5924,4360
151675_GAAAGCCCTTTGGACC-1,151675,Br8100,L4,35,21,6761,4148
151675_GAAATTCACATCGCTG-1,151675,Br8100,L2,13,49,4140,6095
151675_GAAATTGTCTCTATAA-1,151675,Br8100,L6,43,53,7736,6344
151675_GAACACACATCAACCA-1,151675,Br8100,L4,22,50,5218,6156
151675_GAACAGATTACTAAAT-1,151675,Br8100,L6,57,71,9422,7571
151675_GAACGACCGAATGATA-1,151675,Br8100,L4,19,63,4866,7053
151675_GAACTGTGGAGAGACA-1,151675,Br8100,L6,68,66,10737,7217
151675_GAAGAAACGATATTGT-1,151675,Br8100,WM,59,29,9640,4677
151675_GAAGTCAGTTGCACTA-1,151675,Br8100,WM,52,58,8816,6680
151675_GAAGTTTCCACTCAAT-1,151675,Br8100,L6,36,46,6894,5868
151675_GAATAGCCCTGCGGTC-1,151675,Br8100,L1,18,110,4769,10290
151675_GAATGCCGAAATGACC-1,151675,Br8100,L1,21,17,5082,3884
151675_GAATGCGAATCGGTTC-1,151675,Br8100,L6,63,69,10140,7428
151675_GACAAACATATGCAGG-1,151675,Br8100,L4,44,100,7879,9579
151675_GACAGCCAGACCTGAC-1,151675,Br8100,L5,42,86,7633,8617
151675_GACGCCGTAAAGGCTA-1,151675,Br8100,WM,54,54,9054,6403
151675_GACGTTGCTCGGCGGC-1,151675,Br8100,WM,73,31,11319,4803
151675_GACTCCTTCCAATTGA-1,151675,Br8100,WM,56,10,9271,3372
151675_GACTGCACCAGCCCAG-1,151675,Br8100,L6,46,80,8109,8200
151675_GACTGGGCGCCGCAAC-1,151675,Br8100,L2,6,94,3324,9199
151675_GAGAACGGTTCTGACT-1,151675,Br8100,L3,67,103,10636,9765
151675_GAGAGGTGCATTCTGG-1,151675,Br8100,L6,44,28,7843,4622
151675_GAGAGTCTCGGGAGAG-1,151675,Br8100,WM,72,40,11203,5423
151675_GAGATCTGCTTGGCAT-1,151675,Br8100,L5,34,44,6653,5732
151675_GAGATGGCTTTAATCA-1,151675,Br8100,L5,70,76,10982,7904
151675_GAGCATCAACAACTTG-1,151675,Br8100,WM,64,30,10240,4742
151675_GAGCATCATCCCTGGG-1,151675,Br8100,L1,12,40,4015,5476
151675_GAGCGCGCACGAGTAG-1,151675,Br8100,L5,49,93,8475,9092
151675_GAGCGGAATGCGGTGT-1,151675,Br8100,WM,68,48,10728,5978
151675_GAGCTCAACATGAGCG-1,151675,Br8100,L5,73,69,11338,7419
151675_GAGCTCTCGGACCTAA-1,151675,Br8100,L1,15,33,4371,4991
151675_GAGGAGATCCTCATGC-1,151675,Br8100,L1,12,8,3999,3273
151675_GAGGATAAACAGTGCT-1,151675,Br8100,L2,40,114,7407,10546
151675_GAGGCCCGACTCCGCA-1,151675,Br8100,WM,55,23,9158,4268
151675_GAGGCTATCAAAGTCG-1,151675,Br8100,L5,35,27,6764,4561
151675_GAGTACGGGTATACAA-1,151675,Br8100,L2,15,43,4376,5680
151675_GAGTATCAAAGTTACA-1,151675,Br8100,L2,57,121,9447,11013
151675_GAGTGTGCGGTACCCA-1,151675,Br8100,L5,44,88,7873,8753
151675_GATAGAACCCGCTAGG-1,151675,Br8100,WM,70,56,10972,6527
151675_GATAGCGTACCACGCG-1,151675,Br8100,L1,12,2,3996,2860
151675_GATATGAGACACTAAC-1,151675,Br8100,L5,39,81,7271,8275
151675_GATCGCGGGCTCTCCA-1,151675,Br8100,L6,36,52,6897,6281
151675_GATCGGCGATAAGTCG-1,151675,Br8100,L1,20,14,4961,3679
151675_GATCTCGACGCTGTGG-1,151675,Br8100,L2,50,118,8607,10813
151675_GATCTTTGCAGGGTAT-1,151675,Br8100,L5,36,38,6890,5317
151675_GATGACAAGTAGGGCA-1,151675,Br8100,WM,57,33,9403,4954
151675_GATGCCAGCAGAAGGC-1,151675,Br8100,L2,23,17,5322,3883
151675_GATGCGTCCTGCATTC-1,151675,Br8100,L6,37,57,7019,6624
151675_GATGGTGCCCTAGGCA-1,151675,Br8100,L3,10,78,3795,8094
151675_GATTAACCGAAAGCCC-1,151675,Br8100,L4,55,93,9193,9087
151675_GATTAGAAACAAGCGT-1,151675,Br8100,WM,75,45,11565,5765
151675_GATTCCCTTGTCGCAG-1,151675,Br8100,L5,25,67,5586,7323
151675_GATTCCGCGTTTCCGT-1,151675,Br8100,L3,16,76,4513,7951
151675_GATTCCTATACGGCGC-1,151675,Br8100,L3,25,23,5564,4294
151675_GCAAACCCTACATTAT-1,151675,Br8100,L5,48,82,8349,8336
151675_GCAAACCTTGGCCATA-1,151675,Br8100,L6,57,67,9420,7295
151675_GCAAACGTCGCCAGGT-1,151675,Br8100,L2,47,117,8247,10747
151675_GCAACACACTAGAACT-1,151675,Br8100,L5,46,16,8076,3794
151675_GCAACCACGGCCGCGT-1,151675,Br8100,L6,43,29,7724,4691
151675_GCACAAACGAGGCGTG-1,151675,Br8100,L3,46,114,8126,10541
151675_GCACAACCTCGGGCGT-1,151675,Br8100,WM,58,10,9511,3370
151675_GCACAAGTGTCGGAAG-1,151675,Br8100,L2,10,64,3788,7130
151675_GCACTGCCTACCTTTA-1,151675,Br8100,L6,66,68,10499,7356
151675_GCAGATTAGGGATATC-1,151675,Br8100,L6,37,61,7021,6900
151675_GCAGCACACAGCCCAG-1,151675,Br8100,L6,38,42,7131,5591
151675_GCATAGAGCACTCAGG-1,151675,Br8100,L6,37,59,7020,6762
151675_GCATCCCTAACTTTGA-1,151675,Br8100,L2,16,42,4496,5610
151675_GCATCCTCTCCTATTA-1,151675,Br8100,L1,0,6,2561,3145
151675_GCATTCGAAATGAACA-1,151675,Br8100,L3,28,14,5919,3672
151675_GCATTGTAATTCATAT-1,151675,Br8100,L5,41,21,7480,4142
151675_GCCATATTGCACACAG-1,151675,Br8100,L3,22,90,5239,8910
151675_GCCATCGAGCTGCGTG-1,151675,Br8100,WM,53,47,8931,5922
151675_GCCCGATCTGTGGTCG-1,151675,Br8100,L6,53,63,8939,7023
151675_GCCCGCGCGTTTGACA-1,151675,Br8100,L3,20,40,4974,5469
151675_GCCGAAATTCCTACGT-1,151675,Br8100,L5,35,45,6773,5800
151675_GCCGGGTTAGGGTCGC-1,151675,Br8100,L6,41,59,7499,6759
151675_GCCGGTCGTATCTCTC-1,151675,Br8100,WM,70,54,10971,6389
151675_GCCTACGTTCTGTGCA-1,151675,Br8100,L5,68,82,10745,8318
151675_GCCTTCAGCCCTACCG-1,151675,Br8100,L3,16,50,4500,6161
151675_GCCTTGTATATGCAGT-1,151675,Br8100,L1,17,15,4602,3750
151675_GCGAAACGATCGGGAG-1,151675,Br8100,L4,54,100,9077,9570
151675_GCGAAGAATCTGACGG-1,151675,Br8100,L5,66,84,10507,8458
151675_GCGAGCGCATGCTCCC-1,151675,Br8100,L3,37,109,7045,10205
151675_GCGCGTTTAAATCGTA-1,151675,Br8100,L1,1,9,2682,3351
151675_GCGCTATGCCGAGGCA-1,151675,Br8100,L6,43,47,7733,5931
151675_GCGCTTAAATAATTGG-1,151675,Br8100,L5,57,89,9431,8810
151675_GCGGAGAAACTTCGCA-1,151675,Br8100,WM,55,33,9163,4956
151675_GCGGGAACCAGGCCCT-1,151675,Br8100,L3,18,48,4738,6021
151675_GCGGTGAACTGCGCTC-1,151675,Br8100,L3,20,94,5001,9187
151675_GCGTAAATGGCCATAA-1,151675,Br8100,L3,34,102,6682,9725
151675_GCGTGGTACTGGGTTA-1,151675,Br8100,L5,35,95,6798,9242
151675_GCTAATACCGAATGCC-1,151675,Br8100,L3,21,47,5097,5950
151675_GCTAGGCACCACGGAG-1,151675,Br8100,L5,54,84,9069,8468
151675_GCTCAATCCGTTTATT-1,151675,Br8100,WM,53,35,8925,5096
151675_GCTCAATGTAATACCG-1,151675,Br8100,WM,62,58,10014,6671
151675_GCTCATTACTGCATGT-1,151675,Br8100,L3,13,93,4162,9124
151675_GCTCATTGATCATATC-1,151675,Br8100,WM,74,48,11447,5972
151675_GCTCCATGCAAAGCAA-1,151675,Br8100,WM,69,55,10851,6459
151675_GCTCCCAGTCGGTCCA-1,151675,Br8100,L3,43,109,7764,10199
151675_GCTCGCTCATGTCCAA-1,151675,Br8100,L4,41,99,7519,9513
151675_GCTCTATGTTACGTGC-1,151675,Br8100,L4,26,40,5693,5464
151675_GCTCTTTCCGCTAGTG-1,151675,Br8100,WM,64,54,10252,6394
151675_GCTGCGAAGAATTATT-1,151675,Br8100,WM,74,46,11446,5835
151675_GCTGCGCCTCCCACGT-1,151675,Br8100,L1,21,1,5074,2783
151675_GCTGCTAAGTAGTCGA-1,151675,Br8100,WM,56,56,9295,6539
151675_GCTGGCAGGTGCCGTG-1,151675,Br8100,L1,26,2,5673,2847
151675_GCTGGCATATTCACCT-1,151675,Br8100,L4,31,31,6287,4840
151675_GCTGGGAGCGCGTCAA-1,151675,Br8100,WM,73,33,11320,4940
151675_GCTGGGTCCGCTGTTA-1,151675,Br8100,L1,3,15,2925,3763
151675_GCTGTATTACTGGCCC-1,151675,Br8100,L6,46,38,8088,5308
151675_GCTTCGACGTTCAATC-1,151675,Br8100,WM,69,15,10831,3705
151675_GCTTGGATCGATTAGG-1,151675,Br8100,L4,31,97,6320,9384
151675_GGAAAGTGCCCATGCC-1,151675,Br8100,L3,20,90,4999,8911
151675_GGAACTTTGGCGATTA-1,151675,Br8100,L3,60,110,9801,10253
151675_GGAAGCTCGCTTACAG-1,151675,Br8100,L3,11,83,3917,8437
151675_GGACCTCTAGGCCGCC-1,151675,Br8100,WM,58,30,9521,4747
151675_GGAGGGTCAAGTAAGA-1,151675,Br8100,L3,62,114,10043,10527
151675_GGATCCCTACCAGCTA-1,151675,Br8100,L1,8,12,3522,3552
151675_GGATCTTGACTCAACC-1,151675,Br8100,L6,51,17,8676,3858
151675_GGATTTCACTTCTATA-1,151675,Br8100,L5,31,83,6313,8420
151675_GGCAAAGGCGCCAATA-1,151675,Br8100,WM,54,34,9044,5026
151675_GGCACTGCGGTGGTTT-1,151675,Br8100,L3,70,110,10999,10245
151675_GGCCGAGACTCTGGTG-1,151675,Br8100,WM,62,32,10001,4881
151675_GGCCGTTTGGGTTTCA-1,151675,Br8100,WM,59,45,9648,5779
151675_GGCCTGCTTCTCCCGA-1,151675,Br8100,L3,59,113,9683,10461
151675_GGCGCAGGACATCTTC-1,151675,Br8100,L5,37,27,7004,4559
151675_GGCGTAGGGAAAGCTG-1,151675,Br8100,L5,64,82,10266,8322
151675_GGCGTCCTATCCGCTG-1,151675,Br8100,L4,31,33,6288,4977
151675_GGCTACTATACACTCC-1,151675,Br8100,WM,64,44,10247,5706
151675_GGCTCGTGCCACCAGC-1,151675,Br8100,L3,20,38,4973,5331
151675_GGCTCTGCTCCAACGC-1,151675,Br8100,L5,26,72,5709,7667
151675_GGGAATTCTGTCCAGT-1,151675,Br8100,L1,28,4,5914,2983
151675_GGGACCCGTATATCTT-1,151675,Br8100,WM,57,53,9413,6331
151675_GGGACTGCATAGATAG-1,151675,Br8100,L5,32,60,6421,6835
151675_GGGAGTTAATGAGGCG-1,151675,Br8100,L6,33,75,6549,7867
151675_GGGATTTACCGCACCT-1,151675,Br8100,L5,42,90,7635,8892
151675_GGGCAACCGCACGTGC-1,151675,Br8100,WM,55,19,9156,3992
151675_GGGCAGAGCAATCGTT-1,151675,Br8100,WM,58,60,9536,6813
151675_GGGCCCGTCTTAAACA-1,151675,Br8100,L6,42,52,7615,6276
151675_GGGCGAATTTCTCCAC-1,151675,Br8100,L1,17,7,4598,3199
151675_GGGCGTACATTTATAT-1,151675,Br8100,L5,24,54,5460,6429
151675_GGGCTCATCGAACCCA-1,151675,Br8100,L4,25,89,5597,8838
151675_GGGCTGGTTAGTCGCG-1,151675,Br8100,L5,31,51,6297,6217
151675_GGGTACACTCTGGAGG-1,151675,Br8100,L1,6,8,3280,3278
151675_GGGTACTTCATGAACT-1,151675,Br8100,L5,37,39,7010,5385
151675_GGGTGGTCCAGCCTGT-1,151675,Br8100,L2,7,69,3431,7477
151675_GGGTTCAGACGAACAA-1,151675,Br8100,L1,19,19,4843,4024
151675_GGGTTTCCGGCTTCCA-1,151675,Br8100,L1,0,14,2565,3696
151675_GGTAACCGGCAAAGGT-1,151675,Br8100,L1,6,4,3278,3003
151675_GGTAACCGGGAGGATA-1,151675,Br8100,WM,57,27,9400,4541
151675_GGTAACTATGTATCTG-1,151675,Br8100,L1,12,44,4017,5751
151675_GGTACATCTGGGACGA-1,151675,Br8100,L5,38,18,7119,3938
151675_GGTAGAAGACCGCCTG-1,151675,Br8100,L6,53,71,8943,7574
151675_GGTCAAGACTACTTCG-1,151675,Br8100,L3,53,105,8960,9915
151675_GGTCAGTGGGTCCCAC-1,151675,Br8100,L6,48,62,8339,6959
151675_GGTCGGATAAACGGCG-1,151675,Br8100,L3,23,97,5362,9391
151675_GGTCGGCCAGGAGCTT-1,151675,Br8100,L5,32,84,6434,8488
151675_GGTCGGTCGTCCACAG-1,151675,Br8100,WM,56,52,9293,6263
151675_GGTCTTGAGCGCTCTT-1,151675,Br8100,L6,65,65,10377,7151
151675_GGTGAGATGCAGATAA-1,151675,Br8100,L1,16,36,4493,5197
151675_GGTGATAAGGAGCAGT-1,151675,Br8100,L6,37,79,7030,8139
151675_GGTGCGGATAAGTGGC-1,151675,Br8100,L2,16,46,4498,5885
151675_GGTGCTGATCACAAAG-1,151675,Br8100,L3,27,21,5803,4155
151675_GGTGTAAATCGATTGT-1,151675,Br8100,L6,69,65,10857,7147
151675_GGTTAGGCTTGGAGAA-1,151675,Br8100,L4,28,36,5930,5186
151675_GGTTAGTTACGGCGCC-1,151675,Br8100,L3,27,23,5804,4292
151675_GGTTTAGCCTTTCTTG-1,151675,Br8100,L3,46,102,8120,9715
151675_GGTTTCAATCGGTCAG-1,151675,Br8100,L5,33,91,6557,8969
151675_GTAACATCTAAGATAA-1,151675,Br8100,L3,56,110,9322,10257
151675_GTAACTGCCCAAGGAG-1,151675,Br8100,WM,66,46,10488,5842
151675_GTAAGTAACAGTCTGG-1,151675,Br8100,L5,40,82,7391,8343
151675_GTAAGTAGGGTATACC-1,151675,Br8100,L3,26,36,5691,5188
151675_GTAATAAAGGGCTCCC-1,151675,Br8100,L3,31,103,6323,9797
151675_GTACAGAGGCAAGGGT-1,151675,Br8100,L5,37,83,7032,8415
151675_GTACTCCTGGGTATGC-1,151675,Br8100,L3,26,102,5724,9732
151675_GTACTGAGGTCGTAAC-1,151675,Br8100,L1,11,47,3899,5959
151675_GTAGACGTCGTTACAT-1,151675,Br8100,L1,13,39,4135,5406
151675_GTAGAGGGAGACAAGT-1,151675,Br8100,WM,51,31,8683,4822
151675_GTAGGTGATCCGTGTA-1,151675,Br8100,L3,17,79,4634,8157
151675_GTATAGTGGCCCATGT-1,151675,Br8100,L1,4,92,3083,9063
151675_GTATCAAACGTTAGCT-1,151675,Br8100,L4,55,97,9195,9363
151675_GTATCCTTTGGTAACC-1,151675,Br8100,L4,64,92,10271,9010
151675_GTATCGGGACGAGCTG-1,151675,Br8100,L1,5,15,3164,3761
151675_GTATTAAGGCGTCTAA-1,151675,Br8100,L2,20,26,4967,4505
151675_GTATTCTGAGAAACGA-1,151675,Br8100,WM,48,38,8327,5307
151675_GTATTTAATGGCATAA-1,151675,Br8100,L2,52,120,8848,10949
151675_GTCAAAGAAGTGGTGT-1,151675,Br8100,WM,56,18,9275,3923
151675_GTCACAAAGTTTCCAA-1,151675,Br8100,L1,9,61,3667,6924
151675_GTCATCTCCTACAGCT-1,151675,Br8100,L1,12,12,4001,3548
151675_GTCATGGACATGACTA-1,151675,Br8100,L5,26,62,5704,6978
151675_GTCCAGGCACGTGTGC-1,151675,Br8100,WM,70,44,10966,5700
151675_GTCCCGCGACGTTATG-1,151675,Br8100,L5,58,82,9547,8327
151675_GTCCTACAGGCGGCTC-1,151675,Br8100,L1,18,16,4722,3818
151675_GTCGTACCATCTCGGG-1,151675,Br8100,L6,46,62,8100,6961
151675_GTCTAGTGAGCCGCTT-1,151675,Br8100,L3,66,92,10511,9009
151675_GTCTATTGCATGCTCG-1,151675,Br8100,L3,65,105,10397,9905
151675_GTCTTGTAGCTATTCA-1,151675,Br8100,L3,44,112,7885,10405
151675_GTGAAACGGCGCCACC-1,151675,Br8100,L4,24,88,5477,8770
151675_GTGAAGCCGTATAGTC-1,151675,Br8100,L2,21,107,5127,10081
151675_GTGACGCAGGTTTCAT-1,151675,Br8100,L5,65,75,10382,7839
151675_GTGACTTCAGTAGTGC-1,151675,Br8100,WM,46,50,8094,6135
151675_GTGAGCGTGCTGCACT-1,151675,Br8100,L4,33,25,6524,4425
151675_GTGAGGACACTTAAGG-1,151675,Br8100,L6,41,77,7508,7998
151675_GTGAGGAGCGGTTGAG-1,151675,Br8100,L3,13,87,4159,8711
151675_GTGATCAAGCGTGCAC-1,151675,Br8100,WM,65,27,10358,4534
151675_GTGCACCAGCTTCAAC-1,151675,Br8100,WM,66,54,10492,6392
151675_GTGCCTAGCTATGCTT-1,151675,Br8100,L1,13,11,4121,3478
151675_GTGCCTCAGTGTACGG-1,151675,Br8100,L3,11,93,3922,9126
151675_GTGCCTGAGACCAAAC-1,151675,Br8100,L3,69,89,10869,8800
151675_GTGCGAAATCGAACAC-1,151675,Br8100,L6,45,43,7970,5653
151675_GTGCGGGTCTCCAAAT-1,151675,Br8100,L4,20,56,4982,6570
151675_GTGGCTGTTTCTGTTC-1,151675,Br8100,L3,70,92,10990,9005
151675_GTGGGAACAAACCGGG-1,151675,Br8100,WM,71,47,11087,5906
151675_GTGGGAAGACTGAATC-1,151675,Br8100,L5,45,15,7956,3726
151675_GTGGGCTTAGACACAC-1,151675,Br8100,L5,29,39,6051,5392
151675_GTGGTATAGTCTGCCG-1,151675,Br8100,WM,57,41,9407,5505
151675_GTGTACCTTGGCTACG-1,151675,Br8100,L5,26,78,5712,8080
151675_GTGTCAGTGTACGTGG-1,151675,Br8100,WM,68,42,10725,5564
151675_GTGTCGTATAGCGTTC-1,151675,Br8100,L6,54,76,9065,7918
151675_GTTAAAGTAGGACTGG-1,151675,Br8100,L5,49,83,8470,8404
151675_GTTAACATCACTTAAA-1,151675,Br8100,L6,55,73,9183,7710
151675_GTTCAGTCGCCAAATG-1,151675,Br8100,L6,70,60,10974,6802
151675_GTTCATCGTTTGGCTG-1,151675,Br8100,L3,33,105,6564,9933
151675_GTTCGCTGAGACGTCT-1,151675,Br8100,L3,53,109,8962,10191
151675_GTTCGGGCGTACCATT-1,151675,Br8100,L3,32,108,6446,10140
151675_GTTCTTCCCTCGATGT-1,151675,Br8100,L3,15,51,4380,6231
151675_GTTGCGCTAACATTAC-1,151675,Br8100,L2,41,119,7529,10890
151675_GTTGGTCATGCTATCC-1,151675,Br8100,L6,55,63,9178,7022
151675_GTTGTCGTGTTAGTTG-1,151675,Br8100,L2,15,47,4378,5955
151675_GTTTGACCAAATCCTA-1,151675,Br8100,L5,30,58,6181,6699
151675_TAAACCCAGGAGGGCA-1,151675,Br8100,WM,54,36,9045,5164
151675_TAAAGACAACCCTTTA-1,151675,Br8100,L2,40,118,7409,10822
151675_TAAAGTGCACGTCTCG-1,151675,Br8100,WM,72,50,11208,6112
151675_TAACAATATTTGTTGC-1,151675,Br8100,L3,28,16,5920,3809
151675_TAACGCTTTGAGAGCG-1,151675,Br8100,L3,27,29,5807,4705
151675_TAACTCCATGGAGGCT-1,151675,Br8100,L2,19,27,4847,4575
151675_TAAGGCCCGTCACCCT-1,151675,Br8100,L6,62,70,10020,7498
151675_TAAGTGAATAGTCTAC-1,151675,Br8100,WM,72,24,11195,4322
151675_TAATACTAGAACAGAC-1,151675,Br8100,L5,69,77,10863,7973
151675_TAATCGATCCGTACGT-1,151675,Br8100,L4,25,93,5599,9114
151675_TAATTAGGACATCCGT-1,151675,Br8100,L3,42,108,7644,10131
151675_TACAAGTCTCGTGCAT-1,151675,Br8100,L4,31,27,6285,4564
151675_TACACAGCCGTGGTGC-1,151675,Br8100,L5,72,74,11220,7764
151675_TACAGAAACGGTGGGC-1,151675,Br8100,L5,59,85,9669,8533
151675_TACATAGGCATACACC-1,151675,Br8100,L6,40,60,7380,6828
151675_TACATGACCTTATCCG-1,151675,Br8100,L1,23,5,5315,3056
151675_TACCAGAAGTAGGTTC-1,151675,Br8100,WM,49,51,8453,6201
151675_TACCAGCTAGGTTTAA-1,151675,Br8100,L3,11,65,3908,7198
151675_TACCGGCTCACTGCCC-1,151675,Br8100,L6,47,65,8221,7166
151675_TACCTGCTGCACTGTG-1,151675,Br8100,L3,28,22,5923,4223
151675_TACGACTGCCTCTTAG-1,151675,Br8100,L6,44,66,7862,7238
151675_TACGCAGTTCTTTCCT-1,151675,Br8100,L6,41,51,7495,6208
151675_TACGCTGCTGTGTTAA-1,151675,Br8100,WM,68,24,10716,4325
151675_TACGTACTAGTGCTGA-1,151675,Br8100,WM,62,42,10006,5570
151675_TACGTGGGCCCAGGGC-1,151675,Br8100,L5,69,81,10865,8249
151675_TACTATGGTTCCTCAG-1,151675,Br8100,WM,57,47,9410,5918
151675_TACTCACAACGTAGTA-1,151675,Br8100,L1,4,2,3038,2867
151675_TACTCCTCTAGTTGAC-1,151675,Br8100,WM,64,36,10243,5155
151675_TACTCTTTCGTCTTCA-1,151675,Br8100,WM,58,46,9529,5849
151675_TACTGCAATCAATTAC-1,151675,Br8100,L3,22,102,5245,9736
151675_TACTTAAACATGTACA-1,151675,Br8100,L3,66,108,10519,10110
151675_TACTTTACTGAGCCGG-1,151675,Br8100,L4,30,96,6200,9316
151675_TAGACGAAACGCCAAT-1,151675,Br8100,L5,63,73,10142,7703
151675_TAGAGTCTAAGCGAAC-1,151675,Br8100,L5,29,55,6060,6494
151675_TAGATTCAAAGTGCGG-1,151675,Br8100,WM,69,39,10843,5357
151675_TAGCCATTTCAAAGTC-1,151675,Br8100,L5,43,89,7754,8822
151675_TAGCTAGAAGGCATGA-1,151675,Br8100,WM,51,51,8693,6199
151675_TAGGGAGCTTGGGATG-1,151675,Br8100,L4,36,96,6919,9310
151675_TAGGTGTTCCACAGAT-1,151675,Br8100,WM,60,60,9776,6811
151675_TAGTAGCTTATACCAG-1,151675,Br8100,WM,61,43,9887,5639
151675_TAGTCCGCAGAGAATG-1,151675,Br8100,L6,39,53,7256,6347
151675_TAGTCCGTATGCATAA-1,151675,Br8100,L1,15,13,4361,3614
151675_TAGTCGATCACGGGTT-1,151675,Br8100,L4,48,96,8356,9300
151675_TAGTCTGCGGCACATT-1,151675,Br8100,WM,72,36,11201,5148
151675_TAGTGTCAGAAACGGC-1,151675,Br8100,L2,21,19,5083,4022
151675_TAGTTAAGATAGGATA-1,151675,Br8100,L3,12,82,4037,8368
151675_TAGTTTATTCTTGCTT-1,151675,Br8100,L2,13,57,4144,6645
151675_TATACCGAGTGCCACA-1,151675,Br8100,L2,50,120,8608,10951
151675_TATATAGGGCTTTACG-1,151675,Br8100,WM,63,33,10122,4949
151675_TATATATCGAGAAATG-1,151675,Br8100,WM,60,28,9760,4608
151675_TATATCCCTGGGAGGA-1,151675,Br8100,L4,36,98,6920,9448
151675_TATATGCTGGGTTGCC-1,151675,Br8100,L1,23,7,5317,3194
151675_TATCCGCACCGTCGGG-1,151675,Br8100,WM,59,53,9652,6330
151675_TATCCTGCATGGGAAT-1,151675,Br8100,L3,14,54,4262,6438
151675_TATGCTCCCTACTTAC-1,151675,Br8100,L5,25,61,5583,6910
151675_TATGGATGTGCTACGC-1,151675,Br8100,L5,26,54,5700,6427
151675_TATGGGACCGAGCAGG-1,151675,Br8100,L6,36,56,6899,6556
151675_TATGGGTACGTATCGT-1,151675,Br8100,L5,32,58,6420,6698
151675_TATGTCTCATTGTGCC-1,151675,Br8100,L5,30,82,6193,8352
151675_TATTACCATCCTGCTT-1,151675,Br8100,L4,38,96,7158,9309
151675_TATTATGTTTGCCTGC-1,151675,Br8100,WM,57,17,9395,3853
151675_TATTCCACTCAGCTCG-1,151675,Br8100,WM,49,57,8457,6614
151675_TATTCGTGCCAGAATA-1,151675,Br8100,L6,34,64,6663,7109
151675_TCAAACAACCGCGTCG-1,151675,Br8100,L5,24,60,5463,6842
151675_TCAAAGTCACGGCGTC-1,151675,Br8100,WM,70,24,10956,4323
151675_TCAAATTGTTGTGCCG-1,151675,Br8100,L5,68,78,10743,8043
151675_TCAAATTTGAGACTCA-1,151675,Br8100,L6,60,70,9781,7499
151675_TCAACAAAGATAATTC-1,151675,Br8100,WM,53,29,8922,4683
151675_TCAACATCGACCGAGA-1,151675,Br8100,L5,44,16,7837,3795
151675_TCAACGAGGAGACAAA-1,151675,Br8100,L6,42,56,7617,6551
151675_TCAACGCAGGAAATAA-1,151675,Br8100,L6,49,31,8443,4824
151675_TCACAAACCGAGGTAC-1,151675,Br8100,L4,61,95,9913,9220
151675_TCACAGCAAACTCGAA-1,151675,Br8100,WM,51,49,8692,6061
151675_TCACAGGAGAATAAGA-1,151675,Br8100,WM,55,49,9171,6058
151675_TCACAGGTTATTGGGC-1,151675,Br8100,L5,32,48,6415,6009
151675_TCACGCATTGTAGATC-1,151675,Br8100,L5,33,49,6536,6077
151675_TCAGGGTGTAACGTAA-1,151675,Br8100,L5,28,72,5948,7665
151675_TCAGGTTCTTTGAGAA-1,151675,Br8100,L5,30,42,6173,5598
151675_TCAGTACTGACCCGCG-1,151675,Br8100,L3,26,34,5690,5050
151675_TCAGTAGGGACTATAA-1,151675,Br8100,WM,46,48,8093,5997
151675_TCATATGAGCTTTGTT-1,151675,Br8100,L6,64,62,10256,6945
151675_TCATCCTCAGCTGCTT-1,151675,Br8100,L3,68,90,10749,8869
151675_TCATTTAGAAGTGTGA-1,151675,Br8100,L3,54,110,9082,10259
151675_TCCAACTTTAAATTCT-1,151675,Br8100,L6,40,40,7370,5451
151675_TCCAAGCCTAGACACA-1,151675,Br8100,L5,67,79,10624,8113
151675_TCCCAAAGACGAAGGA-1,151675,Br8100,L5,26,60,5703,6841
151675_TCCCGCGTACTCCTGG-1,151675,Br8100,L5,27,69,5827,7459
151675_TCCCGTCAGTCCCGCA-1,151675,Br8100,L5,23,75,5351,7876
151675_TCCCTCTTCTCAAGGG-1,151675,Br8100,L3,65,115,10403,10593
151675_TCCGACCGCTAATCAA-1,151675,Br8100,WM,70,36,10962,5150
151675_TCCGATTACATTGCCG-1,151675,Br8100,L5,32,32,6407,4908
151675_TCCGCCTGTCTACAAG-1,151675,Br8100,L6,56,74,9304,7778
151675_TCCGCTGTCATCCCGG-1,151675,Br8100,L5,47,81,8229,8268
151675_TCCGGGCTTGACGGGA-1,151675,Br8100,L3,66,96,10513,9284
151675_TCCTAAAGATTCAGAC-1,151675,Br8100,L4,68,84,10746,8456
151675_TCCTGCCAACTGGAGA-1,151675,Br8100,L3,12,90,4041,8918
151675_TCCTGCGTTGATACTC-1,151675,Br8100,L5,38,30,7125,4765
151675_TCCTTACGACGGTCCG-1,151675,Br8100,L5,49,95,8476,9230
151675_TCCTTTAAATCCGCTT-1,151675,Br8100,L5,56,92,9313,9017
151675_TCGAAATTTAGGACCA-1,151675,Br8100,L5,29,45,6054,5805
151675_TCGAATATCCCGCAGG-1,151675,Br8100,WM,58,32,9522,4885
151675_TCGAGCCAGGCAGGCC-1,151675,Br8100,WM,57,37,9405,5230
151675_TCGCACTAACGTTTGT-1,151675,Br8100,L1,14,0,4235,2720
151675_TCGCATAAAGGGCGCA-1,151675,Br8100,L3,63,111,10161,10320
151675_TCGCCGGATGGGCAAG-1,151675,Br8100,L1,26,4,5674,2985
151675_TCGCGTAGCAGTGTCC-1,151675,Br8100,L4,57,99,9436,9499
151675_TCGCGTCCAGAAGGTC-1,151675,Br8100,L4,31,29,6286,4702
151675_TCGCTGTGCGTAAATC-1,151675,Br8100,L2,17,41,4615,5540
151675_TCGGAATGACCATCAA-1,151675,Br8100,L2,6,76,3315,7960
151675_TCGGAATGCGCTCTGA-1,151675,Br8100,L4,30,28,6166,4634
151675_TCGGCGAACCCAAACC-1,151675,Br8100,L3,49,105,8481,9919
151675_TCGGGAACGTGCCTAG-1,151675,Br8100,L3,31,109,6326,10210
151675_TCGGGATTCAAACATA-1,151675,Br8100,L5,39,15,7237,3731
151675_TCGGGTGAAACTGCTA-1,151675,Br8100,L1,10,56,3784,6579
151675_TCGGTCCCGACAATAG-1,151675,Br8100,WM,57,23,9398,4266
151675_TCGTACCGACGTCAAG-1,151675,Br8100,WM,68,56,10732,6528
151675_TCGTCCGCTGGCGTCT-1,151675,Br8100,L3,22,40,5213,5467
151675_TCGTGTATTGGTCACG-1,151675,Br8100,L2,53,117,8966,10741
151675_TCGTGTTCGACCACAA-1,151675,Br8100,L3,57,105,9439,9912
151675_TCGTTGCTATCCGGTC-1,151675,Br8100,WM,54,46,9050,5852
151675_TCTAAAGAACAGTCTC-1,151675,Br8100,L6,52,10,8792,3375
151675_TCTACACGTTCATGCA-1,151675,Br8100,L1,5,93,3203,9131
151675_TCTAGCAATCTCCGCC-1,151675,Br8100,L6,46,30,8083,4758
151675_TCTATCATGCAGTTAC-1,151675,Br8100,L3,18,40,4734,5471
151675_TCTATTACGCTGGCGA-1,151675,Br8100,L1,14,34,4252,5061
151675_TCTCATGAGATAGGGT-1,151675,Br8100,L5,49,87,8472,8679
151675_TCTCCAACGTAGGTTA-1,151675,Br8100,L4,20,78,4993,8085
151675_TCTCTAATAGCTGGTA-1,151675,Br8100,L3,20,52,4980,6295
151675_TCTGAGCAATTGACTG-1,151675,Br8100,L3,54,112,9083,10396
151675_TCTGCCAGAAACTGCA-1,151675,Br8100,L6,41,79,7509,8136
151675_TCTGGGAACCTTTGAA-1,151675,Br8100,L4,40,98,7399,9445
151675_TCTTACGGCATCCGAC-1,151675,Br8100,L3,25,29,5567,4707
151675_TCTTCTATAACCCGCC-1,151675,Br8100,L3,45,107,8003,10060
151675_TCTTGCTCCCGATACT-1,151675,Br8100,L6,65,67,10378,7288
151675_TCTTGGTAACACCAAA-1,151675,Br8100,L5,21,65,5106,7189
151675_TCTTTAGAGTCTAACA-1,151675,Br8100,L3,50,114,8605,10537
151675_TCTTTCCTTCGAGATA-1,151675,Br8100,L2,58,120,9566,10944
151675_TGAACACCCGAAGCAG-1,151675,Br8100,L1,2,16,2805,3832
151675_TGAAGAGCGGTCCTAG-1,151675,Br8100,L1,19,11,4839,3473
151675_TGAAGTAGCTTACGGA-1,151675,Br8100,L1,17,5,4597,3062
151675_TGACACTTCTCTTTGC-1,151675,Br8100,L2,16,102,4526,9741
151675_TGACATCGAGCGGACC-1,151675,Br8100,L3,35,101,6801,9656
151675_TGACATGTAACGTGAC-1,151675,Br8100,L6,69,63,10856,7009
151675_TGACCAAATCTTAAAC-1,151675,Br8100,L6,66,62,10496,6943
151675_TGACCAGCTTCAAAGT-1,151675,Br8100,L1,7,97,3445,9405
151675_TGAGAGATTTACCACG-1,151675,Br8100,L5,41,91,7515,8962
151675_TGAGCGGAAAGTGTTC-1,151675,Br8100,L6,55,65,9179,7159
151675_TGAGCTTTAATGACGC-1,151675,Br8100,L3,19,85,4877,8568
151675_TGAGTGGTCCGTGACG-1,151675,Br8100,L5,30,84,6194,8489
151675_TGATCAGGGAACTGCT-1,151675,Br8100,L5,42,24,7601,4348
151675_TGATCCCAGCATTAGT-1,151675,Br8100,L3,27,107,5846,10076
151675_TGATCGGTTTGACCCT-1,151675,Br8100,L5,28,54,5939,6426
151675_TGATCTCCGGCGCCAG-1,151675,Br8100,L5,28,50,5937,6150
151675_TGATGTCAATTAAGTG-1,151675,Br8100,L3,59,103,9678,9772
151675_TGATTCCCGGTTACCT-1,151675,Br8100,WM,64,50,10250,6119
151675_TGATTCGTCTATCACT-1,151675,Br8100,L5,31,41,6292,5528
151675_TGCAAAGTTCGTCTGT-1,151675,Br8100,L6,71,59,11093,6732
151675_TGCAATTTGGGCACGG-1,151675,Br8100,L2,14,104,4287,9881
151675_TGCACTATGTGAGTGC-1,151675,Br8100,L1,17,13,4601,3613
151675_TGCAGAACTATATCGT-1,151675,Br8100,L5,42,22,7600,4210
151675_TGCCACCTGGCGAAAC-1,151675,Br8100,L4,20,76,4992,7947
151675_TGCCAGTACGTGGAGA-1,151675,Br8100,L6,51,71,8703,7576
151675_TGCCATGGCTTATAAG-1,151675,Br8100,L1,4,96,3085,9339
151675_TGCCATTACTAAAGAA-1,151675,Br8100,L4,21,87,5117,8704
151675_TGCCCGTACCGTTAAA-1,151675,Br8100,L6,45,75,7986,7857
151675_TGCCGGATGTACGAGC-1,151675,Br8100,WM,62,34,10002,5019
151675_TGCCGTGGATCGTCCT-1,151675,Br8100,L6,57,63,9418,7020
151675_TGCCGTGGGACCCAAT-1,151675,Br8100,L5,71,67,11097,7283
151675_TGCCTTGGCCAGGCAA-1,151675,Br8100,L5,52,82,8829,8332
151675_TGCGAATATGGGATTT-1,151675,Br8100,L5,45,13,7955,3588
151675_TGCGACACCCTAGTGC-1,151675,Br8100,WM,46,46,8092,5859
151675_TGCGACGGCCGAACGT-1,151675,Br8100,WM,60,32,9762,4883
151675_TGCGCAAAGCATTTGG-1,151675,Br8100,L5,31,67,6305,7318
151675_TGCGGACTTGACTCCG-1,151675,Br8100,L5,68,76,10742,7905
151675_TGCGGAGTAAAGGTGC-1,151675,Br8100,L5,22,70,5228,7533
151675_TGCGGCATAGTTCAAC-1,151675,Br8100,L2,12,54,4022,6440
151675_TGCGTTTGTTGACACT-1,151675,Br8100,L6,42,76,7627,7928
151675_TGGAATTAGACGCTTT-1,151675,Br8100,L3,26,18,5681,3949
151675_TGGACGCAATCCAGCC-1,151675,Br8100,WM,58,20,9516,4059
151675_TGGACTGTTCGCTCAA-1,151675,Br8100,L6,37,73,7027,7726
151675_TGGAGAATAATCGTCC-1,151675,Br8100,WM,72,44,11205,5699
151675_TGGCAGCAGTAATAGT-1,151675,Br8100,L6,39,61,7261,6898
151675_TGGCTCTTGTCGCGTA-1,151675,Br8100,L5,42,12,7595,3522
151675_TGGGAAATGCCTTTCC-1,151675,Br8100,L3,23,27,5327,4571
151675_TGGGCAGGCCACCGCA-1,151675,Br8100,L3,54,116,9085,10672
151675_TGGGCCACAAGAGCGC-1,151675,Br8100,L4,18,72,4750,7674
151675_TGGGCCTTGCCTGCAT-1,151675,Br8100,L1,8,10,3521,3414
151675_TGGGTAAGGTTCCCGC-1,151675,Br8100,L3,13,79,4155,8160
151675_TGGGTGCACAAGCCAT-1,151675,Br8100,L4,69,85,10867,8524
151675_TGGGTGTTAAGTAGAA-1,151675,Br8100,L5,72,68,11217,7351
151675_TGGGTTTCGGGCGTAC-1,151675,Br8100,WM,71,25,11076,4391
151675_TGGTATCGCATCCCAA-1,151675,Br8100,L2,8,68,3550,7407
151675_TGGTCCCACGCTACGG-1,151675,Br8100,L6,52,74,8824,7782
151675_TGGTGATCGTATTTGT-1,151675,Br8100,L3,26,16,5680,3811
151675_TGGTGTGACAGACGAT-1,151675,Br8100,L1,2,2,2798,2868
151675_TGGTTATGCTTGCGGT-1,151675,Br8100,L1,25,1,5553,2779
151675_TGTAGGAGAAATTTCC-1,151675,Br8100,L5,34,86,6674,8624
151675_TGTATGGCGCAGACAG-1,151675,Br8100,L5,43,93,7756,9098
151675_TGTCATTTGTTGGGAA-1,151675,Br8100,L2,21,109,5128,10219
151675_TGTGGCAAAGCGTATG-1,151675,Br8100,L5,29,87,6076,8697
151675_TGTGGCTCCCACCAAC-1,151675,Br8100,L2,44,118,7888,10818
151675_TGTGTCGCGAGTTGCA-1,151675,Br8100,L3,24,36,5451,5190
151675_TGTTTAATACTTCATC-1,151675,Br8100,L3,9,77,3675,8026
151675_TGTTTCGGTACTTCTC-1,151675,Br8100,L3,18,56,4742,6572
151675_TTAAAGGCGATGCTCG-1,151675,Br8100,WM,73,49,11328,6042
151675_TTAACTCACGCGTGGA-1,151675,Br8100,L1,24,14,5440,3675
151675_TTAAGCCGACAACTTC-1,151675,Br8100,L3,13,77,4154,8022
151675_TTACAACTACGCATCC-1,151675,Br8100,L4,24,52,5459,6292
151675_TTACAGACCTAAATGA-1,151675,Br8100,L3,26,96,5721,9319
151675_TTACATGCCACAACTA-1,151675,Br8100,L3,41,103,7521,9788
151675_TTACGGATGGTTCGAG-1,151675,Br8100,L5,33,93,6558,9107
151675_TTACGTATCTATGACA-1,151675,Br8100,L3,64,116,10283,10663
151675_TTACTCCGGCCGGGAA-1,151675,Br8100,L5,34,78,6670,8073
151675_TTAGAATAAGGGTCGG-1,151675,Br8100,WM,61,45,9888,5777
151675_TTAGACACGATCGTTG-1,151675,Br8100,L3,16,86,4518,8639
151675_TTAGAGTTTAGAAGGA-1,151675,Br8100,L5,46,86,8112,8613
151675_TTAGCTAATACGATCT-1,151675,Br8100,L3,22,98,5243,9460
151675_TTAGGTCATAACCGAC-1,151675,Br8100,WM,58,38,9525,5298
151675_TTAGTAGGGCGGCGGG-1,151675,Br8100,L5,34,26,6644,4493
151675_TTAGTTCAAGTGTTCG-1,151675,Br8100,L2,22,112,5250,10424
151675_TTATCCTCAAGGAATA-1,151675,Br8100,L6,52,18,8796,3926
151675_TTATCTGTATCATAAC-1,151675,Br8100,L5,22,60,5223,6844
151675_TTATGAATGAAAGGGA-1,151675,Br8100,L6,41,63,7501,7034
151675_TTATGATCTTAACGAA-1,151675,Br8100,L5,38,82,7151,8345
151675_TTATGTTTGCGATAGA-1,151675,Br8100,L3,26,20,5682,4087
151675_TTATTAGGGAAGCATC-1,151675,Br8100,L3,15,59,4384,6781
151675_TTATTTCATCCCAAAC-1,151675,Br8100,L1,1,19,2687,4040
151675_TTCAAAGTCTCTAGCC-1,151675,Br8100,L6,35,75,6788,7865
151675_TTCCAATCAGAGCTAG-1,151675,Br8100,L3,23,95,5361,9253
151675_TTCCACACAGATTTGA-1,151675,Br8100,WM,50,46,8571,5856
151675_TTCCATCGACAGCGTG-1,151675,Br8100,L3,61,107,9919,10046
151675_TTCCCGACGCTTCACT-1,151675,Br8100,L1,1,89,2722,8859
151675_TTCGCACTCGCGTGCT-1,151675,Br8100,L4,25,45,5575,5809
151675_TTCGCACTGTACGACA-1,151675,Br8100,WM,61,59,9895,6741
151675_TTCGGACTGATGCCTT-1,151675,Br8100,L1,7,99,3446,9542
151675_TTCGGCAACCCGCTGA-1,151675,Br8100,L3,16,88,4519,8777
151675_TTCGTTCAACGAAGTT-1,151675,Br8100,L3,23,105,5366,9941
151675_TTCTGCCGCGCCTAGA-1,151675,Br8100,L6,49,69,8463,7440
151675_TTCTGCTAGACTCCAA-1,151675,Br8100,L3,28,106,5965,10006
151675_TTCTTAGTGAACGGTG-1,151675,Br8100,L2,18,34,4731,5058
151675_TTCTTGGACGATCTGC-1,151675,Br8100,WM,52,32,8803,4890
151675_TTGAAGAATTCCCAGG-1,151675,Br8100,L5,32,50,6416,6147
151675_TTGACCATGTTCTCCG-1,151675,Br8100,L5,24,78,5472,8082
151675_TTGACTACCATATGGT-1,151675,Br8100,L6,43,41,7730,5518
151675_TTGACTATTGTCCGGC-1,151675,Br8100,L3,46,104,8121,9852
151675_TTGAGAGTACTGCTAA-1,151675,Br8100,L6,44,38,7848,5310
151675_TTGATGTGTAGTCCCG-1,151675,Br8100,L4,24,90,5478,8908
151675_TTGATTAGCTGTTTCT-1,151675,Br8100,L6,48,34,8325,5031
151675_TTGCACAATTCAGAAA-1,151675,Br8100,L6,43,57,7738,6619
151675_TTGCATGCTGATCACG-1,151675,Br8100,L6,41,35,7487,5106
151675_TTGCCAAGCAGAACCC-1,151675,Br8100,L2,44,114,7886,10543
151675_TTGCCGCAGACCTACA-1,151675,Br8100,WM,62,18,9994,3917
151675_TTGCGTCGGCCAACCG-1,151675,Br8100,WM,51,41,8688,5511
151675_TTGCGTGTGTAGGCAT-1,151675,Br8100,L4,69,83,10866,8386
151675_TTGCTCATAGTACGTG-1,151675,Br8100,L3,67,107,10638,10041
151675_TTGGATCGACTTCTGG-1,151675,Br8100,L2,10,60,3786,6855
151675_TTGGGACGTAAGAGTT-1,151675,Br8100,L3,51,109,8722,10192
151675_TTGGTCACACTCGTAA-1,151675,Br8100,WM,48,48,8332,5995
151675_TTGTAATCCGTACTCG-1,151675,Br8100,L6,35,55,6778,6488
151675_TTGTATCACACAGAAT-1,151675,Br8100,L3,12,74,4032,7817
151675_TTGTGAACCTAATCCG-1,151675,Br8100,L5,56,90,9312,8880
151675_TTGTGAGGCATGACGC-1,151675,Br8100,L5,43,13,7716,3590
151675_TTGTGGTAGGAGGGAT-1,151675,Br8100,L6,50,28,8562,4616
151675_TTGTGTATGCCACCAA-1,151675,Br8100,WM,56,60,9297,6814
151675_TTGTTAGCAAATTCGA-1,151675,Br8100,L3,22,42,5214,5605
151675_TTGTTGTGTGTCAAGA-1,151675,Br8100,L5,31,77,6310,8007
151675_TTGTTTCCATACAACT-1,151675,Br8100,L6,45,27,7962,4552
151676_AAACAAGTATCTCCCA-1,151676,Br8100,L3,50,102,8666,9650
151676_AAACAATCTACTAGCA-1,151676,Br8100,L1,3,43,3006,5630
151676_AAACAGAGCGACTCCT-1,151676,Br8100,L3,14,94,4350,9131
151676_AAACAGGGTCTATATT-1,151676,Br8100,L6,47,13,8261,3525
151676_AAACCTAAGCAGCCGG-1,151676,Br8100,L5,65,83,10453,8328
151676_AAACGGTTGCGAACTG-1,151676,Br8100,L6,67,59,10681,6674
151676_AAACTCGGTTCGCAAT-1,151676,Br8100,L6,66,70,10567,7432
151676_AAACTGCTGGCTCCAA-1,151676,Br8100,L6,45,67,8049,7245
151676_AAACTTAATTGCACGC-1,151676,Br8100,WM,64,12,10297,3441
151676_AAAGACCCAAGTCGCG-1,151676,Br8100,L2,10,48,3847,5968
151676_AAAGGCCCTATAATAC-1,151676,Br8100,WM,66,22,10542,4128
151676_AAAGGGCAGCTTGAAT-1,151676,Br8100,L3,24,26,5513,4441
151676_AAAGTCACTGATGTAA-1,151676,Br8100,L2,10,52,3849,6243
151676_AAATAACCATACGGGA-1,151676,Br8100,L3,14,88,4347,8718
151676_AAATAAGGTAGTGCCC-1,151676,Br8100,L2,31,115,6397,10562
151676_AAATACCTATAAGCAT-1,151676,Br8100,L6,47,69,8290,7381
151676_AAATAGCTTAGACTTT-1,151676,Br8100,L3,36,106,6992,9938
151676_AAATGATTCGATCAGC-1,151676,Br8100,L3,21,111,5197,10295
151676_AAATTCCAGGTCCAAA-1,151676,Br8100,L3,35,115,6876,10558
151676_AAATTTGCGGGTGTGG-1,151676,Br8100,WM,47,33,8271,4902
151676_AACAATTACTCTACGC-1,151676,Br8100,L4,29,25,6111,4368
151676_AACACGCGGCCGCGAA-1,151676,Br8100,L1,6,34,3361,5008
151676_AACATATCAACTGGTG-1,151676,Br8100,L4,27,99,5910,9464
151676_AACATTGTGACTCGAG-1,151676,Br8100,WM,64,52,10318,6195
151676_AACCAGTATCACTCTT-1,151676,Br8100,L3,6,92,3391,9001
151676_AACCATGGGATCGCTA-1,151676,Br8100,L2,14,30,4317,4725
151676_AACCCAGAGACGGAGA-1,151676,Br8100,L3,15,39,4441,5344
151676_AACCCTGGTGGAACCA-1,151676,Br8100,L3,8,70,3619,7484
151676_AACCGAGCTTGGTCAT-1,151676,Br8100,L5,24,70,5535,7470
151676_AACCGCTAAGGGATGC-1,151676,Br8100,L5,46,92,8182,8965
151676_AACCTCGCTTTAGCCC-1,151676,Br8100,L5,62,82,10094,8262
151676_AACCTTTAAATACGGT-1,151676,Br8100,L6,54,68,9128,7305
151676_AACGCATGATCTGGGT-1,151676,Br8100,L3,20,104,5074,9814
151676_AACGCGAACGGCAACA-1,151676,Br8100,L1,8,22,3594,4180
151676_AACGGACGTACGTATA-1,151676,Br8100,L5,50,92,8661,8961
151676_AACGTGATGAAGGACA-1,151676,Br8100,L3,9,83,3745,8379
151676_AACTCGATGGCGCAGT-1,151676,Br8100,L1,11,27,3956,4521
151676_AACTGGGTCCCGACGT-1,151676,Br8100,L5,20,66,5054,7198
151676_AACTGGGTTCGAGCCG-1,151676,Br8100,L2,3,89,3030,8797
151676_AACTGGTGTGGGCCTT-1,151676,Br8100,L1,7,49,3488,6040
151676_AAGACTCACGCCCACT-1,151676,Br8100,L1,1,95,2793,9212
151676_AAGACTGCAAGCTACT-1,151676,Br8100,L6,36,68,6972,7322
151676_AAGAGATGAATCGGTA-1,151676,Br8100,L3,27,27,5873,4507
151676_AAGAGGCATGGATCGC-1,151676,Br8100,L6,36,80,6978,8148
151676_AAGCCGAAGCGGTTTA-1,151676,Br8100,L3,49,107,8549,9995
151676_AAGCGGCGTCATGGGT-1,151676,Br8100,L3,9,97,3753,9342
151676_AAGCGTCCCTCATCGA-1,151676,Br8100,WM,57,35,9470,5031
151676_AAGGAGCGGTTGGTGC-1,151676,Br8100,L5,28,48,6003,5952
151676_AAGGATCGATCGCTTG-1,151676,Br8100,L3,39,109,7352,10141
151676_AAGGCAGGCTGTCTCC-1,151676,Br8100,L3,42,118,7716,10758
151676_AAGGGACTATGCATTC-1,151676,Br8100,WM,60,26,9825,4409
151676_AAGTTCAGTCTGCGTA-1,151676,Br8100,L3,18,104,4834,9816
151676_AATAACACTAGAACAA-1,151676,Br8100,WM,52,38,8873,5242
151676_AATAAGTCCTCGAGAC-1,151676,Br8100,L2,5,71,3260,7556
151676_AATAGCTACCGCGTGC-1,151676,Br8100,L2,19,111,4958,10297
151676_AATAGTCCGTCCCGAC-1,151676,Br8100,WM,57,57,9482,6545
151676_AATCAGACTGCAGGAC-1,151676,Br8100,L1,5,23,3235,4251
151676_AATCGCGCAGAGGACT-1,151676,Br8100,L3,42,114,7714,10483
151676_AATGACAGCAATGTCT-1,151676,Br8100,WM,48,30,8390,4695
151676_AATGACTGTCAGCCGG-1,151676,Br8100,L5,23,47,5404,5888
151676_AATGCAACCGGGTACC-1,151676,Br8100,L5,25,59,5650,6712
151676_AATTAAAGGTCGGCGT-1,151676,Br8100,L6,40,50,7442,6079
151676_AATTAGCGCTGCAGCG-1,151676,Br8100,L6,51,63,8766,6964
151676_AATTCATAAGGGATCT-1,151676,Br8100,L4,23,91,5427,8917
151676_AATTCCAAGCATGTAC-1,151676,Br8100,L6,66,58,10560,6606
151676_AATTGCAGCAATCGAC-1,151676,Br8100,L3,64,102,10344,9637
151676_ACAAACCATGCGTCCT-1,151676,Br8100,WM,64,16,10299,3717
151676_ACAAATTCAGATCTGA-1,151676,Br8100,L1,7,103,3516,9757
151676_ACAACGGTCCCTGCGA-1,151676,Br8100,L3,22,30,5275,4718
151676_ACAATGAATACGGAGA-1,151676,Br8100,WM,57,31,9468,4755
151676_ACAATTGTGTCTCTTT-1,151676,Br8100,L4,51,97,8784,9305
151676_ACACCACATAATTAGC-1,151676,Br8100,L2,31,117,6398,10699
151676_ACACCCGAGAAATCCG-1,151676,Br8100,L3,19,39,4920,5340
151676_ACACGGCACTATGCAT-1,151676,Br8100,L3,7,71,3500,7554
151676_ACACTGGGACAGTCGT-1,151676,Br8100,L3,59,115,9751,10537
151676_ACAGAACTGAGAACAA-1,151676,Br8100,WM,52,24,8866,4278
151676_ACATCCTGGTAACTGT-1,151676,Br8100,L4,42,102,7708,9657
151676_ACATCGGTCAGCCGCG-1,151676,Br8100,L6,41,37,7555,5183
151676_ACCAACACCACACACT-1,151676,Br8100,L3,20,110,5077,10227
151676_ACCAACCGCACTCCAC-1,151676,Br8100,L3,65,97,10461,9292
151676_ACCAATATGCAAGTTA-1,151676,Br8100,L5,56,78,9373,7992
151676_ACCACGTGCAGCTATA-1,151676,Br8100,L6,48,76,8413,7862
151676_ACCAGCCCGGTCTTTG-1,151676,Br8100,L2,4,72,3141,7626
151676_ACCCAACGCCCGTGGC-1,151676,Br8100,L5,30,86,6262,8566
151676_ACCCATCTTGAGGGTA-1,151676,Br8100,L6,37,37,7076,5187
151676_ACCCTTCATCTGCGAA-1,151676,Br8100,L3,13,65,4215,7136
151676_ACGAAATGGGCGGCAC-1,151676,Br8100,L5,32,24,6470,4296
151676_ACGAGAACCCATCACG-1,151676,Br8100,L1,8,34,3600,5006
151676_ACGATCATCTTGTAAA-1,151676,Br8100,L4,36,102,6989,9662
151676_ACGATGCATATGTTAT-1,151676,Br8100,L6,37,43,7079,5600
151676_ACGCAATCACTACAGC-1,151676,Br8100,L3,25,109,5675,10154
151676_ACGCATACGTTTACTA-1,151676,Br8100,L3,56,102,9385,9644
151676_ACGCCCAGCTGTCGAT-1,151676,Br8100,L1,3,71,3020,7558
151676_ACGCGAAGTCAGACGA-1,151676,Br8100,L6,49,59,8524,6690
151676_ACGCGCTACACAGGGT-1,151676,Br8100,L6,41,31,7552,4770
151676_ACGCGGGCCAAGGACA-1,151676,Br8100,L6,34,62,6729,6910
151676_ACGCTAGTGATACACT-1,151676,Br8100,L4,28,100,6030,9532
151676_ACGCTTAGTGTCTCTC-1,151676,Br8100,L2,3,81,3026,8246
151676_ACGGAATTTAGCAAAT-1,151676,Br8100,L2,15,27,4435,4518
151676_ACGGATGGTGCGGATA-1,151676,Br8100,L5,57,79,9493,8060
151676_ACGGCGACGATGGGAA-1,151676,Br8100,L6,49,77,8534,7929
151676_ACGGGAGTGTCGGCCC-1,151676,Br8100,L6,47,25,8267,4351
151676_ACGTATTACTCCGATC-1,151676,Br8100,L4,41,97,7586,9314
151676_ACGTGGTCGAATGTGC-1,151676,Br8100,L2,2,78,2904,8041
151676_ACGTTTAGTTGTGATC-1,151676,Br8100,L3,14,68,4337,7341
151676_ACTACCAGCTCTCTGG-1,151676,Br8100,L5,25,41,5640,5473
151676_ACTAGTTGCGATCGTC-1,151676,Br8100,L3,50,104,8668,9787
151676_ACTATCTGCCCGCGTA-1,151676,Br8100,L3,53,113,9032,10404
151676_ACTATTTCCGGGCCCA-1,151676,Br8100,WM,59,41,9713,5442
151676_ACTCAATAAAGGCACG-1,151676,Br8100,L5,25,69,5655,7400
151676_ACTCAGACCTGCTTCT-1,151676,Br8100,L1,9,43,3725,5625
151676_ACTCCCGAATTCGTTT-1,151676,Br8100,L3,32,104,6511,9804
151676_ACTGATTTAGTGATTC-1,151676,Br8100,L3,4,80,3145,8176
151676_ACTGTAGCACTTTGGA-1,151676,Br8100,L5,27,39,5879,5333
151676_ACTGTCTTCTTTAGAA-1,151676,Br8100,L6,30,64,6251,7052
151676_ACTTATACTTACCCGG-1,151676,Br8100,L5,36,90,6983,8836
151676_ACTTATTTATGTGCCA-1,151676,Br8100,L5,46,90,8181,8827
151676_ACTTCAGGCTGATCCC-1,151676,Br8100,L5,51,81,8775,8203
151676_ACTTCGCCATACGCAC-1,151676,Br8100,L5,27,75,5897,7812
151676_ACTTTACCCTCATGAA-1,151676,Br8100,L3,32,106,6512,9941
151676_ACTTTGGTCGTGCTCC-1,151676,Br8100,WM,61,13,9938,3513
151676_ACTTTGTCGACGCACT-1,151676,Br8100,L2,56,120,9395,10883
151676_AGAAATTATGACTCGC-1,151676,Br8100,L3,53,115,9033,10542
151676_AGAAGTGATTCGTGAT-1,151676,Br8100,WM,48,28,8389,4557
151676_AGACATAGATCCTTCC-1,151676,Br8100,L1,7,47,3487,5902
151676_AGACCCACCGCTGATC-1,151676,Br8100,L6,49,65,8528,7103
151676_AGACTAGCCTTCCAGA-1,151676,Br8100,L5,28,46,6002,5814
151676_AGACTGTTACCGGGTC-1,151676,Br8100,WM,63,45,10194,5714
151676_AGAGATCTCTAAAGCG-1,151676,Br8100,L5,40,18,7425,3876
151676_AGAGTAAACTTCACTA-1,151676,Br8100,L3,48,106,8429,9927
151676_AGAGTTAGAGACCGAT-1,151676,Br8100,L2,6,98,3394,9414
151676_AGATACCGGTGTTCAC-1,151676,Br8100,L6,40,38,7436,5253
151676_AGATACTCAAGATCGA-1,151676,Br8100,L5,46,82,8177,8276
151676_AGATATAATACGACTA-1,151676,Br8100,L5,64,72,10328,7572
151676_AGATGAGGGTTGCGAT-1,151676,Br8100,L3,14,98,4352,9407
151676_AGATTCACAACCGATA-1,151676,Br8100,WM,53,13,8980,3520
151676_AGCAAAGGCCGCTAGT-1,151676,Br8100,L6,60,72,9849,7575
151676_AGCATATCAATATGCT-1,151676,Br8100,L4,51,95,8783,9167
151676_AGCATCGTCGATAATT-1,151676,Br8100,L5,22,52,5287,6233
151676_AGCCCTGTCGCACCGT-1,151676,Br8100,L2,41,121,7598,10966
151676_AGCGACCAACGATATT-1,151676,Br8100,L5,25,55,5647,6436
151676_AGCGCATAATGAATCG-1,151676,Br8100,WM,57,55,9481,6408
151676_AGCGCGGGTGCCAATG-1,151676,Br8100,L4,24,92,5547,8985
151676_AGCGCTAGAGCGATGT-1,151676,Br8100,L2,40,122,7479,11036
151676_AGCGGACACTTCGTAG-1,151676,Br8100,L6,62,62,10083,6885
151676_AGCGGGTCTGACACTC-1,151676,Br8100,L6,66,66,10564,7157
151676_AGCGTCTGAACCCGCA-1,151676,Br8100,L1,6,36,3362,5146
151676_AGCGTTCCGATTTAAA-1,151676,Br8100,L2,2,92,2912,9004
151676_AGCTAACAAGCAATGT-1,151676,Br8100,WM,61,33,9948,4890
151676_AGCTCTTCGTAACCTT-1,151676,Br8100,L3,39,107,7351,10004
151676_AGCTCTTTACTCAGTT-1,151676,Br8100,L6,41,45,7559,5734
151676_AGCTGTAACCTCAATC-1,151676,Br8100,WM,54,28,9107,4552
151676_AGCTTGATCTTAACTT-1,151676,Br8100,L5,41,23,7548,4219
151676_AGGAAGCTGTCCGCCG-1,151676,Br8100,L6,61,65,9965,7093
151676_AGGACAGTCGAATCCC-1,151676,Br8100,L5,43,85,7819,8486
151676_AGGACGACCCATTAGA-1,151676,Br8100,WM,43,45,7798,5732
151676_AGGACGCTCGATGTTG-1,151676,Br8100,L3,18,98,4831,9403
151676_AGGAGGCCTTCGCGCG-1,151676,Br8100,L4,52,98,8904,9372
151676_AGGCAGGGAGCGTACT-1,151676,Br8100,WM,59,49,9717,5993
151676_AGGCATTGTCGTAGGG-1,151676,Br8100,L4,49,99,8545,9444
151676_AGGCGATAACTGGCGT-1,151676,Br8100,L2,58,122,9635,11019
151676_AGGCTTCCCGAAGAAG-1,151676,Br8100,WM,50,42,8635,5519
151676_AGGGACCGGCTGCGTT-1,151676,Br8100,L3,36,110,6994,10213
151676_AGGGCGAGCAGCTGAT-1,151676,Br8100,L6,44,20,7905,4010
151676_AGGGCGTGATCGGCTA-1,151676,Br8100,L3,17,45,4684,5755
151676_AGGGTCAGTAACCCTA-1,151676,Br8100,L2,15,113,4480,10438
151676_AGGGTGCCGTTCTTTA-1,151676,Br8100,WM,65,33,10428,4886
151676_AGGGTTCAGACGGTCC-1,151676,Br8100,WM,69,45,10913,5708
151676_AGGTAGGTACAAAGCT-1,151676,Br8100,L5,35,31,6833,4775
151676_AGGTATAATTGATAGT-1,151676,Br8100,L3,35,109,6873,10145
151676_AGGTCGCGGAGTTACT-1,151676,Br8100,L3,26,104,5793,9809
151676_AGGTTTCACACACCTT-1,151676,Br8100,L6,41,67,7570,7248
151676_AGTAATTTGCAAGCGT-1,151676,Br8100,WM,69,9,10894,3230
151676_AGTACCTTCGAGTGCT-1,151676,Br8100,L1,10,108,3878,10099
151676_AGTACGTGGCCTGTCT-1,151676,Br8100,L3,6,88,3389,8725
151676_AGTAGCGTGAACGAAC-1,151676,Br8100,L1,2,72,2901,7628
151676_AGTAGGTAACATACAT-1,151676,Br8100,L3,13,51,4208,6172
151676_AGTATACACAGCGACA-1,151676,Br8100,WM,64,48,10316,5920
151676_AGTCAGCCACCGCCTG-1,151676,Br8100,L2,16,28,4555,4586
151676_AGTCGACGGTCTCAAG-1,151676,Br8100,L5,38,90,7223,8834
151676_AGTCGGCCCAAACGAC-1,151676,Br8100,L4,25,39,5639,5335
151676_AGTCGTATAAAGCAGA-1,151676,Br8100,L5,65,81,10452,8190
151676_AGTCTGGACATCCTTG-1,151676,Br8100,L2,18,20,4791,4033
151676_AGTGGCGTCTGAAGGT-1,151676,Br8100,L5,62,86,10096,8537
151676_AGTTCCTACAGAATTA-1,151676,Br8100,L5,30,50,6244,6088
151676_AGTTCCTATTTATGTT-1,151676,Br8100,L6,43,65,7809,7109
151676_AGTTGCTGACTGATAT-1,151676,Br8100,L1,16,18,4550,3897
151676_ATAAAGGTCAAGTACG-1,151676,Br8100,L3,5,85,3267,8520
151676_ATAATTAGCTAAGTAG-1,151676,Br8100,L6,64,64,10324,7021
151676_ATACCAGCAAATTGCT-1,151676,Br8100,L1,4,60,3135,6800
151676_ATACGCCGGCGAAACC-1,151676,Br8100,L6,40,78,7456,8006
151676_ATACTACCCGTACCAC-1,151676,Br8100,L3,59,105,9746,9848
151676_ATAGAGTTATCAACTT-1,151676,Br8100,L5,27,93,5907,9051
151676_ATAGGCGGCTATAGAA-1,151676,Br8100,L6,43,33,7792,4906
151676_ATAGGCTAGCTTCGCA-1,151676,Br8100,L4,25,97,5669,9328
151676_ATATAAAGCGCTCGTG-1,151676,Br8100,L6,58,68,9607,7302
151676_ATATAGAGTATTGGTC-1,151676,Br8100,WM,63,11,10177,3373
151676_ATATCGGTAGGGAGAT-1,151676,Br8100,L3,38,110,7233,10211
151676_ATATCTCCCTCGTTAA-1,151676,Br8100,L4,19,87,4945,8645
151676_ATATTCAGTTAAACCT-1,151676,Br8100,WM,44,40,7916,5387
151676_ATATTGGAGAGGCCTT-1,151676,Br8100,L2,59,121,9754,10950
151676_ATCAATCTGGGCTGCA-1,151676,Br8100,L6,33,65,6611,7118
151676_ATCACTTCATCCTCGC-1,151676,Br8100,L5,21,67,5175,7266
151676_ATCAGACGGCACGCCG-1,151676,Br8100,WM,44,42,7917,5524
151676_ATCCAACGCAGTCATA-1,151676,Br8100,L4,25,37,5638,5197
151676_ATCCAATGGAGGGTCC-1,151676,Br8100,L6,43,27,7789,4493
151676_ATCCACATCGACAGAA-1,151676,Br8100,L6,62,72,10088,7574
151676_ATCCTGAATCGCTGCG-1,151676,Br8100,L5,38,26,7190,4428
151676_ATCGCCAGTCAACATT-1,151676,Br8100,L3,45,105,8069,9861
151676_ATCGTGGAAAGTCTGG-1,151676,Br8100,WM,63,23,10183,4199
151676_ATCTCCCACGGAATAT-1,151676,Br8100,L3,60,108,9867,10054
151676_ATCTCCCTGCAATCTA-1,151676,Br8100,L4,16,72,4578,7615
151676_ATCTGACATGGAAGGA-1,151676,Br8100,WM,63,41,10192,5439
151676_ATCTGGGCTGTTCTTG-1,151676,Br8100,L6,61,69,9967,7368
151676_ATGAAGCCAAGGAGCC-1,151676,Br8100,L4,22,46,5283,5820
151676_ATGACGCGTTCTATCC-1,151676,Br8100,WM,52,30,8869,4691
151676_ATGACTATGCGACATT-1,151676,Br8100,L5,48,88,8420,8688
151676_ATGCATGATCCAGGAT-1,151676,Br8100,L5,25,65,5653,7125
151676_ATGCCATTTGCGACCA-1,151676,Br8100,L5,43,91,7822,8899
151676_ATGCGAGTCCCACCAC-1,151676,Br8100,L3,48,104,8428,9789
151676_ATGCTTAGGAGTTGAT-1,151676,Br8100,L3,56,112,9390,10333
151676_ATGGAGCAGGCCGTGA-1,151676,Br8100,L6,36,66,6971,7184
151676_ATGGCAGCATTACGAT-1,151676,Br8100,WM,64,18,10300,3854
151676_ATGGCTGGAAATGGCC-1,151676,Br8100,L3,9,93,3751,9067
151676_ATGGTATTTACTGATT-1,151676,Br8100,WM,69,13,10896,3505
151676_ATTAAACATGCGGACC-1,151676,Br8100,L6,43,59,7806,6696
151676_ATTAATACTACGCGGG-1,151676,Br8100,L5,22,66,5294,7196
151676_ATTAATGAACCAGTCG-1,151676,Br8100,L5,23,79,5420,8091
151676_ATTACAACTACCGGCC-1,151676,Br8100,L3,11,87,3987,8652
151676_ATTACCACACTGCCTG-1,151676,Br8100,L3,48,118,8435,10753
151676_ATTACGCGCTGGCAGG-1,151676,Br8100,L6,40,30,7431,4702
151676_ATTACTTACTGGGCAT-1,151676,Br8100,L3,22,100,5311,9537
151676_ATTATACTTTGCTCGT-1,151676,Br8100,L4,18,78,4821,8026
151676_ATTATCTCGACAGATC-1,151676,Br8100,L2,7,61,3494,6866
151676_ATTATGCCATAGGGAG-1,151676,Br8100,L5,21,53,5167,6302
151676_ATTCACTGATGTTGGA-1,151676,Br8100,L6,56,68,9368,7304
151676_ATTCAGTAGCAGGGTC-1,151676,Br8100,L3,27,25,5872,4369
151676_ATTCATCGTTGAGGCA-1,151676,Br8100,L5,61,89,9977,8745
151676_ATTCCCACATAAACAA-1,151676,Br8100,L3,26,24,5751,4301
151676_ATTCCTCCGCCAGTGC-1,151676,Br8100,L4,23,39,5400,5337
151676_ATTCGTGCTATCTCTT-1,151676,Br8100,L3,42,110,7712,10208
151676_ATTGACCGGCGATGAC-1,151676,Br8100,L2,20,114,5079,10503
151676_ATTGTGACTTCGCTGC-1,151676,Br8100,L1,11,109,3998,10167
151676_ATTGTTCAACGATCCG-1,151676,Br8100,L2,53,123,9037,11093
151676_ATTTAACTCGTATTAC-1,151676,Br8100,L3,14,52,4328,6240
151676_ATTTACAGTTTACTGG-1,151676,Br8100,L5,30,38,6238,5262
151676_ATTTACTAAGTCCATT-1,151676,Br8100,L3,31,111,6395,10286
151676_ATTTCATTATTTCGCG-1,151676,Br8100,L3,14,78,4342,8030
151676_ATTTGCGCGAGTAGCT-1,151676,Br8100,WM,53,31,8989,4759
151676_ATTTGTCTTGGGAGCT-1,151676,Br8100,L5,40,84,7459,8419
151676_CAAAGATTATTGGGCC-1,151676,Br8100,WM,56,30,9348,4688
151676_CAAAGGTCATCTGAAA-1,151676,Br8100,L2,46,124,8199,11168
151676_CAAATCTCTCACAAGG-1,151676,Br8100,L6,44,24,7907,4285
151676_CAACGTGGTGGAGTCT-1,151676,Br8100,L3,55,113,9271,10402
151676_CAACTCCTTGATCCCG-1,151676,Br8100,L3,18,46,4804,5823
151676_CAAGCACCAAATGCCT-1,151676,Br8100,L4,18,66,4815,7200
151676_CAAGCGGCACATAATT-1,151676,Br8100,L6,54,72,9130,7581
151676_CAAGTGAACTTTGGTT-1,151676,Br8100,L1,6,54,3371,6385
151676_CAATAAACCTTGGCCC-1,151676,Br8100,L5,26,74,5777,7744
151676_CAATATGTAGATTTAC-1,151676,Br8100,L1,5,105,3278,9897
151676_CAATATTCTTGACCTA-1,151676,Br8100,WM,54,40,9114,5378
151676_CAATCCCTATACCAGC-1,151676,Br8100,L3,12,88,4107,8720
151676_CAATGCGAGAAGTATC-1,151676,Br8100,L5,54,82,9135,8269
151676_CAATGGATCTCTACCA-1,151676,Br8100,L5,28,86,6023,8568
151676_CAATTAAGGGTGATGA-1,151676,Br8100,L6,29,65,6132,7121
151676_CAATTTCGTATAAGGG-1,151676,Br8100,L6,37,63,7089,6976
151676_CACAATGAGCTGCTAT-1,151676,Br8100,L6,42,50,7681,6077
151676_CACACGCGCTGTCTTA-1,151676,Br8100,L5,33,89,6623,8770
151676_CACAGAGACGAGGACG-1,151676,Br8100,WM,64,20,10301,3992
151676_CACAGCACCCACGGCA-1,151676,Br8100,L6,31,59,6368,6706
151676_CACAGGGCCGTTGTCA-1,151676,Br8100,L6,62,60,10082,6747
151676_CACATAAGGCGACCGT-1,151676,Br8100,L1,1,29,2759,4668
151676_CACATCGTGCACGCGC-1,151676,Br8100,WM,60,38,9831,5235
151676_CACATTCTTTCGATGG-1,151676,Br8100,L3,18,90,4827,8852
151676_CACCATCGGAGGAGAC-1,151676,Br8100,L3,11,61,3974,6862
151676_CACCCAAATCTTATGT-1,151676,Br8100,L3,35,105,6871,9870
151676_CACCCGGTTTGTGACT-1,151676,Br8100,WM,53,39,8993,5310
151676_CACCCTAACAAGATCT-1,151676,Br8100,L5,56,80,9374,8130
151676_CACCCTTTCCTCGCTC-1,151676,Br8100,L1,8,40,3603,5419
151676_CACCGCCGACCAGCGA-1,151676,Br8100,L3,9,67,3737,7277
151676_CACGAAAGTTAGTCCC-1,151676,Br8100,L5,33,29,6592,4639
151676_CACGCACAGCGCAGCT-1,151676,Br8100,L5,24,72,5536,7608
151676_CACGTCAATCAATGGA-1,151676,Br8100,L2,62,116,10111,10603
151676_CACGTCTATGATGTGG-1,151676,Br8100,L2,7,95,3512,9206
151676_CACGTTCGTGCTCTAG-1,151676,Br8100,L6,37,81,7098,8216
151676_CACTACTCAGTTCTGT-1,151676,Br8100,L3,5,75,3262,7831
151676_CACTCAAGAGCTATGG-1,151676,Br8100,L6,39,57,7326,6562
151676_CACTCCTATGTAAGAT-1,151676,Br8100,WM,56,36,9351,5101
151676_CACTTAATCAGACGGA-1,151676,Br8100,L6,34,48,6722,5946
151676_CACTTCGCCACAGGCT-1,151676,Br8100,L3,21,31,5156,4788
151676_CAGAATATTCGTTATC-1,151676,Br8100,L2,50,124,8678,11164
151676_CAGAGCATGAGCTTGC-1,151676,Br8100,L5,26,70,5775,7468
151676_CAGCAGTCCAGACTAT-1,151676,Br8100,L4,50,100,8665,9512
151676_CAGCAGTCTGTGCTGC-1,151676,Br8100,L5,62,74,10089,7711
151676_CAGCCCTCACAGGCAG-1,151676,Br8100,L1,3,63,3016,7007
151676_CAGCCTCTCCTCAAGA-1,151676,Br8100,L3,15,95,4470,9199
151676_CAGCTGGCGTAACCGT-1,151676,Br8100,L6,48,22,8386,4144
151676_CAGGCGCACGGTGGTC-1,151676,Br8100,WM,56,28,9347,4550
151676_CAGTTCCGCGGGTCGA-1,151676,Br8100,L3,26,26,5752,4439
151676_CAGTTCGAGGACCCGA-1,151676,Br8100,WM,69,49,10915,5984
151676_CATAAGAAGCTTGGCT-1,151676,Br8100,L6,58,72,9609,7577
151676_CATAAGCTCTCCGTCT-1,151676,Br8100,L5,42,14,7663,3599
151676_CATACACGGTTCCCAC-1,151676,Br8100,WM,61,55,9960,6404
151676_CATACGAACTAGCTGG-1,151676,Br8100,WM,65,31,10427,4748
151676_CATACGGCGTCTGGGC-1,151676,Br8100,L6,39,63,7329,6975
151676_CATACTATGTAATTGT-1,151676,Br8100,L6,36,48,6962,5945
151676_CATATTATTTGCCCTA-1,151676,Br8100,L3,9,79,3743,8103
151676_CATCCAATATAGTTTG-1,151676,Br8100,WM,66,18,10540,3852
151676_CATCGCCCGCGGCCAA-1,151676,Br8100,L3,14,44,4324,5689
151676_CATCGGACGGGTTAAT-1,151676,Br8100,L6,42,58,7685,6628
151676_CATGAACCGACATTTG-1,151676,Br8100,L2,11,43,3964,5623
151676_CATGAGATGCACTCTC-1,151676,Br8100,L5,59,79,9733,8058
151676_CATGATGCACAATTCT-1,151676,Br8100,L5,21,69,5176,7404
151676_CATGATGGAAGTTAGC-1,151676,Br8100,L3,45,103,8068,9723
151676_CATGCATGGAGACCCT-1,151676,Br8100,L3,6,70,3379,7486
151676_CATGCGACCAGTTTAA-1,151676,Br8100,L4,26,98,5790,9396
151676_CATGGGTCGGGTGTGG-1,151676,Br8100,L4,21,85,5184,8505
151676_CATGGTAAGTAGCGTT-1,151676,Br8100,L6,45,73,8053,7658
151676_CATTACATAGATTGTG-1,151676,Br8100,L2,27,117,5919,10703
151676_CATTGCAAAGCATAAT-1,151676,Br8100,L2,1,83,2787,8386
151676_CATTTATCGTTCAAGA-1,151676,Br8100,L3,5,77,3263,7969
151676_CATTTCTAGCAGACTA-1,151676,Br8100,L2,16,26,4554,4448
151676_CATTTGAGTGGTACGT-1,151676,Br8100,WM,50,48,8639,5932
151676_CCAAAGTCCCGCTAAC-1,151676,Br8100,L1,3,37,3003,5217
151676_CCAACGATGCACTGAT-1,151676,Br8100,L5,31,37,6357,5192
151676_CCAAGAAAGTGGGCGA-1,151676,Br8100,WM,52,52,8880,6206
151676_CCAAGGAACAGAGAGG-1,151676,Br8100,L3,14,48,4326,5964
151676_CCAATAGTGCCGTCGA-1,151676,Br8100,L5,34,42,6719,5533
151676_CCAATGTCACAGCAAG-1,151676,Br8100,L6,37,49,7082,6013
151676_CCAATTACGGGTCGAG-1,151676,Br8100,L3,19,93,4948,9058
151676_CCACAATGTACGTCTT-1,151676,Br8100,L5,29,85,6142,8498
151676_CCACCAACTTTACTGT-1,151676,Br8100,WM,52,40,8874,5380
151676_CCACGGAGCCATAAGA-1,151676,Br8100,WM,47,27,8268,4489
151676_CCACTGGTGGCTGGTT-1,151676,Br8100,L5,39,21,7307,4083
151676_CCACTGTTTGGATTAA-1,151676,Br8100,L3,58,106,9627,9918
151676_CCAGAAAGCAACTCAT-1,151676,Br8100,WM,52,36,8872,5104
151676_CCAGAGACAAAGCCGG-1,151676,Br8100,L3,23,21,5390,4098
151676_CCAGATAGTTGAGTGA-1,151676,Br8100,L5,28,84,6022,8430
151676_CCAGCTCGAACGCATT-1,151676,Br8100,L6,63,65,10205,7091
151676_CCAGCTTCCGCCCGCA-1,151676,Br8100,L3,29,17,6107,3817
151676_CCAGGCTGGCGTCTGA-1,151676,Br8100,L2,56,122,9396,11021
151676_CCAGTCTTGTCATAGA-1,151676,Br8100,L6,59,59,9722,6681
151676_CCATCGCAGTTAAACT-1,151676,Br8100,L6,50,62,8646,6896
151676_CCATCTTGTTCACAAT-1,151676,Br8100,L1,7,41,3484,5489
151676_CCATGGCCCTTGTACC-1,151676,Br8100,L4,32,22,6469,4158
151676_CCCAACATACGTCGCG-1,151676,Br8100,L6,43,35,7793,5043
151676_CCCGACCATAGTCCGC-1,151676,Br8100,L5,20,74,5058,7749
151676_CCCGCAGCGCGAACTA-1,151676,Br8100,L6,49,67,8529,7241
151676_CCCGGTGGAAGAACCT-1,151676,Br8100,L3,25,21,5630,4096
151676_CCCGTAAGTCTAGGCC-1,151676,Br8100,L6,40,28,7430,4564
151676_CCCTGATGTAACTCGT-1,151676,Br8100,L1,14,16,4310,3761
151676_CCCTGCCCAATCCGCT-1,151676,Br8100,L5,41,19,7545,3944
151676_CCCTGCGCTACGCATA-1,151676,Br8100,L5,34,24,6710,4294
151676_CCCTTTAATGGAGTTC-1,151676,Br8100,L3,63,109,10227,10120
151676_CCGAACACTGGGCCTC-1,151676,Br8100,L6,44,18,7904,3872
151676_CCGAGGGATGTTAGGC-1,151676,Br8100,L2,6,62,3375,6935
151676_CCGCCGGTCAACACAC-1,151676,Br8100,L3,13,55,4210,6447
151676_CCGCGGAATGCGTCAC-1,151676,Br8100,WM,51,45,8757,5725
151676_CCGCGGGTACGAAGAA-1,151676,Br8100,L5,32,26,6471,4434
151676_CCGCTTCGCGGTTAAC-1,151676,Br8100,L1,2,38,2884,5287
151676_CCGGGTTCGAGGTTAC-1,151676,Br8100,L6,38,32,7193,4841
151676_CCGTACCCAAGCGCCA-1,151676,Br8100,L2,12,34,4079,5002
151676_CCGTATCTCGTCGTAG-1,151676,Br8100,WM,53,27,8987,4484
151676_CCGTATTAGCGCAGTT-1,151676,Br8100,L2,17,111,4718,10299
151676_CCGTCAACCTCTGGCG-1,151676,Br8100,WM,68,14,10777,3575
151676_CCTAAAGGCTGACGCT-1,151676,Br8100,L3,14,82,4344,8305
151676_CCTAGGCGTAGCGATC-1,151676,Br8100,L5,36,88,6982,8698
151676_CCTATGGTCAAAGCTG-1,151676,Br8100,L6,68,68,10805,7293
151676_CCTCACCTTAGCATCG-1,151676,Br8100,L4,27,97,5909,9326
151676_CCTCATGCAGCTACGA-1,151676,Br8100,L1,10,30,3838,4729
151676_CCTCCTAGCTAGAGTC-1,151676,Br8100,WM,67,13,10657,3507
151676_CCTCGACCCACTGCCT-1,151676,Br8100,L1,3,73,3021,7695
151676_CCTCGCGCTGTGCGAT-1,151676,Br8100,L6,57,59,9483,6683
151676_CCTCGGACCGGGATAG-1,151676,Br8100,L5,41,85,7580,8487
151676_CCTCTAATCTGCCAAG-1,151676,Br8100,L5,23,73,5417,7677
151676_CCTCTATCGATTAGCA-1,151676,Br8100,WM,52,26,8867,4416
151676_CCTCTGTACTATTCTA-1,151676,Br8100,L6,53,61,9005,6824
151676_CCTGGAAACGTTCTGC-1,151676,Br8100,L3,39,113,7355,10417
151676_CGAAGCTATAAATTCA-1,151676,Br8100,L3,19,105,4955,9884
151676_CGAAGGGTTTCAGATT-1,151676,Br8100,WM,66,14,10538,3577
151676_CGAAGTTGCTCTGTGT-1,151676,Br8100,L5,33,35,6595,5052
151676_CGAATCTGCTCGACGC-1,151676,Br8100,WM,62,22,10063,4131
151676_CGACAATTTGATCTAA-1,151676,Br8100,L5,43,95,7824,9174
151676_CGACACGCTCCGACAG-1,151676,Br8100,L5,46,94,8183,9103
151676_CGACCCTTAACGCCGG-1,151676,Br8100,L6,48,12,8380,3456
151676_CGACTTTGTATAGCCT-1,151676,Br8100,L3,33,109,6634,10147
151676_CGAGAGATGTGAACCT-1,151676,Br8100,L6,29,73,6136,7672
151676_CGAGAGGGTAGCCGCG-1,151676,Br8100,L3,56,104,9386,9782
151676_CGAGTACTAAAGAGGA-1,151676,Br8100,WM,45,35,8033,5042
151676_CGAGTGAAGGTACCAG-1,151676,Br8100,WM,55,29,9228,4620
151676_CGATACCTCGCGGACA-1,151676,Br8100,L6,40,48,7441,5941
151676_CGATCCTCGCAACATA-1,151676,Br8100,WM,66,40,10551,5367
151676_CGCAGATCTTCACCCG-1,151676,Br8100,L2,25,113,5677,10429
151676_CGCAGGCGATCCAAAC-1,151676,Br8100,L3,52,102,8906,9648
151676_CGCATGGTGCGATGCT-1,151676,Br8100,L6,40,66,7450,7180
151676_CGCCAAGAAGCCGAGT-1,151676,Br8100,L5,39,17,7305,3808
151676_CGCCCTTACATCCACC-1,151676,Br8100,L1,0,98,2675,9419
151676_CGCCCTTGAAGGCTGA-1,151676,Br8100,L3,24,20,5510,4028
151676_CGCCTGGCCTACGTAA-1,151676,Br8100,L6,41,27,7550,4494
151676_CGCGACCGCGACAGAT-1,151676,Br8100,L5,59,81,9734,8196
151676_CGCGAGTCTGCCGGGT-1,151676,Br8100,WM,52,20,8864,4003
151676_CGCGCAAGGAACTACA-1,151676,Br8100,L1,5,29,3238,4665
151676_CGCGCATGTTTGATTG-1,151676,Br8100,WM,50,54,8642,6345
151676_CGCGGCTCAACTTGAA-1,151676,Br8100,L4,43,97,7825,9312
151676_CGCGGTCACAAACCAA-1,151676,Br8100,L3,18,106,4835,9954
151676_CGCGTCATATTAAACC-1,151676,Br8100,L1,2,64,2897,7077
151676_CGCGTGCTATCAACGA-1,151676,Br8100,L1,1,27,2758,4530
151676_CGCGTTCATGAAATAC-1,151676,Br8100,L5,27,51,5885,6159
151676_CGCTACGGGACATTTA-1,151676,Br8100,L6,38,48,7201,5943
151676_CGCTAGAGACCGCTGC-1,151676,Br8100,L4,39,101,7348,9591
151676_CGCTATACCGCCCACT-1,151676,Br8100,L2,14,36,4320,5138
151676_CGCTATTCAATGTATG-1,151676,Br8100,L3,19,31,4916,4790
151676_CGCTCGACATAATGAT-1,151676,Br8100,L4,21,45,5163,5752
151676_CGCTGGTGACTACCCT-1,151676,Br8100,L4,48,98,8425,9376
151676_CGCTGTGTGGATGTTG-1,151676,Br8100,WM,59,43,9714,5580
151676_CGCTTATTCCCGGTCG-1,151676,Br8100,L6,42,30,7671,4700
151676_CGGAAAGAATCAAACG-1,151676,Br8100,WM,58,48,9597,5925
151676_CGGAAATTTCACATCC-1,151676,Br8100,L3,4,82,3146,8314
151676_CGGAACGTAAACATAG-1,151676,Br8100,WM,47,45,8278,5728
151676_CGGCACTCAAGAAAGT-1,151676,Br8100,L1,12,28,4076,4589
151676_CGGCAGGGTCGGGTTG-1,151676,Br8100,L5,32,94,6506,9115
151676_CGGCCACGCACAAAGT-1,151676,Br8100,L6,35,59,6847,6703
151676_CGGCCCAACCTGTAGT-1,151676,Br8100,L3,28,112,6036,10358
151676_CGGCCCAGGTATATCC-1,151676,Br8100,L3,43,105,7830,9862
151676_CGGCTCTTCGTCGAAC-1,151676,Br8100,L3,8,86,3627,8586
151676_CGGGAATTTATGTAAA-1,151676,Br8100,L6,45,65,8048,7107
151676_CGGGATCAATGTAAGA-1,151676,Br8100,L5,23,59,5410,6714
151676_CGGGCCTTCTTTGTAA-1,151676,Br8100,L6,41,55,7564,6422
151676_CGGGTGTACCCATTTA-1,151676,Br8100,L5,32,86,6502,8564
151676_CGGTACTAGAATCAAA-1,151676,Br8100,L5,43,83,7818,8348
151676_CGGTCCGTCGCAAGCC-1,151676,Br8100,WM,63,51,10197,6127
151676_CGGTCTATCAACCCGT-1,151676,Br8100,L4,18,82,4823,8302
151676_CGGTGCAGATAGAACG-1,151676,Br8100,L6,42,36,7674,5113
151676_CGGTGTACTTGATCCC-1,151676,Br8100,L3,17,31,4677,4791
151676_CGGTTCAAGTAGGTGT-1,151676,Br8100,L3,24,98,5550,9398
151676_CGGTTGAGTATCCTTC-1,151676,Br8100,WM,66,30,10546,4679
151676_CGGTTTATGAAGGAAC-1,151676,Br8100,L1,10,104,3876,9823
151676_CGTAGCGAATTGTCAG-1,151676,Br8100,L3,13,71,4218,7549
151676_CGTCACGTCCATTGGT-1,151676,Br8100,WM,47,51,8281,6141
151676_CGTCGGGTCTAAGCGC-1,151676,Br8100,WM,54,22,9104,4139
151676_CGTCGTCCTTCGCGAA-1,151676,Br8100,L5,56,76,9372,7854
151676_CGTGCTGGCCTAGTCG-1,151676,Br8100,L1,9,19,3712,3973
151676_CGTGTCTCGTTACGAC-1,151676,Br8100,WM,60,34,9829,4959
151676_CGTTAATGTCCCGACG-1,151676,Br8100,L5,59,87,9737,8609
151676_CGTTAGCTCACAACTG-1,151676,Br8100,L3,14,90,4348,8856
151676_CGTTCAGACCCGCGAA-1,151676,Br8100,L6,65,61,10442,6814
151676_CGTTCTTCGCACACCT-1,151676,Br8100,L3,19,109,4957,10159
151676_CGTTGAGTAATTGCGT-1,151676,Br8100,L2,11,101,3994,9616
151676_CGTTGTAAGATTGATT-1,151676,Br8100,L3,26,108,5795,10084
151676_CGTTTAAGCGGAGCAC-1,151676,Br8100,L3,13,59,4212,6723
151676_CGTTTCGCTCATTACA-1,151676,Br8100,L6,35,49,6842,6014
151676_CGTTTGTGTAGAGGGT-1,151676,Br8100,WM,55,41,9234,5446
151676_CTAAACGGGTGTAATC-1,151676,Br8100,L1,4,42,3125,5560
151676_CTAACCGCGCGCCCGT-1,151676,Br8100,L6,37,35,7075,5049
151676_CTAAGTACAGGGCTAC-1,151676,Br8100,L1,6,102,3396,9689
151676_CTAATTCTCAGATATT-1,151676,Br8100,L3,27,105,5913,9877
151676_CTACGCACGGAGTACC-1,151676,Br8100,L6,35,57,6846,6565
151676_CTACGCCATTTCCGAT-1,151676,Br8100,L3,12,80,4103,8169
151676_CTAGCCGATGTTATGA-1,151676,Br8100,L3,23,101,5432,9605
151676_CTAGTTGGGCCCGGTA-1,151676,Br8100,L5,26,68,5774,7331
151676_CTATAAGAGCCAATCG-1,151676,Br8100,L3,26,100,5791,9534
151676_CTATGGGAAGCGGAAT-1,151676,Br8100,L3,54,104,9147,9784
151676_CTATGTCACTAGCCCA-1,151676,Br8100,L6,30,66,6252,7189
151676_CTATGTGAGTCACGGC-1,151676,Br8100,L6,45,17,8024,3802
151676_CTATTCATGTGTCCCA-1,151676,Br8100,L6,52,62,8885,6894
151676_CTATTGTGTTTGGTCA-1,151676,Br8100,L3,13,101,4234,9614
151676_CTATTTGGTTACGGAT-1,151676,Br8100,L5,36,82,6979,8285
151676_CTCAAGACATTAGCGC-1,151676,Br8100,L3,14,102,4354,9682
151676_CTCAGGACTCACCTGT-1,151676,Br8100,L2,16,30,4556,4724
151676_CTCCCAATGAGTCGCG-1,151676,Br8100,L3,51,115,8793,10544
151676_CTCCTTTACGCAAGTC-1,151676,Br8100,L3,23,109,5436,10156
151676_CTCGATATTTGCGAGC-1,151676,Br8100,L3,23,99,5431,9467
151676_CTCGCACCTATATAGT-1,151676,Br8100,L5,24,68,5534,7332
151676_CTCGCCGAATGTAGGG-1,151676,Br8100,L6,60,64,9845,7025
151676_CTCGGTCCGTAGCCTG-1,151676,Br8100,L3,18,50,4806,6099
151676_CTCGTTTCTAATGTTT-1,151676,Br8100,L3,22,104,5313,9813
151676_CTCTACACTGGCGATT-1,151676,Br8100,L5,43,17,7784,3804
151676_CTCTGCGAAGCAAGCA-1,151676,Br8100,L3,12,50,4088,6104
151676_CTCTGTTTGAGGATTC-1,151676,Br8100,L3,14,72,4339,7617
151676_CTGACTGCGCAGCTCG-1,151676,Br8100,L4,31,101,6390,9598
151676_CTGAGAAAGTTCGGCG-1,151676,Br8100,L3,49,117,8554,10683
151676_CTGCACCTAGTCCACA-1,151676,Br8100,L2,29,117,6159,10701
151676_CTGCCTTTAATACCTT-1,151676,Br8100,WM,64,28,10305,4543
151676_CTGCGGTAGTCACGTG-1,151676,Br8100,L3,10,92,3870,8997
151676_CTGCTTGGCGATAGCT-1,151676,Br8100,L6,53,75,9012,7788
151676_CTGGCATCCGAATGAG-1,151676,Br8100,WM,48,26,8388,4419
151676_CTGGCTGCTAACGTAA-1,151676,Br8100,L1,5,25,3236,4389
151676_CTGGGATACGCTACCC-1,151676,Br8100,L3,37,117,7117,10694
151676_CTGGGTAGGCAGTTAA-1,151676,Br8100,L6,43,79,7816,8073
151676_CTGTAGCCATCTCACT-1,151676,Br8100,WM,56,46,9356,5789
151676_CTGTTCACTGCCTGTG-1,151676,Br8100,L5,22,56,5289,6508
151676_CTTACACTGGGAAATA-1,151676,Br8100,L3,16,48,4566,5963
151676_CTTAGGTATAGACCAG-1,151676,Br8100,WM,63,15,10179,3649
151676_CTTAGTAGGCCTACAG-1,151676,Br8100,L4,32,102,6510,9666
151676_CTTCAGTGGTCGCCTA-1,151676,Br8100,WM,54,18,9102,3863
151676_CTTCATTGTCAGTGGA-1,151676,Br8100,L6,36,60,6968,6771
151676_CTTCGGCCAATTGTTT-1,151676,Br8100,L3,50,110,8671,10200
151676_CTTGACCCGAAAGATA-1,151676,Br8100,L2,9,57,3732,6589
151676_CTTGTCAACATTCGAG-1,151676,Br8100,L6,50,66,8648,7171
151676_CTTGTCGTACGTGTCA-1,151676,Br8100,L1,2,34,2882,5011
151676_CTTGTTTATGTAGCCA-1,151676,Br8100,L3,18,28,4795,4584
151676_CTTTAACTTTCAAAGG-1,151676,Br8100,L5,23,67,5414,7264
151676_CTTTGAAACATATTCC-1,151676,Br8100,L1,0,96,2674,9282
151676_CTTTGGCTTTAGTAAA-1,151676,Br8100,L5,32,40,6478,5398
151676_CTTTGGGATTGTTGCA-1,151676,Br8100,WM,62,44,10074,5646
151676_GAAACATAGGAAACAG-1,151676,Br8100,WM,60,20,9822,3995
151676_GAAACCATGGTGCGCT-1,151676,Br8100,L3,27,109,5915,10152
151676_GAAACTCGTGCGATGC-1,151676,Br8100,L3,28,24,5991,4300
151676_GAAATATCACCATCAG-1,151676,Br8100,L5,33,23,6589,4226
151676_GAAATATGCTTGAATG-1,151676,Br8100,L2,16,110,4598,10231
151676_GAAATGGCGGTGTTAG-1,151676,Br8100,L5,30,52,6245,6225
151676_GAAATTAGCACGGATA-1,151676,Br8100,L3,18,96,4830,9265
151676_GAACACACATCAACCA-1,151676,Br8100,L5,22,50,5286,6095
151676_GAACAGATTACTAAAT-1,151676,Br8100,L6,57,71,9489,7509
151676_GAACCCTCTGTGTTCT-1,151676,Br8100,L6,59,67,9726,7232
151676_GAACGACCGAATGATA-1,151676,Br8100,L4,19,63,4933,6993
151676_GAACGCGGGTCACACG-1,151676,Br8100,L3,48,114,8433,10478
151676_GAAGCGTGAGGAATTT-1,151676,Br8100,L6,34,60,6728,6773
151676_GAAGCTCGGACCCGTC-1,151676,Br8100,WM,55,21,9224,4069
151676_GAAGCTTGCTGACCGC-1,151676,Br8100,L5,29,35,6116,5056
151676_GAAGTCTCCCTAGCGA-1,151676,Br8100,L5,37,91,7104,8904
151676_GAATCGACATGGTCAC-1,151676,Br8100,L5,26,42,5761,5541
151676_GAATCGCCGGACACGG-1,151676,Br8100,L2,11,41,3963,5485
151676_GAATGTTGGGTAATCT-1,151676,Br8100,L5,23,69,5415,7402
151676_GACAAACATATGCAGG-1,151676,Br8100,L4,44,100,7947,9517
151676_GACAACGACCATTGAA-1,151676,Br8100,L5,25,77,5659,7951
151676_GACAAGAGATGAGATT-1,151676,Br8100,L3,56,116,9392,10608
151676_GACAGCCAGACCTGAC-1,151676,Br8100,L5,42,86,7700,8555
151676_GACCCGTCGCCGGCTA-1,151676,Br8100,L3,9,59,3733,6726
151676_GACGCCGTAAAGGCTA-1,151676,Br8100,WM,54,54,9121,6342
151676_GACGGGTTGGCCCGTA-1,151676,Br8100,WM,61,51,9958,6129
151676_GACGTTCGTAAATACA-1,151676,Br8100,L2,24,116,5559,10637
151676_GACTACAAAGCGGTGG-1,151676,Br8100,WM,49,21,8505,4074
151676_GACTAGGCCGTTAGGT-1,151676,Br8100,L5,66,78,10571,7983
151676_GACTCGCGGGAATGAC-1,151676,Br8100,L4,28,96,6028,9256
151676_GACTGCGGCACGTGTA-1,151676,Br8100,L3,27,15,5866,3681
151676_GACTGGGCGCCGCAAC-1,151676,Br8100,L2,6,94,3392,9138
151676_GAGACTTCGCGACCGA-1,151676,Br8100,WM,53,57,9003,6549
151676_GAGATCTGTCACTCCG-1,151676,Br8100,L6,30,74,6256,7740
151676_GAGATCTTCCATGACA-1,151676,Br8100,L6,45,77,8055,7933
151676_GAGCCACGGTAGTAGG-1,151676,Br8100,L2,9,47,3727,5900
151676_GAGCCAGCTACCTGTG-1,151676,Br8100,L5,53,89,9019,8752
151676_GAGGCCCGACTCCGCA-1,151676,Br8100,WM,55,23,9225,4207
151676_GAGGGAGTCAGATCGC-1,151676,Br8100,WM,65,41,10432,5437
151676_GAGGTACGCGTGTCCC-1,151676,Br8100,L6,67,67,10685,7225
151676_GAGGTCCCAAAGATCT-1,151676,Br8100,L3,18,26,4794,4446
151676_GAGTACGGGTATACAA-1,151676,Br8100,L3,15,43,4443,5619
151676_GAGTAGATACTAGTTG-1,151676,Br8100,L6,62,64,10084,7023
151676_GAGTATCAAAGTTACA-1,151676,Br8100,L2,57,121,9515,10951
151676_GAGTGTCAACCAGAAA-1,151676,Br8100,L5,63,83,10214,8330
151676_GATAAGGCAGATGCAA-1,151676,Br8100,L1,10,28,3837,4591
151676_GATCCCTTTATACTGC-1,151676,Br8100,L6,28,60,6009,6778
151676_GATCCTCTTGCGCTTA-1,151676,Br8100,L3,7,83,3506,8380
151676_GATCGACACTATCTGA-1,151676,Br8100,L5,27,47,5883,5884
151676_GATCGCTATATCTCAG-1,151676,Br8100,WM,61,25,9944,4339
151676_GATCTTGGAGGGCATA-1,151676,Br8100,L6,44,70,7931,7452
151676_GATGACAAGTAGGGCA-1,151676,Br8100,WM,57,33,9469,4893
151676_GATGCCTTCTGCGGCA-1,151676,Br8100,WM,58,14,9579,3584
151676_GATGCGTCCTGCATTC-1,151676,Br8100,L6,37,57,7086,6563
151676_GATGCTGTATTTCATC-1,151676,Br8100,L6,43,75,7814,7797
151676_GATGGTGCCCTAGGCA-1,151676,Br8100,L3,10,78,3863,8033
151676_GATGTCCGGATCACAT-1,151676,Br8100,L1,7,37,3482,5214
151676_GATGTCGGTCAACTGC-1,151676,Br8100,L3,9,73,3740,7690
151676_GATGTGTTGTCACAAG-1,151676,Br8100,L3,6,78,3383,8037
151676_GATTCCCTTGTCGCAG-1,151676,Br8100,L5,25,67,5654,7263
151676_GCAAATATTACGCTTT-1,151676,Br8100,L6,35,41,6838,5464
151676_GCAACCACCAGACCGG-1,151676,Br8100,L3,14,92,4349,8994
151676_GCAAGATGTGTTCGCG-1,151676,Br8100,L1,11,105,3996,9891
151676_GCAAGTGTAAAGCATG-1,151676,Br8100,WM,67,45,10673,5710
151676_GCACAAACCCTAGATG-1,151676,Br8100,WM,65,21,10421,4060
151676_GCACAAGTGTCGGAAG-1,151676,Br8100,L3,10,64,3855,7070
151676_GCACACACTGGTAGCC-1,151676,Br8100,L4,56,94,9381,9094
151676_GCACGTGGTTTACTTA-1,151676,Br8100,L3,64,106,10346,9912
151676_GCAGAAGGTAATCTCC-1,151676,Br8100,L2,50,122,8677,11027
151676_GCAGGTAGAGTATGGT-1,151676,Br8100,L3,18,94,4829,9128
151676_GCATCGGCCGTGTAGG-1,151676,Br8100,L3,49,103,8547,9719
151676_GCATTTCCAAGGCTCC-1,151676,Br8100,L3,33,111,6635,10285
151676_GCCACTCAGAGCGCGA-1,151676,Br8100,L4,59,95,9741,9160
151676_GCCAGGCGTTCGCATG-1,151676,Br8100,L3,9,89,3748,8792
151676_GCCATCGAGCTGCGTG-1,151676,Br8100,WM,53,47,8997,5861
151676_GCCCATGGGTGCAATG-1,151676,Br8100,L1,0,88,2670,8731
151676_GCCCGACTTCTTCCCG-1,151676,Br8100,WM,49,25,8507,4350
151676_GCCCTAGCCGTCGCGA-1,151676,Br8100,WM,54,16,9101,3726
151676_GCCGACCCACGACTGC-1,151676,Br8100,WM,62,30,10067,4682
151676_GCCGCACTCCGTTTCA-1,151676,Br8100,L2,43,121,7838,10964
151676_GCCGTGGAAGAAATGT-1,151676,Br8100,L3,39,115,7356,10555
151676_GCCTATGCTGGGCCTT-1,151676,Br8100,L2,18,114,4839,10505
151676_GCCTCCGACAATTCAC-1,151676,Br8100,L3,60,98,9862,9365
151676_GCCTGCTACACTGAGA-1,151676,Br8100,L1,8,106,3637,9963
151676_GCGAAACGATCGGGAG-1,151676,Br8100,L3,54,100,9145,9508
151676_GCGACATGTAAACATC-1,151676,Br8100,L3,37,107,7112,10006
151676_GCGACGATAGTTGTAC-1,151676,Br8100,WM,48,54,8402,6347
151676_GCGAGGCCCGAGCAGA-1,151676,Br8100,L6,37,47,7081,5875
151676_GCGAGTTCTGCAAAGA-1,151676,Br8100,L6,35,63,6850,6978
151676_GCGCAAATATATTCAA-1,151676,Br8100,WM,58,28,9587,4548
151676_GCGCAAGAGCGCGCTG-1,151676,Br8100,L4,40,100,7468,9521
151676_GCGCATCCAGTCAGCA-1,151676,Br8100,L5,29,95,6147,9187
151676_GCGCCTCCCACTCCGA-1,151676,Br8100,L3,48,110,8431,10202
151676_GCGCGATGGGTCAAGT-1,151676,Br8100,L1,2,44,2887,5700
151676_GCGGCTCTGACGTACC-1,151676,Br8100,L6,38,38,7196,5254
151676_GCGGGAACCAGGCCCT-1,151676,Br8100,L3,18,48,4805,5961
151676_GCGGTGAACTGCGCTC-1,151676,Br8100,L3,20,94,5069,9126
151676_GCGGTTCCCTATCATG-1,151676,Br8100,WM,47,49,8280,6004
151676_GCGTCGAAATGTCGGT-1,151676,Br8100,L4,17,65,4694,7132
151676_GCTAAGTAGTTTCTCT-1,151676,Br8100,L6,34,80,6739,8149
151676_GCTACTATAGTAGAGT-1,151676,Br8100,L4,50,94,8662,9099
151676_GCTAGCGATAGGTCTT-1,151676,Br8100,WM,66,24,10543,4265
151676_GCTAGTAGAGCTTGTA-1,151676,Br8100,L6,39,65,7330,7112
151676_GCTATACGTCTCGGAC-1,151676,Br8100,L5,52,88,8899,8684
151676_GCTATCGCGGCGCAAC-1,151676,Br8100,L3,20,24,5033,4307
151676_GCTCTCGGGTACCGAA-1,151676,Br8100,L5,26,58,5769,6642
151676_GCTCTTTCCGCTAGTG-1,151676,Br8100,L6,64,54,10319,6333
151676_GCTGAATCTTCCAATC-1,151676,Br8100,WM,59,23,9704,4203
151676_GCTGAGGCGTGAGTAT-1,151676,Br8100,L6,40,64,7449,7043
151676_GCTGCACGGTTTCTTA-1,151676,Br8100,L6,41,73,7573,7661
151676_GCTGCTCTCCGGACAC-1,151676,Br8100,L6,31,63,6370,6982
151676_GCTGGCATATTCACCT-1,151676,Br8100,L5,31,31,6354,4779
151676_GCTGGCGGCGCATGCT-1,151676,Br8100,L6,54,64,9126,7030
151676_GCTGTTGCTACCGAAC-1,151676,Br8100,L5,39,95,7345,9178
151676_GCTTAATGTAACTAAC-1,151676,Br8100,L5,42,84,7699,8418
151676_GCTTACGTAGTTAGTA-1,151676,Br8100,L3,36,112,6995,10351
151676_GCTTCCAGCTTAGATT-1,151676,Br8100,L1,8,16,3591,3767
151676_GCTTCCGTCCCTAGAC-1,151676,Br8100,L6,29,77,6138,7947
151676_GGAAACCTTGTTGAAT-1,151676,Br8100,L3,20,106,5075,9952
151676_GGAAAGTGCCCATGCC-1,151676,Br8100,L4,20,90,5067,8851
151676_GGAACGGCCTGCAGCC-1,151676,Br8100,L3,25,15,5627,3683
151676_GGACCTACGGTAACGT-1,151676,Br8100,L2,17,109,4717,10161
151676_GGACTCTTCCGGTTGA-1,151676,Br8100,L2,57,123,9516,11089
151676_GGAGCGAGGCCTACTT-1,151676,Br8100,L6,67,69,10686,7363
151676_GGAGGCCGAAGTCGTC-1,151676,Br8100,L3,40,116,7476,10622
151676_GGAGGCGAAGAACCGC-1,151676,Br8100,L1,3,101,3036,9623
151676_GGATCATCCCGTACGC-1,151676,Br8100,L3,17,101,4713,9610
151676_GGATCTTACTGCCCTT-1,151676,Br8100,WM,65,35,10429,5024
151676_GGATGACGCGAGTTTA-1,151676,Br8100,L6,37,45,7080,5737
151676_GGATTCAGTACGGTGG-1,151676,Br8100,L3,19,33,4917,4927
151676_GGCAAATTACTTTACT-1,151676,Br8100,L6,41,53,7563,6284
151676_GGCAGCGGTAATCCTA-1,151676,Br8100,L3,14,100,4353,9544
151676_GGCCGAGACTCTGGTG-1,151676,Br8100,WM,62,32,10068,4820
151676_GGCCTGCTTCTCCCGA-1,151676,Br8100,L3,59,113,9750,10399
151676_GGCGAAATCTAACTTG-1,151676,Br8100,L5,43,87,7820,8623
151676_GGCGCAGGACATCTTC-1,151676,Br8100,L5,37,27,7070,4498
151676_GGCGCGGAGATCTTTC-1,151676,Br8100,L5,58,86,9617,8541
151676_GGCGTAGGGAAAGCTG-1,151676,Br8100,L5,64,82,10333,8260
151676_GGCTACTATACACTCC-1,151676,Br8100,WM,64,44,10314,5644
151676_GGCTCGCGTTGAGGTA-1,151676,Br8100,L5,31,93,6386,9047
151676_GGCTGGCTAGCTTAAA-1,151676,Br8100,L1,11,29,3957,4659
151676_GGGAACGGGAGGTTAG-1,151676,Br8100,L6,39,37,7315,5185
151676_GGGAAGACGGTCTGTC-1,151676,Br8100,L5,64,76,10330,7847
151676_GGGACCCGTATATCTT-1,151676,Br8100,WM,57,53,9480,6270
151676_GGGAGGATGCCCGAAA-1,151676,Br8100,L6,37,51,7083,6150
151676_GGGAGTAATGGCTGGC-1,151676,Br8100,L2,10,42,3844,5555
151676_GGGCAGAGCAATCGTT-1,151676,Br8100,L6,58,60,9603,6751
151676_GGGCCCGTCTTAAACA-1,151676,Br8100,L6,42,52,7682,6215
151676_GGGCTGCCTAGGGCGA-1,151676,Br8100,L6,33,69,6613,7393
151676_GGGTATGTATGCACTT-1,151676,Br8100,L4,28,28,5993,4575
151676_GGGTATTCTAGCAAAC-1,151676,Br8100,WM,55,15,9220,3656
151676_GGGTGACACCTTAACT-1,151676,Br8100,WM,46,56,8164,6486
151676_GGTAAATGTGCGTTAC-1,151676,Br8100,L3,11,81,3984,8239
151676_GGTACCATTAAGACGG-1,151676,Br8100,L3,29,105,6152,9875
151676_GGTAGTGCTCGCACCA-1,151676,Br8100,L6,34,72,6734,7599
151676_GGTCGGATAAACGGCG-1,151676,Br8100,L3,23,97,5430,9330
151676_GGTCGGTAATTAGACA-1,151676,Br8100,L2,12,36,4080,5140
151676_GGTCGGTCGTCCACAG-1,151676,Br8100,WM,56,52,9359,6202
151676_GGTGAAACCGGGAATG-1,151676,Br8100,L1,6,48,3368,5972
151676_GGTGCAGAGCCTATCG-1,151676,Br8100,L2,12,104,4116,9822
151676_GGTGCTGATCACAAAG-1,151676,Br8100,L3,27,21,5869,4094
151676_GGTGGAGGTTGATACG-1,151676,Br8100,L2,44,122,7958,11032
151676_GGTGTTCTGTTTCTAC-1,151676,Br8100,L2,4,90,3150,8865
151676_GGTTCTACTCGTCTGA-1,151676,Br8100,L3,39,105,7350,9866
151676_GGTTTGACAAGAAGCT-1,151676,Br8100,L1,12,112,4120,10372
151676_GGTTTGAGTGCTGGAA-1,151676,Br8100,L2,12,42,4084,5553
151676_GGTTTGTGACCTGAGG-1,151676,Br8100,L3,61,105,9986,9846
151676_GTAACTGCCCAAGGAG-1,151676,Br8100,WM,66,46,10554,5780
151676_GTAAGTAACAGTCTGG-1,151676,Br8100,L5,40,82,7458,8282
151676_GTACGAGATTGCGACA-1,151676,Br8100,L5,21,57,5169,6578
151676_GTACGTCACGTATTAA-1,151676,Br8100,L1,11,107,3997,10029
151676_GTACTCCCTTATCGCT-1,151676,Br8100,L5,36,28,6951,4568
151676_GTAGAGGGAGACAAGT-1,151676,Br8100,WM,51,31,8750,4761
151676_GTAGTTCGAAGGCGAA-1,151676,Br8100,WM,65,39,10431,5299
151676_GTATAGGACTCAGTAG-1,151676,Br8100,L5,20,58,5050,6648
151676_GTATATGTTACGGCGG-1,151676,Br8100,L1,6,20,3353,4044
151676_GTATCAAACGTTAGCT-1,151676,Br8100,L4,55,97,9263,9301
151676_GTATCAGCTTGGGTTC-1,151676,Br8100,L3,20,34,5038,4995
151676_GTATCTCAGTCTTGAC-1,151676,Br8100,WM,58,22,9583,4135
151676_GTATGACGTGGGAAAC-1,151676,Br8100,L1,7,29,3478,4663
151676_GTATGTGGGTCTAGTT-1,151676,Br8100,L5,38,92,7224,8972
151676_GTATTAAGGCGTCTAA-1,151676,Br8100,L3,20,26,5034,4445
151676_GTATTTAATGGCATAA-1,151676,Br8100,L2,52,120,8915,10887
151676_GTCAAAGAAGTGGTGT-1,151676,Br8100,WM,56,18,9342,3861
151676_GTCAAAGTTTACATAG-1,151676,Br8100,L1,13,29,4197,4657
151676_GTCACAAAGTTTCCAA-1,151676,Br8100,L3,9,61,3734,6864
151676_GTCACTCTCCAAATCT-1,151676,Br8100,L3,23,31,5396,4786
151676_GTCATGGACATGACTA-1,151676,Br8100,L5,26,62,5771,6918
151676_GTCCCGCGACGTTATG-1,151676,Br8100,L5,58,82,9614,8266
151676_GTCCTACGAATAGTCT-1,151676,Br8100,L5,53,91,9020,8890
151676_GTCGCCGTTGTGTGTT-1,151676,Br8100,WM,57,43,9474,5582
151676_GTCGCGTAACCCGTTG-1,151676,Br8100,L6,39,75,7335,7801
151676_GTCGTGTCTGGTCATC-1,151676,Br8100,L3,28,110,6035,10220
151676_GTCTATTGGTTCCGGT-1,151676,Br8100,L5,50,90,8660,8824
151676_GTCTCGACTAAGTTTG-1,151676,Br8100,L3,25,111,5676,10292
151676_GTCTCGATCTGCTTTC-1,151676,Br8100,L5,20,80,5061,8162
151676_GTCTTAGTACAGCCGG-1,151676,Br8100,L3,12,78,4102,8032
151676_GTGAAGCCGTATAGTC-1,151676,Br8100,L3,21,107,5195,10020
151676_GTGACAGCTTCCCACT-1,151676,Br8100,L5,64,74,10329,7709
151676_GTGAGTGGTACAACGC-1,151676,Br8100,WM,52,56,8882,6481
151676_GTGATCAAGCGTGCAC-1,151676,Br8100,WM,65,27,10425,4473
151676_GTGATCCTTGTCATGA-1,151676,Br8100,L5,62,84,10095,8400
151676_GTGATTCGCCGCTCAA-1,151676,Br8100,WM,48,40,8395,5383
151676_GTGCAACAAATGTGGC-1,151676,Br8100,L3,14,62,4333,6928
151676_GTGCCGCTTCAAAGGT-1,151676,Br8100,WM,44,44,7918,5662
151676_GTGCGAAATCGAACAC-1,151676,Br8100,WM,45,43,8037,5592
151676_GTGCGACAGGGAGTGT-1,151676,Br8100,L4,36,100,6988,9525
151676_GTGCGCAGCTTGCTCC-1,151676,Br8100,L1,5,33,3240,4940
151676_GTGCGGGTCTCCAAAT-1,151676,Br8100,L5,20,56,5049,6510
151676_GTGCTCAAGTACTGTC-1,151676,Br8100,L6,34,52,6724,6222
151676_GTGGTCAGCGAAGTAT-1,151676,Br8100,L3,8,92,3630,8999
151676_GTGGTGGCCAAGTGAA-1,151676,Br8100,L6,45,79,8056,8071
151676_GTGGTTACTTCTTTCG-1,151676,Br8100,L3,31,105,6392,9873
151676_GTGTCAGTGTACGTGG-1,151676,Br8100,WM,68,42,10792,5503
151676_GTGTCCGATAAGGCAT-1,151676,Br8100,L1,4,98,3154,9416
151676_GTGTGAATAACTTAGG-1,151676,Br8100,L5,33,83,6620,8357
151676_GTGTGAGCCGAGGTGC-1,151676,Br8100,L1,1,33,2761,4944
151676_GTTAAAGTAGGACTGG-1,151676,Br8100,L5,49,83,8537,8343
151676_GTTAACTATGTTGTCA-1,151676,Br8100,L3,43,111,7833,10276
151676_GTTAAGTTAGAGTGGG-1,151676,Br8100,L3,36,116,6997,10626
151676_GTTACGGCCCGACTGC-1,151676,Br8100,L1,3,39,3004,5355
151676_GTTAGAGTGTGCCGCT-1,151676,Br8100,L3,7,75,3502,7830
151676_GTTAGCCCATGACATC-1,151676,Br8100,L5,67,75,10689,7776
151676_GTTAGCCGTAAATCAA-1,151676,Br8100,L3,30,110,6275,10218
151676_GTTATAATACGGTGAA-1,151676,Br8100,L3,53,107,9028,9991
151676_GTTATATTATCTCCCT-1,151676,Br8100,WM,48,56,8403,6485
151676_GTTCCCGTAAACATAT-1,151676,Br8100,L2,59,119,9753,10812
151676_GTTCGCCATAAGTGCC-1,151676,Br8100,L6,37,53,7084,6288
151676_GTTCGGATCGGGAACA-1,151676,Br8100,L3,44,110,7952,10206
151676_GTTGCGCTAACATTAC-1,151676,Br8100,L2,41,119,7597,10828
151676_GTTGGATTGAGAACAC-1,151676,Br8100,L5,32,88,6503,8702
151676_GTTTACGTTCCATCTG-1,151676,Br8100,L6,48,64,8407,7035
151676_GTTTGAGCGGTTATGT-1,151676,Br8100,L1,0,42,2646,5564
151676_GTTTGGCCGCTCAGCG-1,151676,Br8100,L1,12,32,4078,4865
151676_GTTTGGGCTTGTGAGC-1,151676,Br8100,L6,51,65,8767,7102
151676_GTTTGGGTTTCGCCCG-1,151676,Br8100,L4,63,91,10218,8881
151676_TAAAGACAACCCTTTA-1,151676,Br8100,L3,40,118,7477,10760
151676_TAAATGAATCCGTTTC-1,151676,Br8100,L3,23,29,5394,4648
151676_TAAATGCCGTCTCATG-1,151676,Br8100,L2,11,103,3995,9754
151676_TAACAATATTTGTTGC-1,151676,Br8100,L3,28,16,5987,3749
151676_TAACAGCGTTTGTGCT-1,151676,Br8100,WM,63,37,10190,5163
151676_TAACATACACGCGATC-1,151676,Br8100,WM,55,25,9226,4344
151676_TAACCTACCGTCCGAG-1,151676,Br8100,L4,33,101,6630,9596
151676_TAACCTAGGGAGTCCA-1,151676,Br8100,L3,60,106,9866,9916
151676_TAACGCTTTGAGAGCG-1,151676,Br8100,L4,27,29,5874,4645
151676_TAAGGGCCTGTCCGAT-1,151676,Br8100,L4,57,95,9501,9161
151676_TAAGGGCTGGGAGAGG-1,151676,Br8100,L5,34,18,6706,3881
151676_TAAGTAACATCTTGAC-1,151676,Br8100,WM,46,40,8155,5385
151676_TAAGTCGCCGAGTATC-1,151676,Br8100,WM,54,32,9109,4827
151676_TAAGTTGCGACGTAGG-1,151676,Br8100,L4,53,95,9022,9165
151676_TAATAAACAAGGAGAT-1,151676,Br8100,L3,17,91,4708,8922
151676_TAATAGGTCACCAGAA-1,151676,Br8100,WM,61,21,9942,4063
151676_TAATAGTGACGACCAG-1,151676,Br8100,L5,27,83,5902,8362
151676_TAATATTGAAATTCGC-1,151676,Br8100,L3,17,47,4685,5893
151676_TACAAATTGCGGAGGT-1,151676,Br8100,L1,1,81,2786,8248
151676_TACAGAAACGGTGGGC-1,151676,Br8100,L5,59,85,9736,8471
151676_TACATCCCTATCCCTG-1,151676,Br8100,L5,44,14,7902,3597
151676_TACATTTCTAACGTGC-1,151676,Br8100,L6,39,55,7325,6424
151676_TACCAGAAGTAGGTTC-1,151676,Br8100,WM,49,51,8520,6140
151676_TACCGGCTCACTGCCC-1,151676,Br8100,L6,47,65,8288,7105
151676_TACCGGTCGTTTCCAT-1,151676,Br8100,WM,44,34,7913,4974
151676_TACCGTAGGTTAACTA-1,151676,Br8100,WM,59,57,9721,6544
151676_TACCGTGCCTCGGACC-1,151676,Br8100,L6,51,69,8769,7377
151676_TACCTACTCCCAGTAT-1,151676,Br8100,L6,58,62,9604,6889
151676_TACCTGCTGCACTGTG-1,151676,Br8100,L3,28,22,5990,4162
151676_TACGATGTTGATCATC-1,151676,Br8100,L5,35,35,6835,5051
151676_TACGTACTAGTGCTGA-1,151676,Br8100,WM,62,42,10073,5508
151676_TACTCGGCACGCCGGG-1,151676,Br8100,L5,36,16,6945,3742
151676_TACTCTCCGAACAAAT-1,151676,Br8100,L5,21,81,5182,8230
151676_TACTGTTTCTCTGGTA-1,151676,Br8100,L3,47,119,8316,10823
151676_TAGAATTAAGGGCAAC-1,151676,Br8100,L3,10,76,3862,7896
151676_TAGAGATCATGCAACT-1,151676,Br8100,L6,44,26,7908,4423
151676_TAGAGTCTAAGCGAAC-1,151676,Br8100,L5,29,55,6127,6433
151676_TAGATCCGAAGTCGCA-1,151676,Br8100,L3,10,72,3859,7620
151676_TAGCCATTTCAAAGTC-1,151676,Br8100,L5,43,89,7821,8761
151676_TAGCCGGCGGTCAGCG-1,151676,Br8100,L5,33,85,6621,8495
151676_TAGCGTCCGGTGTGGT-1,151676,Br8100,L6,53,77,9013,7926
151676_TAGCGTTGGGTCTTAC-1,151676,Br8100,L6,38,68,7211,7320
151676_TAGCTAGAAGGCATGA-1,151676,Br8100,WM,51,51,8760,6138
151676_TAGGGAGCTTGGGATG-1,151676,Br8100,L5,36,96,6986,9249
151676_TAGGGTGTTTCAAGAG-1,151676,Br8100,L5,22,54,5288,6370
151676_TAGGTCCAAGTAAGGA-1,151676,Br8100,L4,29,23,6110,4230
151676_TAGGTGACGATAACCT-1,151676,Br8100,L5,61,79,9972,8056
151676_TAGGTGAGCCCTACTC-1,151676,Br8100,L5,29,33,6115,4918
151676_TAGTACCTTAGTGGTC-1,151676,Br8100,L3,21,21,5151,4099
151676_TAGTCCGCAGAGAATG-1,151676,Br8100,L6,39,53,7323,6286
151676_TAGTCTTTCCGAATTG-1,151676,Br8100,L3,50,116,8674,10613
151676_TAGTGAGAAGTGGTTG-1,151676,Br8100,L1,3,41,3005,5492
151676_TAGTGTCAGAAACGGC-1,151676,Br8100,L3,21,19,5150,3962
151676_TAGTTAAGATAGGATA-1,151676,Br8100,L3,12,82,4104,8307
151676_TAGTTTATTCTTGCTT-1,151676,Br8100,L3,13,57,4211,6585
151676_TATAAATCCACAAGCT-1,151676,Br8100,L3,20,44,5043,5684
151676_TATAAGTGAGGATAGC-1,151676,Br8100,L3,21,39,5160,5339
151676_TATACGCGTCATCACT-1,151676,Br8100,L6,60,68,9847,7300
151676_TATATAGGGCTTTACG-1,151676,Br8100,WM,63,33,10188,4888
151676_TATATATCGAGAAATG-1,151676,Br8100,WM,60,28,9826,4546
151676_TATATTCGCGTCGATA-1,151676,Br8100,L3,8,62,3615,6934
151676_TATCCATCTCGGTTAG-1,151676,Br8100,WM,61,17,9940,3788
151676_TATCGATCTATGCATA-1,151676,Br8100,L4,22,88,5305,8711
151676_TATGAAGACAGGTGCG-1,151676,Br8100,L3,29,21,6109,4092
151676_TATGGAGTTTCTCGTT-1,151676,Br8100,L1,6,32,3360,4870
151676_TATGGATGTGCTACGC-1,151676,Br8100,L5,26,54,5767,6367
151676_TATGGCCCGGCCTCGC-1,151676,Br8100,L5,30,30,6234,4711
151676_TATGGGTACGTATCGT-1,151676,Br8100,L6,32,58,6488,6637
151676_TATGGTCTGAGTAACA-1,151676,Br8100,L6,36,58,6967,6633
151676_TATTACCATCCTGCTT-1,151676,Br8100,L5,38,96,7226,9247
151676_TATTCCGAGCTGTTAT-1,151676,Br8100,L5,54,86,9137,8545
151676_TATTCCTCCGCCCACT-1,151676,Br8100,WM,48,32,8391,4832
151676_TATTCGTGCCAGAATA-1,151676,Br8100,L6,34,64,6730,7048
151676_TCAAATTTGAGACTCA-1,151676,Br8100,L6,60,70,9848,7438
151676_TCAACAAAGATAATTC-1,151676,Br8100,WM,53,29,8988,4621
151676_TCAACTAACGTATAAC-1,151676,Br8100,L4,31,19,6348,3953
151676_TCAAGAAATACTAGCT-1,151676,Br8100,L3,34,108,6753,10077
151676_TCAAGGTTACTACACC-1,151676,Br8100,L3,47,103,8308,9721
151676_TCAATACGCCGTCATG-1,151676,Br8100,L6,63,61,10203,6815
151676_TCACTATCGTGCAATC-1,151676,Br8100,L1,4,34,3121,5010
151676_TCAGACGCTATAGAAG-1,151676,Br8100,L6,48,72,8411,7586
151676_TCAGGTTCTTTGAGAA-1,151676,Br8100,L5,30,42,6240,5537
151676_TCAGTAGGGACTATAA-1,151676,Br8100,WM,46,48,8159,5936
151676_TCATATGAGCTTTGTT-1,151676,Br8100,L6,64,62,10323,6883
151676_TCATTTAGAAGTGTGA-1,151676,Br8100,L3,54,110,9150,10197
151676_TCCACTTTATCTAGGT-1,151676,Br8100,L6,31,79,6379,8083
151676_TCCCACGGAGGGAGCT-1,151676,Br8100,L1,1,75,2783,7835
151676_TCCCAGCACACGACAT-1,151676,Br8100,L2,56,124,9397,11159
151676_TCCGCGGCAGCATCTG-1,151676,Br8100,L5,34,84,6741,8425
151676_TCCGCTGTCATCCCGG-1,151676,Br8100,L5,47,81,8296,8207
151676_TCCGGTTCGTCCGGTC-1,151676,Br8100,WM,51,53,8761,6275
151676_TCCGTTAAGCTAATAT-1,151676,Br8100,L4,52,100,8905,9510
151676_TCCGTTTAGCCTTGAA-1,151676,Br8100,L5,29,89,6144,8774
151676_TCCTAAATTGGGAAGC-1,151676,Br8100,L6,56,70,9369,7441
151676_TCCTACATCCACGGCC-1,151676,Br8100,L5,46,84,8178,8414
151676_TCCTAGCAAAGAAGCT-1,151676,Br8100,L6,41,41,7557,5458
151676_TCCTCCTAAGACATTC-1,151676,Br8100,L6,47,21,8265,4076
151676_TCCTCGGGCTGGGCTT-1,151676,Br8100,L6,40,76,7455,7869
151676_TCCTCTCCAGTTGTCC-1,151676,Br8100,L4,30,20,6228,4022
151676_TCCTGGCGCTGCCTGG-1,151676,Br8100,L2,12,106,4117,9959
151676_TCCTTACGACGGTCCG-1,151676,Br8100,L4,49,95,8543,9169
151676_TCCTTCAGTGGTCGAA-1,151676,Br8100,L3,15,69,4457,7409
151676_TCGAAATTTAGGACCA-1,151676,Br8100,L5,29,45,6121,5744
151676_TCGAAGAACCGAGCAC-1,151676,Br8100,L4,45,99,8066,9448
151676_TCGACAACTGAACCCG-1,151676,Br8100,WM,57,15,9460,3654
151676_TCGATAGGCTAGTCGC-1,151676,Br8100,L1,8,48,3607,5970
151676_TCGCCCAACTGACTCC-1,151676,Br8100,L1,9,109,3759,10168
151676_TCGGAGAGTATCGGGA-1,151676,Br8100,L6,45,23,8027,4216
151676_TCGGAGTACATGAGTA-1,151676,Br8100,L6,32,74,6496,7738
151676_TCGGGCCGTCGTGGTA-1,151676,Br8100,L5,40,88,7461,8695
151676_TCGGTGACCGCTCCGG-1,151676,Br8100,L2,15,109,4478,10163
151676_TCGTATTACCCATTGC-1,151676,Br8100,L5,37,25,7069,4360
151676_TCGTGTTCGACCACAA-1,151676,Br8100,L3,57,105,9507,9850
151676_TCTACCGTCCACAAGC-1,151676,Br8100,L5,27,67,5893,7261
151676_TCTATCGGTCGCAACA-1,151676,Br8100,L5,22,64,5293,7059
151676_TCTCATGAGATAGGGT-1,151676,Br8100,L5,49,87,8539,8618
151676_TCTCCACAAGTTGAAT-1,151676,Br8100,L4,61,93,9979,9020
151676_TCTCGACGTATCGCCG-1,151676,Br8100,L3,45,113,8073,10411
151676_TCTCGGCTCCAGGACT-1,151676,Br8100,L1,13,23,4193,4244
151676_TCTGAACCGGTCGGCT-1,151676,Br8100,L3,21,37,5159,5201
151676_TCTGAATTCCGTACAA-1,151676,Br8100,L5,34,94,6746,9113
151676_TCTGAGCAATTGACTG-1,151676,Br8100,L3,54,112,9151,10334
151676_TCTGATGTATTCTGTC-1,151676,Br8100,L5,51,83,8776,8341
151676_TCTGCATACCTTGCTT-1,151676,Br8100,L3,61,99,9983,9433
151676_TCTGGGTAGCGCTCAT-1,151676,Br8100,L6,40,36,7434,5115
151676_TCTGTTACCCAGCATA-1,151676,Br8100,WM,51,35,8752,5036
151676_TCTTCGAATAGACGTT-1,151676,Br8100,L6,39,71,7333,7525
151676_TCTTGCTCCCGATACT-1,151676,Br8100,L6,65,67,10445,7227
151676_TCTTTAAGACTATGAA-1,151676,Br8100,L4,34,98,6748,9389
151676_TGACACTTCTCTTTGC-1,151676,Br8100,L3,16,102,4594,9680
151676_TGACATCGAGCGGACC-1,151676,Br8100,L4,35,101,6869,9594
151676_TGACGAATATTTCCCT-1,151676,Br8100,L6,44,22,7906,4148
151676_TGAGCAGTCGTGAAGT-1,151676,Br8100,L1,5,39,3243,5353
151676_TGAGCCATACAGTCTC-1,151676,Br8100,L6,42,38,7675,5251
151676_TGAGGAGTGCCAGCTT-1,151676,Br8100,L6,58,58,9602,6613
151676_TGAGGTTGATCCCAAG-1,151676,Br8100,L1,1,37,2763,5219
151676_TGAGTAAATTAGCGTA-1,151676,Br8100,WM,47,57,8284,6554
151676_TGATACATTTAGCCGT-1,151676,Br8100,WM,55,43,9235,5583
151676_TGATCTACGCTGATCT-1,151676,Br8100,L3,16,100,4593,9543
151676_TGATCTCCGGCGCCAG-1,151676,Br8100,L5,28,50,6004,6090
151676_TGATTCTGTCGCCGGT-1,151676,Br8100,WM,48,44,8397,5659
151676_TGCAACCCATCTGCGG-1,151676,Br8100,L5,60,90,9858,8815
151676_TGCAAGAATGACGTAA-1,151676,Br8100,L6,30,60,6249,6776
151676_TGCAATCTAACACGGT-1,151676,Br8100,L4,62,90,10098,8813
151676_TGCACAGTGAAGTTAT-1,151676,Br8100,L3,12,100,4114,9546
151676_TGCACGAGTCGGCAGC-1,151676,Br8100,L2,6,66,3377,7211
151676_TGCACTATGTGAGTGC-1,151676,Br8100,L1,17,13,4667,3552
151676_TGCAGAACTATATCGT-1,151676,Br8100,L6,42,22,7667,4149
151676_TGCAGATCGTCCTAGG-1,151676,Br8100,L5,42,18,7665,3874
151676_TGCAGCTACGTACTTC-1,151676,Br8100,L5,42,16,7664,3736
151676_TGCAGGATCGGCAAAG-1,151676,Br8100,L5,24,74,5538,7745
151676_TGCATGGATCGGATCT-1,151676,Br8100,L5,19,67,4935,7268
151676_TGCCAATGGGTACTCT-1,151676,Br8100,WM,54,52,9120,6204
151676_TGCCATGGCTTATAAG-1,151676,Br8100,L1,4,96,3153,9278
151676_TGCCCGTACCGTTAAA-1,151676,Br8100,L6,45,75,8054,7795
151676_TGCCGTGGATCGTCCT-1,151676,Br8100,L6,57,63,9485,6958
151676_TGCCTGATCAAACGAT-1,151676,Br8100,L5,20,70,5056,7474
151676_TGCGAATATGGGATTT-1,151676,Br8100,L6,45,13,8022,3527
151676_TGCGAGAATATTACCC-1,151676,Br8100,WM,50,40,8634,5381
151676_TGCGCGATTAACGGAG-1,151676,Br8100,L5,27,41,5880,5471
151676_TGCGGAGTAAAGGTGC-1,151676,Br8100,L5,22,70,5296,7472
151676_TGCGGCATAGTTCAAC-1,151676,Br8100,L3,12,54,4090,6379
151676_TGCGTTTGTTGACACT-1,151676,Br8100,L6,42,76,7695,7867
151676_TGCTCGGTGGGTCACC-1,151676,Br8100,L5,66,72,10568,7570
151676_TGCTGTTGAAGAACTC-1,151676,Br8100,L6,38,66,7210,7182
151676_TGGAACCACTGACACA-1,151676,Br8100,L3,24,102,5552,9673
151676_TGGAAGACGAACACCA-1,151676,Br8100,L3,14,46,4325,5827
151676_TGGAATATCCTTGACC-1,151676,Br8100,L3,23,107,5435,10018
151676_TGGAATTAGACGCTTT-1,151676,Br8100,L3,26,18,5748,3888
151676_TGGACGCAATCCAGCC-1,151676,Br8100,WM,58,20,9582,3997
151676_TGGACTGTTCGCTCAA-1,151676,Br8100,L6,37,73,7094,7665
151676_TGGATAGAGTAACAGA-1,151676,Br8100,L1,10,14,3829,3627
151676_TGGCAAACTAAATTAC-1,151676,Br8100,L6,50,78,8654,7997
151676_TGGGCAATAGTTGGGT-1,151676,Br8100,L3,46,108,8190,10066
151676_TGGGCACAAACAGAAC-1,151676,Br8100,L1,8,46,3606,5832
151676_TGGGCAGGCCACCGCA-1,151676,Br8100,L3,54,116,9153,10610
151676_TGGGTAAGGTTCCCGC-1,151676,Br8100,L3,13,79,4222,8100
151676_TGGTAGAATATATGGG-1,151676,Br8100,L4,48,100,8426,9514
151676_TGGTATCGCATCCCAA-1,151676,Br8100,L3,8,68,3618,7347
151676_TGGTATCGGTCTGTAT-1,151676,Br8100,L2,7,59,3493,6728
151676_TGGTCTGTTGGGCGTA-1,151676,Br8100,L5,37,29,7072,4636
151676_TGGTGATCGTATTTGT-1,151676,Br8100,L3,26,16,5747,3751
151676_TGGTTAAGGGCGCTGG-1,151676,Br8100,L2,26,114,5798,10497
151676_TGGTTCAACGGGTAAT-1,151676,Br8100,L6,50,74,8652,7722
151676_TGGTTCGTAGCAAAGG-1,151676,Br8100,L5,23,55,5408,6438
151676_TGGTTTAAACGTGGGT-1,151676,Br8100,L3,24,112,5557,10361
151676_TGTACCTACACGAGGG-1,151676,Br8100,L5,59,91,9739,8884
151676_TGTACGCTATCAGCTT-1,151676,Br8100,L1,0,84,2668,8455
151676_TGTATCCTTATTCCAT-1,151676,Br8100,L2,10,50,3848,6106
151676_TGTATGGCGCAGACAG-1,151676,Br8100,L5,43,93,7823,9036
151676_TGTATTTACCTAATGC-1,151676,Br8100,L2,10,102,3875,9686
151676_TGTCCCGACATAGCAC-1,151676,Br8100,L3,11,57,3971,6587
151676_TGTCCTAAGTCACCGC-1,151676,Br8100,L5,34,30,6713,4707
151676_TGTCGTTATCACATAT-1,151676,Br8100,WM,61,15,9939,3650
151676_TGTCTACAGTTTCTGT-1,151676,Br8100,L3,11,53,3969,6311
151676_TGTGCCGGTGCCGGAA-1,151676,Br8100,L4,53,97,9023,9303
151676_TGTGTCGCGAGTTGCA-1,151676,Br8100,L4,24,36,5518,5129
151676_TGTTCTTCCATTGACT-1,151676,Br8100,L5,33,43,6600,5603
151676_TGTTGTCAAGAAGTCT-1,151676,Br8100,L5,24,82,5542,8296
151676_TGTTTCGGTACTTCTC-1,151676,Br8100,L4,18,56,4809,6512
151676_TTAACCAACCCTCCCT-1,151676,Br8100,L4,19,55,4929,6442
151676_TTAACGAACAAGCAGT-1,151676,Br8100,L2,22,114,5319,10501
151676_TTAAGATAGGATTGAC-1,151676,Br8100,L4,43,101,7827,9587
151676_TTAAGGATACGGAGGT-1,151676,Br8100,L1,7,39,3483,5351
151676_TTAAGGCCCGTACTTT-1,151676,Br8100,WM,59,25,9705,4341
151676_TTAAGTATTGTTATCC-1,151676,Br8100,L4,64,90,10337,8811
151676_TTAATCAGTACGTCAG-1,151676,Br8100,L4,18,76,4820,7889
151676_TTACATCGTGGCCTGG-1,151676,Br8100,L3,20,36,5039,5133
151676_TTACTCTGGTACGTAC-1,151676,Br8100,L6,43,31,7791,4768
151676_TTACTGGGATATTTCA-1,151676,Br8100,WM,44,54,7923,6351
151676_TTACTGTTTCTCTACG-1,151676,Br8100,L1,2,68,2899,7352
151676_TTAGACACGATCGTTG-1,151676,Br8100,L3,16,86,4585,8579
151676_TTAGATAGGTCGATAC-1,151676,Br8100,L1,13,21,4192,4107
151676_TTAGCTAATACGATCT-1,151676,Br8100,L3,22,98,5310,9399
151676_TTAGCTGATTTGCCGT-1,151676,Br8100,L5,38,94,7225,9110
151676_TTAGTAAACCTGCTCT-1,151676,Br8100,L4,62,94,10100,9088
151676_TTAGTAGGGCGGCGGG-1,151676,Br8100,L5,34,26,6711,4432
151676_TTAGTTCAAGTGTTCG-1,151676,Br8100,L3,22,112,5318,10363
151676_TTATAGATGCACATTA-1,151676,Br8100,L1,5,53,3251,6317
151676_TTATCCGGGATCTATA-1,151676,Br8100,L5,51,87,8779,8616
151676_TTATCCTCAAGGAATA-1,151676,Br8100,WM,52,18,8863,3865
151676_TTATGAATGAAAGGGA-1,151676,Br8100,L6,41,63,7568,6973
151676_TTATTATCTGGAAGGC-1,151676,Br8100,L2,55,121,9275,10953
151676_TTCAACGACCCGACCG-1,151676,Br8100,L4,20,48,5045,5959
151676_TTCAAGCCGAGCTGAG-1,151676,Br8100,L3,13,75,4220,7824
151676_TTCACGAAAGGATCAC-1,151676,Br8100,L6,38,54,7204,6356
151676_TTCACTCGAGCACCTA-1,151676,Br8100,L6,55,69,9248,7373
151676_TTCACTTCCTAGAACG-1,151676,Br8100,WM,67,51,10677,6123
151676_TTCCAATCAGAGCTAG-1,151676,Br8100,L4,23,95,5429,9192
151676_TTCCAATCTGGCTATC-1,151676,Br8100,WM,48,46,8398,5796
151676_TTCCGCGTGAGGCGAT-1,151676,Br8100,L6,46,64,8168,7037
151676_TTCCGGCTCGACTTCT-1,151676,Br8100,L1,12,110,4119,10235
151676_TTCGACAGAGCCCGTG-1,151676,Br8100,L6,52,68,8888,7307
151676_TTCGCACTCGCGTGCT-1,151676,Br8100,L5,25,45,5642,5748
151676_TTCGGCAACCCGCTGA-1,151676,Br8100,L3,16,88,4586,8716
151676_TTCGTAATCCCAGCGG-1,151676,Br8100,L3,12,86,4106,8582
151676_TTCTAACCGAAGCTTA-1,151676,Br8100,L5,34,90,6744,8838
151676_TTCTGCCGCGCCTAGA-1,151676,Br8100,L6,49,69,8530,7379
151676_TTCTGCTAGACTCCAA-1,151676,Br8100,L3,28,106,6033,9945
151676_TTCTTCCCTTTGATAT-1,151676,Br8100,L1,2,70,2900,7490
151676_TTCTTTGGTCGCGACG-1,151676,Br8100,L3,24,104,5553,9811
151676_TTGAAGGATGGGCGCC-1,151676,Br8100,WM,62,12,10057,3443
151676_TTGAATATGGACTTTC-1,151676,Br8100,L6,34,76,6736,7874
151676_TTGAATTCACGTGAGG-1,151676,Br8100,L4,39,97,7346,9315
151676_TTGACGCTCCATGAGC-1,151676,Br8100,L4,41,101,7588,9589
151676_TTGAGGCATTTAACTC-1,151676,Br8100,L3,7,91,3510,8931
151676_TTGATGTGTAGTCCCG-1,151676,Br8100,L5,24,90,5546,8847
151676_TTGCACAATTCAGAAA-1,151676,Br8100,L6,43,57,7805,6558
151676_TTGCACGGAGCAGCAC-1,151676,Br8100,L5,21,59,5170,6715
151676_TTGCCAAGCAGAACCC-1,151676,Br8100,L3,44,114,7954,10481
151676_TTGCGTCGGCCAACCG-1,151676,Br8100,WM,51,41,8755,5449
151676_TTGCTCCCATACCGGA-1,151676,Br8100,L5,22,72,5297,7610
151676_TTGCTGGCCGGGCTTC-1,151676,Br8100,L3,8,78,3623,8035
151676_TTGGATATCGTCTACG-1,151676,Br8100,WM,48,52,8401,6209
151676_TTGGCCTAGAATTTCG-1,151676,Br8100,L3,16,82,4583,8303
151676_TTGGGACGTAAGAGTT-1,151676,Br8100,L3,51,109,8790,10131
151676_TTGTGCAGCCACGTCA-1,151676,Br8100,L5,60,74,9850,7713
151676_TTGTTCAGTGTGCTAC-1,151676,Br8100,L5,24,64,5532,7057
151676_TTGTTTGTGTAAATTC-1,151676,Br8100,L1,7,51,3489,6177
